segment_id,date,rain_last_24h_mm,rain_last_72h_mm,rain_forecast_72h_mm,days_since_monsoon_start,closed,past_closures_14d
SEG_00,2023-06-01,9.3,9.3,14.2,0,0,0.0
SEG_00,2023-06-02,6.2,15.5,10.7,1,0,0.0
SEG_00,2023-06-03,6.3,21.8,7.4,2,0,0.0
SEG_00,2023-06-04,1.6,14.2,21.7,3,0,0.0
SEG_00,2023-06-05,2.7,10.7,30.3,4,0,0.0
SEG_00,2023-06-06,3.0,7.4,33.0,5,0,0.0
SEG_00,2023-06-07,16.0,21.7,22.1,6,0,0.0
SEG_00,2023-06-08,11.3,30.3,11.9,7,0,0.0
SEG_00,2023-06-09,5.7,33.0,14.3,8,0,0.0
SEG_00,2023-06-10,5.1,22.1,10.8,9,0,0.0
SEG_00,2023-06-11,1.1,11.9,14.0,10,0,0.0
SEG_00,2023-06-12,8.0,14.3,12.8,11,0,0.0
SEG_00,2023-06-13,1.6,10.8,16.7,12,0,0.0
SEG_00,2023-06-14,4.3,14.0,20.0,13,0,0.0
SEG_00,2023-06-15,6.8,12.8,29.7,14,0,0.0
SEG_00,2023-06-16,5.5,16.7,32.9,15,0,0.0
SEG_00,2023-06-17,7.7,20.0,27.5,16,0,0.0
SEG_00,2023-06-18,16.5,29.7,13.9,17,0,0.0
SEG_00,2023-06-19,8.7,32.9,7.0,18,0,0.0
SEG_00,2023-06-20,2.2,27.5,10.4,19,0,0.0
SEG_00,2023-06-21,3.0,13.9,10.1,20,0,0.0
SEG_00,2023-06-22,1.8,7.0,20.4,21,0,0.0
SEG_00,2023-06-23,5.6,10.4,17.5,22,0,0.0
SEG_00,2023-06-24,2.7,10.1,23.0,23,0,0.0
SEG_00,2023-06-25,12.1,20.4,15.7,24,0,0.0
SEG_00,2023-06-26,2.8,17.5,19.0,25,0,0.0
SEG_00,2023-06-27,8.2,23.0,18.3,26,0,0.0
SEG_00,2023-06-28,4.8,15.7,16.2,27,0,0.0
SEG_00,2023-06-29,6.0,19.0,14.7,28,0,0.0
SEG_00,2023-06-30,7.6,18.3,15.4,29,0,0.0
SEG_00,2023-07-01,2.6,16.2,20.2,30,0,0.0
SEG_00,2023-07-02,4.5,14.7,20.1,31,0,0.0
SEG_00,2023-07-03,8.3,15.4,14.7,32,0,0.0
SEG_00,2023-07-04,7.4,20.2,32.2,33,0,0.0
SEG_00,2023-07-05,4.4,20.1,39.9,34,0,0.0
SEG_00,2023-07-06,2.8,14.7,49.8,35,0,0.0
SEG_00,2023-07-07,24.9,32.2,30.8,36,0,0.0
SEG_00,2023-07-08,12.1,39.9,22.6,37,0,0.0
SEG_00,2023-07-09,12.8,49.8,14.4,38,0,0.0
SEG_00,2023-07-10,5.9,30.8,10.5,39,0,0.0
SEG_00,2023-07-11,3.8,22.6,25.3,40,0,0.0
SEG_00,2023-07-12,4.6,14.4,26.8,41,0,0.0
SEG_00,2023-07-13,2.0,10.5,40.8,42,0,0.0
SEG_00,2023-07-14,18.7,25.3,26.9,43,0,0.0
SEG_00,2023-07-15,6.1,26.8,30.0,44,0,0.0
SEG_00,2023-07-16,16.0,40.8,21.7,45,0,0.0
SEG_00,2023-07-17,4.8,26.9,18.7,46,0,0.0
SEG_00,2023-07-18,9.2,30.0,29.7,47,0,0.0
SEG_00,2023-07-19,7.7,21.7,27.0,48,0,0.0
SEG_00,2023-07-20,1.8,18.7,27.6,49,0,0.0
SEG_00,2023-07-21,20.2,29.7,18.0,50,0,0.0
SEG_00,2023-07-22,4.9,27.0,19.8,51,0,0.0
SEG_00,2023-07-23,2.4,27.6,25.9,52,0,0.0
SEG_00,2023-07-24,10.6,18.0,22.5,53,0,0.0
SEG_00,2023-07-25,6.7,19.8,16.5,54,1,0.0
SEG_00,2023-07-26,8.6,25.9,11.1,55,0,1.0
SEG_00,2023-07-27,7.2,22.5,7.0,56,0,1.0
SEG_00,2023-07-28,0.7,16.5,19.0,57,0,1.0
SEG_00,2023-07-29,3.2,11.1,22.6,58,0,1.0
SEG_00,2023-07-30,3.1,7.0,29.1,59,0,1.0
SEG_00,2023-07-31,12.7,19.0,21.6,60,0,1.0
SEG_00,2023-08-01,6.9,22.6,24.6,61,0,1.0
SEG_00,2023-08-02,9.6,29.1,21.0,62,0,1.0
SEG_00,2023-08-03,5.1,21.6,21.4,63,0,1.0
SEG_00,2023-08-04,9.9,24.6,19.2,64,0,1.0
SEG_00,2023-08-05,5.9,21.0,20.5,65,0,1.0
SEG_00,2023-08-06,5.6,21.4,45.0,66,0,1.0
SEG_00,2023-08-07,7.7,19.2,40.5,67,0,1.0
SEG_00,2023-08-08,7.2,20.5,34.9,68,0,1.0
SEG_00,2023-08-09,30.1,45.0,13.3,69,0,0.0
SEG_00,2023-08-10,3.2,40.5,13.7,70,0,0.0
SEG_00,2023-08-11,1.6,34.9,12.7,71,0,0.0
SEG_00,2023-08-12,8.5,13.3,6.7,72,0,0.0
SEG_00,2023-08-13,3.6,13.7,29.1,73,0,0.0
SEG_00,2023-08-14,0.6,12.7,31.7,74,0,0.0
SEG_00,2023-08-15,2.6,6.7,30.2,75,0,0.0
SEG_00,2023-08-16,26.0,29.1,29.2,76,0,0.0
SEG_00,2023-08-17,3.1,31.7,28.5,77,0,0.0
SEG_00,2023-08-18,1.1,30.2,63.4,78,0,0.0
SEG_00,2023-08-19,25.0,29.2,43.4,79,0,0.0
SEG_00,2023-08-20,2.5,28.5,61.2,80,0,0.0
SEG_00,2023-08-21,35.9,63.4,30.8,81,1,0.0
SEG_00,2023-08-22,5.0,43.4,35.0,82,1,1.0
SEG_00,2023-08-23,20.3,61.2,20.8,83,1,2.0
SEG_00,2023-08-24,5.5,30.8,20.8,84,0,3.0
SEG_00,2023-08-25,9.2,35.0,19.6,85,0,3.0
SEG_00,2023-08-26,6.0,20.8,23.0,86,0,3.0
SEG_00,2023-08-27,5.5,20.8,25.0,87,0,3.0
SEG_00,2023-08-28,8.0,19.6,24.0,88,0,3.0
SEG_00,2023-08-29,9.5,23.0,18.1,89,0,3.0
SEG_00,2023-08-30,7.5,25.0,16.8,90,0,3.0
SEG_00,2023-08-31,7.0,24.0,28.5,91,0,3.0
SEG_00,2023-09-01,3.6,18.1,28.3,92,0,3.0
SEG_00,2023-09-02,6.2,16.8,30.3,93,0,3.0
SEG_00,2023-09-03,18.6,28.5,26.6,94,0,3.0
SEG_00,2023-09-04,3.5,28.3,32.7,95,0,3.0
SEG_00,2023-09-05,8.2,30.3,37.3,96,0,2.0
SEG_00,2023-09-06,15.0,26.6,24.7,97,0,1.0
SEG_00,2023-09-07,9.5,32.7,23.4,98,0,0.0
SEG_00,2023-09-08,12.8,37.3,15.9,99,0,0.0
SEG_00,2023-09-09,2.4,24.7,18.9,100,0,0.0
SEG_00,2023-09-10,8.2,23.4,28.4,101,0,0.0
SEG_00,2023-09-11,5.3,15.9,28.6,102,0,0.0
SEG_00,2023-09-12,5.5,18.9,31.5,103,0,0.0
SEG_00,2023-09-13,17.6,28.4,15.0,104,0,0.0
SEG_00,2023-09-14,5.5,28.6,29.7,105,0,0.0
SEG_00,2023-09-15,8.4,31.5,33.6,106,0,0.0
SEG_00,2023-09-16,1.1,15.0,38.9,107,0,0.0
SEG_00,2023-09-17,20.3,29.7,23.8,108,0,0.0
SEG_00,2023-09-18,12.3,33.6,21.7,109,0,0.0
SEG_00,2023-09-19,6.4,38.9,30.2,110,0,0.0
SEG_00,2023-09-20,5.1,23.8,45.5,111,0,0.0
SEG_00,2023-09-21,10.2,21.7,47.3,112,0,0.0
SEG_00,2023-09-22,14.9,30.2,39.5,113,0,0.0
SEG_00,2023-09-23,20.5,45.5,32.3,114,0,0.0
SEG_00,2023-09-24,12.0,47.3,32.0,115,0,0.0
SEG_00,2023-09-25,7.1,39.5,32.0,116,0,0.0
SEG_00,2023-09-26,13.3,32.3,30.1,117,0,0.0
SEG_00,2023-09-27,11.6,32.0,29.7,118,0,0.0
SEG_00,2023-09-28,7.1,32.0,32.0,119,0,0.0
SEG_00,2023-09-29,11.4,30.1,30.1,120,0,0.0
SEG_00,2023-09-30,11.3,29.7,29.7,121,0,0.0
SEG_00,2024-06-01,10.0,10.0,36.8,0,0,0.0
SEG_00,2024-06-02,17.2,27.2,50.2,1,0,0.0
SEG_00,2024-06-03,16.0,43.1,42.4,2,1,0.0
SEG_00,2024-06-04,3.6,36.8,66.6,3,1,1.0
SEG_00,2024-06-05,30.6,50.2,42.6,4,1,2.0
SEG_00,2024-06-06,8.1,42.4,45.2,5,1,3.0
SEG_00,2024-06-07,27.9,66.6,20.2,6,0,4.0
SEG_00,2024-06-08,6.5,42.6,54.1,7,0,4.0
SEG_00,2024-06-09,10.8,45.2,52.3,8,0,4.0
SEG_00,2024-06-10,2.9,20.2,72.8,9,0,4.0
SEG_00,2024-06-11,40.4,54.1,42.8,10,0,4.0
SEG_00,2024-06-12,9.0,52.3,64.5,11,0,4.0
SEG_00,2024-06-13,23.4,72.8,52.0,12,0,4.0
SEG_00,2024-06-14,10.4,42.8,72.1,13,0,4.0
SEG_00,2024-06-15,30.8,64.5,45.4,14,0,4.0
SEG_00,2024-06-16,10.9,52.0,41.0,15,0,4.0
SEG_00,2024-06-17,30.4,72.1,17.1,16,0,4.0
SEG_00,2024-06-18,4.1,45.4,21.3,17,0,3.0
SEG_00,2024-06-19,6.5,41.0,20.8,18,0,2.0
SEG_00,2024-06-20,6.6,17.1,21.6,19,0,1.0
SEG_00,2024-06-21,8.2,21.3,21.8,20,0,0.0
SEG_00,2024-06-22,6.0,20.8,18.1,21,0,0.0
SEG_00,2024-06-23,7.4,21.6,18.3,22,0,0.0
SEG_00,2024-06-24,8.4,21.8,20.0,23,0,0.0
SEG_00,2024-06-25,2.4,18.1,35.7,24,0,0.0
SEG_00,2024-06-26,7.5,18.3,51.7,25,0,0.0
SEG_00,2024-06-27,10.1,20.0,60.9,26,0,0.0
SEG_00,2024-06-28,18.0,35.7,57.3,27,1,0.0
SEG_00,2024-06-29,23.5,51.7,45.4,28,1,1.0
SEG_00,2024-06-30,19.3,60.9,39.5,29,1,2.0
SEG_00,2024-07-01,14.5,57.3,32.2,30,0,3.0
SEG_00,2024-07-02,11.6,45.4,32.9,31,0,3.0
SEG_00,2024-07-03,13.5,39.5,29.6,32,0,3.0
SEG_00,2024-07-04,7.1,32.2,68.7,33,0,3.0
SEG_00,2024-07-05,12.4,32.9,70.0,34,0,3.0
SEG_00,2024-07-06,10.1,29.6,61.2,35,0,3.0
SEG_00,2024-07-07,46.2,68.7,23.1,36,0,3.0
SEG_00,2024-07-08,13.7,70.0,18.6,37,0,3.0
SEG_00,2024-07-09,1.3,61.2,38.5,38,0,3.0
SEG_00,2024-07-10,8.1,23.1,45.4,39,0,3.0
SEG_00,2024-07-11,9.2,18.6,50.6,40,0,3.0
SEG_00,2024-07-12,21.2,38.5,57.4,41,0,3.0
SEG_00,2024-07-13,15.0,45.4,77.0,42,0,2.0
SEG_00,2024-07-14,14.5,50.6,81.4,43,0,1.0
SEG_00,2024-07-15,27.9,57.4,62.1,44,0,0.0
SEG_00,2024-07-16,34.6,77.0,36.2,45,0,0.0
SEG_00,2024-07-17,18.9,81.4,42.9,46,0,0.0
SEG_00,2024-07-18,8.6,62.1,43.1,47,0,0.0
SEG_00,2024-07-19,8.8,36.2,45.3,48,0,0.0
SEG_00,2024-07-20,25.6,42.9,27.7,49,0,0.0
SEG_00,2024-07-21,8.8,43.1,23.5,50,1,0.0
SEG_00,2024-07-22,11.0,45.3,56.3,51,0,1.0
SEG_00,2024-07-23,7.9,27.7,59.5,52,0,1.0
SEG_00,2024-07-24,4.5,23.5,85.6,53,0,1.0
SEG_00,2024-07-25,43.9,56.3,50.5,54,0,1.0
SEG_00,2024-07-26,11.1,59.5,46.3,55,0,1.0
SEG_00,2024-07-27,30.6,85.6,33.5,56,0,1.0
SEG_00,2024-07-28,8.8,50.5,48.1,57,0,1.0
SEG_00,2024-07-29,6.8,46.3,65.8,58,0,1.0
SEG_00,2024-07-30,17.8,33.5,58.0,59,0,1.0
SEG_00,2024-07-31,23.5,48.1,53.6,60,0,1.0
SEG_00,2024-08-01,24.5,65.8,36.6,61,0,1.0
SEG_00,2024-08-02,10.0,58.0,38.8,62,0,1.0
SEG_00,2024-08-03,19.1,53.6,29.0,63,0,1.0
SEG_00,2024-08-04,7.5,36.6,29.7,64,0,1.0
SEG_00,2024-08-05,12.3,38.8,30.1,65,0,0.0
SEG_00,2024-08-06,9.3,29.0,25.3,66,0,0.0
SEG_00,2024-08-07,8.2,29.7,39.2,67,0,0.0
SEG_00,2024-08-08,12.6,30.1,34.8,68,0,0.0
SEG_00,2024-08-09,4.4,25.3,51.8,69,0,0.0
SEG_00,2024-08-10,22.2,39.2,35.0,70,0,0.0
SEG_00,2024-08-11,8.2,34.8,35.0,71,0,0.0
SEG_00,2024-08-12,21.5,51.8,17.9,72,0,0.0
SEG_00,2024-08-13,5.3,35.0,16.9,73,0,0.0
SEG_00,2024-08-14,8.2,35.0,14.6,74,0,0.0
SEG_00,2024-08-15,4.4,17.9,15.6,75,0,0.0
SEG_00,2024-08-16,4.2,16.9,15.8,76,0,0.0
SEG_00,2024-08-17,6.0,14.6,21.5,77,0,0.0
SEG_00,2024-08-18,5.4,15.6,33.6,78,0,0.0
SEG_00,2024-08-19,4.4,15.8,47.4,79,0,0.0
SEG_00,2024-08-20,11.6,21.5,37.9,80,0,0.0
SEG_00,2024-08-21,17.6,33.6,29.6,81,0,0.0
SEG_00,2024-08-22,18.2,47.4,19.9,82,0,0.0
SEG_00,2024-08-23,2.2,37.9,46.0,83,0,0.0
SEG_00,2024-08-24,9.2,29.6,46.3,84,0,0.0
SEG_00,2024-08-25,8.5,19.9,48.7,85,0,0.0
SEG_00,2024-08-26,28.2,46.0,23.5,86,1,0.0
SEG_00,2024-08-27,9.5,46.3,19.8,87,1,1.0
SEG_00,2024-08-28,10.9,48.7,11.8,88,0,2.0
SEG_00,2024-08-29,3.1,23.5,20.9,89,0,2.0
SEG_00,2024-08-30,5.8,19.8,44.0,90,0,2.0
SEG_00,2024-08-31,2.9,11.8,47.0,91,0,2.0
SEG_00,2024-09-01,12.2,20.9,44.4,92,0,2.0
SEG_00,2024-09-02,28.9,44.0,21.0,93,0,2.0
SEG_00,2024-09-03,6.0,47.0,22.0,94,1,2.0
SEG_00,2024-09-04,9.6,44.4,24.8,95,0,3.0
SEG_00,2024-09-05,5.4,21.0,57.4,96,0,3.0
SEG_00,2024-09-06,7.0,22.0,78.4,97,0,3.0
SEG_00,2024-09-07,12.4,24.8,99.4,98,0,3.0
SEG_00,2024-09-08,38.1,57.4,82.9,99,0,3.0
SEG_00,2024-09-09,27.9,78.4,64.5,100,0,3.0
SEG_00,2024-09-10,33.5,99.4,39.6,101,0,2.0
SEG_00,2024-09-11,21.6,82.9,24.0,102,0,1.0
SEG_00,2024-09-12,9.5,64.5,23.9,103,0,1.0
SEG_00,2024-09-13,8.5,39.6,44.5,104,0,1.0
SEG_00,2024-09-14,6.0,24.0,67.4,105,0,1.0
SEG_00,2024-09-15,9.4,23.9,105.4,106,0,1.0
SEG_00,2024-09-16,29.1,44.5,89.4,107,0,1.0
SEG_00,2024-09-17,28.9,67.4,64.3,108,0,1.0
SEG_00,2024-09-18,47.4,105.4,33.6,109,1,0.0
SEG_00,2024-09-19,13.1,89.4,58.9,110,1,1.0
SEG_00,2024-09-20,3.8,64.3,86.8,111,1,2.0
SEG_00,2024-09-21,16.8,33.6,77.7,112,0,3.0
SEG_00,2024-09-22,38.3,58.9,43.6,113,0,3.0
SEG_00,2024-09-23,31.7,86.8,15.9,114,0,3.0
SEG_00,2024-09-24,7.7,77.7,14.6,115,0,3.0
SEG_00,2024-09-25,4.2,43.6,17.6,116,0,3.0
SEG_00,2024-09-26,4.0,15.9,22.5,117,0,3.0
SEG_00,2024-09-27,6.4,14.6,34.5,118,0,3.0
SEG_00,2024-09-28,7.2,17.6,17.6,119,0,3.0
SEG_00,2024-09-29,8.9,22.5,22.5,120,0,3.0
SEG_00,2024-09-30,18.3,34.5,34.5,121,0,3.0
SEG_00,2025-06-01,10.2,10.2,72.0,0,0,3.0
SEG_00,2025-06-02,43.5,53.7,46.3,1,0,3.0
SEG_00,2025-06-03,8.9,62.6,56.3,2,0,2.0
SEG_00,2025-06-04,19.6,72.0,75.4,3,0,1.0
SEG_00,2025-06-05,17.7,46.3,72.4,4,0,0.0
SEG_00,2025-06-06,19.0,56.3,70.4,5,0,0.0
SEG_00,2025-06-07,38.7,75.4,49.3,6,0,0.0
SEG_00,2025-06-08,14.8,72.4,89.5,7,0,0.0
SEG_00,2025-06-09,17.0,70.4,104.3,8,0,0.0
SEG_00,2025-06-10,17.6,49.3,90.2,9,0,0.0
SEG_00,2025-06-11,55.0,89.5,44.4,10,0,0.0
SEG_00,2025-06-12,31.8,104.3,28.2,11,0,0.0
SEG_00,2025-06-13,3.4,90.2,62.9,12,0,0.0
SEG_00,2025-06-14,9.2,44.4,94.3,13,0,0.0
SEG_00,2025-06-15,15.6,28.2,92.9,14,0,0.0
SEG_00,2025-06-16,38.1,62.9,63.7,15,0,0.0
SEG_00,2025-06-17,40.6,94.3,35.7,16,0,0.0
SEG_00,2025-06-18,14.1,92.9,37.6,17,0,0.0
SEG_00,2025-06-19,8.9,63.7,40.6,18,0,0.0
SEG_00,2025-06-20,12.6,35.7,62.0,19,0,0.0
SEG_00,2025-06-21,16.0,37.6,57.0,20,0,0.0
SEG_00,2025-06-22,12.0,40.6,52.1,21,0,0.0
SEG_00,2025-06-23,34.0,62.0,30.5,22,0,0.0
SEG_00,2025-06-24,11.0,57.0,37.9,23,0,0.0
SEG_00,2025-06-25,7.0,52.1,65.3,24,0,0.0
SEG_00,2025-06-26,12.4,30.5,59.4,25,0,0.0
SEG_00,2025-06-27,18.4,37.9,59.5,26,0,0.0
SEG_00,2025-06-28,34.5,65.3,44.0,27,0,0.0
SEG_00,2025-06-29,6.6,59.4,59.0,28,0,0.0
SEG_00,2025-06-30,18.5,59.5,51.5,29,0,0.0
SEG_00,2025-07-01,18.9,44.0,53.9,30,0,0.0
SEG_00,2025-07-02,21.5,59.0,57.5,31,0,0.0
SEG_00,2025-07-03,11.0,51.5,57.4,32,0,0.0
SEG_00,2025-07-04,21.3,53.9,53.0,33,0,0.0
SEG_00,2025-07-05,25.1,57.5,40.9,34,0,0.0
SEG_00,2025-07-06,10.9,57.4,37.8,35,0,0.0
SEG_00,2025-07-07,16.9,53.0,25.5,36,0,0.0
SEG_00,2025-07-08,13.0,40.9,21.4,37,0,0.0
SEG_00,2025-07-09,7.9,37.8,22.9,38,0,0.0
SEG_00,2025-07-10,4.6,25.5,22.8,39,0,0.0
SEG_00,2025-07-11,8.9,21.4,34.2,40,0,0.0
SEG_00,2025-07-12,9.4,22.9,51.2,41,0,0.0
SEG_00,2025-07-13,4.5,22.8,59.4,42,0,0.0
SEG_00,2025-07-14,20.3,34.2,53.4,43,0,0.0
SEG_00,2025-07-15,26.4,51.2,36.9,44,0,0.0
SEG_00,2025-07-16,12.7,59.4,37.8,45,0,0.0
SEG_00,2025-07-17,14.2,53.4,45.0,46,0,0.0
SEG_00,2025-07-18,10.0,36.9,53.6,47,0,0.0
SEG_00,2025-07-19,13.6,37.8,53.5,48,0,0.0
SEG_00,2025-07-20,21.4,45.0,41.5,49,0,0.0
SEG_00,2025-07-21,18.5,53.6,47.9,50,0,0.0
SEG_00,2025-07-22,13.6,53.5,44.6,51,0,0.0
SEG_00,2025-07-23,9.4,41.5,40.0,52,0,0.0
SEG_00,2025-07-24,24.9,47.9,31.3,53,0,0.0
SEG_00,2025-07-25,10.2,44.6,23.9,54,0,0.0
SEG_00,2025-07-26,4.9,40.0,37.0,55,0,0.0
SEG_00,2025-07-27,16.2,31.3,39.7,56,0,0.0
SEG_00,2025-07-28,2.8,23.9,45.8,57,0,0.0
SEG_00,2025-07-29,18.0,37.0,37.7,58,0,0.0
SEG_00,2025-07-30,19.0,39.7,46.1,59,0,0.0
SEG_00,2025-07-31,8.8,45.8,88.8,60,0,0.0
SEG_00,2025-08-01,9.9,37.7,93.8,61,0,0.0
SEG_00,2025-08-02,27.4,46.1,75.4,62,0,0.0
SEG_00,2025-08-03,51.5,88.8,42.9,63,0,0.0
SEG_00,2025-08-04,14.8,93.8,41.2,64,0,0.0
SEG_00,2025-08-05,9.0,75.4,50.4,65,0,0.0
SEG_00,2025-08-06,19.1,42.9,47.6,66,0,0.0
SEG_00,2025-08-07,13.2,41.2,51.0,67,0,0.0
SEG_00,2025-08-08,18.2,50.4,34.7,68,0,0.0
SEG_00,2025-08-09,16.2,47.6,28.3,69,0,0.0
SEG_00,2025-08-10,16.5,51.0,20.9,70,0,0.0
SEG_00,2025-08-11,1.9,34.7,28.0,71,0,0.0
SEG_00,2025-08-12,9.9,28.3,40.7,72,0,0.0
SEG_00,2025-08-13,9.1,20.9,36.8,73,0,0.0
SEG_00,2025-08-14,9.0,28.0,29.7,74,0,0.0
SEG_00,2025-08-15,22.5,40.7,16.0,75,0,0.0
SEG_00,2025-08-16,5.3,36.8,18.2,76,0,0.0
SEG_00,2025-08-17,1.9,29.7,31.2,77,0,0.0
SEG_00,2025-08-18,8.8,16.0,29.7,78,0,0.0
SEG_00,2025-08-19,7.4,18.2,34.0,79,1,0.0
SEG_00,2025-08-20,14.9,31.2,29.5,80,0,1.0
SEG_00,2025-08-21,7.4,29.7,55.5,81,0,1.0
SEG_00,2025-08-22,11.7,34.0,51.3,82,0,1.0
SEG_00,2025-08-23,10.4,29.5,62.4,83,0,1.0
SEG_00,2025-08-24,33.3,55.5,42.6,84,0,1.0
SEG_00,2025-08-25,7.5,51.3,62.9,85,0,1.0
SEG_00,2025-08-26,21.6,62.4,81.5,86,1,1.0
SEG_00,2025-08-27,13.5,42.6,81.3,87,0,2.0
SEG_00,2025-08-28,27.8,62.9,56.4,88,0,2.0
SEG_00,2025-08-29,40.2,81.5,21.6,89,0,2.0
SEG_00,2025-08-30,13.3,81.3,12.4,90,0,2.0
SEG_00,2025-08-31,2.9,56.4,19.4,91,0,2.0
SEG_00,2025-09-01,5.3,21.6,22.8,92,0,2.0
SEG_00,2025-09-02,4.2,12.4,35.4,93,0,2.0
SEG_00,2025-09-03,9.9,19.4,51.8,94,0,1.0
SEG_00,2025-09-04,8.7,22.8,45.7,95,0,1.0
SEG_00,2025-09-05,16.8,35.4,43.2,96,0,1.0
SEG_00,2025-09-06,26.3,51.8,24.6,97,0,1.0
SEG_00,2025-09-07,2.6,45.7,36.7,98,0,1.0
SEG_00,2025-09-08,14.3,43.2,32.3,99,0,1.0
SEG_00,2025-09-09,7.7,24.6,47.9,100,0,1.0
SEG_00,2025-09-10,14.7,36.7,39.0,101,0,0.0
SEG_00,2025-09-11,9.9,32.3,37.1,102,0,0.0
SEG_00,2025-09-12,23.3,47.9,26.4,103,0,0.0
SEG_00,2025-09-13,5.7,39.0,31.6,104,0,0.0
SEG_00,2025-09-14,8.1,37.1,36.0,105,0,0.0
SEG_00,2025-09-15,12.6,26.4,26.7,106,0,0.0
SEG_00,2025-09-16,10.8,31.6,52.1,107,0,0.0
SEG_00,2025-09-17,12.6,36.0,48.8,108,0,0.0
SEG_00,2025-09-18,3.3,26.7,51.6,109,1,0.0
SEG_00,2025-09-19,36.2,52.1,28.2,110,1,1.0
SEG_00,2025-09-20,9.3,48.8,33.3,111,1,2.0
SEG_00,2025-09-21,6.0,51.6,74.2,112,0,3.0
SEG_00,2025-09-22,12.9,28.2,90.6,113,0,3.0
SEG_00,2025-09-23,14.4,33.3,86.8,114,0,3.0
SEG_00,2025-09-24,46.9,74.2,81.4,115,0,3.0
SEG_00,2025-09-25,29.2,90.6,88.4,116,0,3.0
SEG_00,2025-09-26,10.6,86.8,83.9,117,0,3.0
SEG_00,2025-09-27,41.5,81.4,96.5,118,0,3.0
SEG_00,2025-09-28,36.3,88.4,88.4,119,0,3.0
SEG_00,2025-09-29,6.1,83.9,83.9,120,0,3.0
SEG_00,2025-09-30,54.1,96.5,96.5,121,0,3.0
SEG_01,2023-06-01,28.6,28.6,88.8,0,0,0.0
SEG_01,2023-06-02,29.5,58.1,73.9,1,0,0.0
SEG_01,2023-06-03,12.4,70.6,90.3,2,0,0.0
SEG_01,2023-06-04,46.9,88.8,61.0,3,0,0.0
SEG_01,2023-06-05,14.6,73.9,63.9,4,0,0.0
SEG_01,2023-06-06,28.8,90.3,37.9,5,0,0.0
SEG_01,2023-06-07,17.7,61.0,25.2,6,1,0.0
SEG_01,2023-06-08,17.4,63.9,18.7,7,1,1.0
SEG_01,2023-06-09,2.8,37.9,45.2,8,1,2.0
SEG_01,2023-06-10,5.0,25.2,58.1,9,0,3.0
SEG_01,2023-06-11,10.9,18.7,58.2,10,0,3.0
SEG_01,2023-06-12,29.3,45.2,50.4,11,0,3.0
SEG_01,2023-06-13,17.9,58.1,61.1,12,0,3.0
SEG_01,2023-06-14,11.0,58.2,64.0,13,1,3.0
SEG_01,2023-06-15,21.5,50.4,58.8,14,0,4.0
SEG_01,2023-06-16,28.6,61.1,45.0,15,0,4.0
SEG_01,2023-06-17,13.9,64.0,44.3,16,1,4.0
SEG_01,2023-06-18,16.3,58.8,35.0,17,1,5.0
SEG_01,2023-06-19,14.8,45.0,26.8,18,1,6.0
SEG_01,2023-06-20,13.2,44.3,35.0,19,0,7.0
SEG_01,2023-06-21,7.0,35.0,56.9,20,1,7.0
SEG_01,2023-06-22,6.6,26.8,61.4,21,1,7.0
SEG_01,2023-06-23,21.4,35.0,50.7,22,1,7.0
SEG_01,2023-06-24,29.0,56.9,23.7,23,1,7.0
SEG_01,2023-06-25,11.0,61.4,14.4,24,0,8.0
SEG_01,2023-06-26,10.8,50.7,37.7,25,0,8.0
SEG_01,2023-06-27,2.0,23.7,43.1,26,0,8.0
SEG_01,2023-06-28,1.6,14.4,100.8,27,0,8.0
SEG_01,2023-06-29,34.1,37.7,75.3,28,0,7.0
SEG_01,2023-06-30,7.4,43.1,70.8,29,0,7.0
SEG_01,2023-07-01,59.2,100.8,26.5,30,0,7.0
SEG_01,2023-07-02,8.6,75.3,41.9,31,0,6.0
SEG_01,2023-07-03,2.9,70.8,61.2,32,0,5.0
SEG_01,2023-07-04,14.9,26.5,72.1,33,0,4.0
SEG_01,2023-07-05,24.1,41.9,53.9,34,0,4.0
SEG_01,2023-07-06,22.2,61.2,65.2,35,0,3.0
SEG_01,2023-07-07,25.8,72.1,74.3,36,1,2.0
SEG_01,2023-07-08,5.8,53.9,104.4,37,1,2.0
SEG_01,2023-07-09,33.6,65.2,87.6,38,1,2.0
SEG_01,2023-07-10,34.9,74.3,63.0,39,1,3.0
SEG_01,2023-07-11,35.9,104.4,36.6,40,1,4.0
SEG_01,2023-07-12,16.7,87.6,22.7,41,1,5.0
SEG_01,2023-07-13,10.3,63.0,21.3,42,1,6.0
SEG_01,2023-07-14,9.5,36.6,12.5,43,0,7.0
SEG_01,2023-07-15,2.9,22.7,12.1,44,0,7.0
SEG_01,2023-07-16,8.8,21.3,19.9,45,0,7.0
SEG_01,2023-07-17,0.8,12.5,30.4,46,0,7.0
SEG_01,2023-07-18,2.5,12.1,44.0,47,0,7.0
SEG_01,2023-07-19,16.6,19.9,50.2,48,0,7.0
SEG_01,2023-07-20,11.3,30.4,57.2,49,1,7.0
SEG_01,2023-07-21,16.1,44.0,58.4,50,1,8.0
SEG_01,2023-07-22,22.8,50.2,48.4,51,1,8.0
SEG_01,2023-07-23,18.3,57.2,37.3,52,1,8.0
SEG_01,2023-07-24,17.2,58.4,24.4,53,0,8.0
SEG_01,2023-07-25,12.9,48.4,20.5,54,0,7.0
SEG_01,2023-07-26,7.2,37.3,26.4,55,0,6.0
SEG_01,2023-07-27,4.3,24.4,36.4,56,0,5.0
SEG_01,2023-07-28,9.0,20.5,53.2,57,0,4.0
SEG_01,2023-07-29,13.1,26.4,52.4,58,0,4.0
SEG_01,2023-07-30,14.4,36.4,58.5,59,0,4.0
SEG_01,2023-07-31,25.8,53.2,36.1,60,0,4.0
SEG_01,2023-08-01,12.2,52.4,40.7,61,0,4.0
SEG_01,2023-08-02,20.5,58.5,36.1,62,0,4.0
SEG_01,2023-08-03,3.4,36.1,66.3,63,0,4.0
SEG_01,2023-08-04,16.8,40.7,60.8,64,0,3.0
SEG_01,2023-08-05,15.9,36.1,55.7,65,0,2.0
SEG_01,2023-08-06,33.6,66.3,45.1,66,1,1.0
SEG_01,2023-08-07,11.3,60.8,38.5,67,1,1.0
SEG_01,2023-08-08,10.9,55.7,44.1,68,1,2.0
SEG_01,2023-08-09,22.9,45.1,25.6,69,1,3.0
SEG_01,2023-08-10,4.7,38.5,64.8,70,0,4.0
SEG_01,2023-08-11,16.5,44.1,58.0,71,0,4.0
SEG_01,2023-08-12,4.4,25.6,57.7,72,0,4.0
SEG_01,2023-08-13,43.9,64.8,22.8,73,0,4.0
SEG_01,2023-08-14,9.7,58.0,29.6,74,0,4.0
SEG_01,2023-08-15,4.1,57.7,45.6,75,0,4.0
SEG_01,2023-08-16,8.9,22.8,69.0,76,0,4.0
SEG_01,2023-08-17,16.5,29.6,60.5,77,0,4.0
SEG_01,2023-08-18,20.1,45.6,64.1,78,0,4.0
SEG_01,2023-08-19,32.4,69.0,34.2,79,0,4.0
SEG_01,2023-08-20,8.1,60.5,31.6,80,0,4.0
SEG_01,2023-08-21,23.7,64.1,11.4,81,1,3.0
SEG_01,2023-08-22,2.5,34.2,15.8,82,1,3.0
SEG_01,2023-08-23,5.4,31.6,33.3,83,0,3.0
SEG_01,2023-08-24,3.5,11.4,38.0,84,0,2.0
SEG_01,2023-08-25,6.8,15.8,40.8,85,0,2.0
SEG_01,2023-08-26,22.9,33.3,34.7,86,0,2.0
SEG_01,2023-08-27,8.2,38.0,46.0,87,0,2.0
SEG_01,2023-08-28,9.6,40.8,46.2,88,0,2.0
SEG_01,2023-08-29,16.9,34.7,34.7,89,0,2.0
SEG_01,2023-08-30,19.5,46.0,54.4,90,1,2.0
SEG_01,2023-08-31,9.9,46.2,54.5,91,1,3.0
SEG_01,2023-09-01,5.4,34.7,59.8,92,1,4.0
SEG_01,2023-09-02,39.2,54.4,32.5,93,1,5.0
SEG_01,2023-09-03,9.9,54.5,43.6,94,0,6.0
SEG_01,2023-09-04,10.7,59.8,36.0,95,0,6.0
SEG_01,2023-09-05,11.9,32.5,73.6,96,0,5.0
SEG_01,2023-09-06,21.0,43.6,63.1,97,0,4.0
SEG_01,2023-09-07,3.2,36.0,81.4,98,0,4.0
SEG_01,2023-09-08,49.4,73.6,36.2,99,0,4.0
SEG_01,2023-09-09,10.5,63.1,41.3,100,0,4.0
SEG_01,2023-09-10,21.5,81.4,64.3,101,0,4.0
SEG_01,2023-09-11,4.2,36.2,100.5,102,0,4.0
SEG_01,2023-09-12,15.6,41.3,106.0,103,0,4.0
SEG_01,2023-09-13,44.5,64.3,67.9,104,0,4.0
SEG_01,2023-09-14,40.4,100.5,58.8,105,0,3.0
SEG_01,2023-09-15,21.1,106.0,40.1,106,0,2.0
SEG_01,2023-09-16,6.4,67.9,39.9,107,0,1.0
SEG_01,2023-09-17,31.2,58.8,21.6,108,1,0.0
SEG_01,2023-09-18,2.5,40.1,21.9,109,0,1.0
SEG_01,2023-09-19,6.2,39.9,24.6,110,0,1.0
SEG_01,2023-09-20,12.9,21.6,35.7,111,0,1.0
SEG_01,2023-09-21,2.7,21.9,40.4,112,0,1.0
SEG_01,2023-09-22,8.9,24.6,56.3,113,0,1.0
SEG_01,2023-09-23,24.0,35.7,90.4,114,0,1.0
SEG_01,2023-09-24,7.5,40.4,101.3,115,0,1.0
SEG_01,2023-09-25,24.8,56.3,101.0,116,0,1.0
SEG_01,2023-09-26,58.2,90.4,74.8,117,0,1.0
SEG_01,2023-09-27,18.4,101.3,66.1,118,0,1.0
SEG_01,2023-09-28,24.5,101.0,101.0,119,0,1.0
SEG_01,2023-09-29,32.0,74.8,74.8,120,0,1.0
SEG_01,2023-09-30,9.6,66.1,66.1,121,0,1.0
SEG_01,2024-06-01,27.4,27.4,42.5,0,0,1.0
SEG_01,2024-06-02,9.4,36.8,46.4,1,0,0.0
SEG_01,2024-06-03,12.0,48.8,118.5,2,0,0.0
SEG_01,2024-06-04,21.1,42.5,109.2,3,0,0.0
SEG_01,2024-06-05,13.3,46.4,121.6,4,0,0.0
SEG_01,2024-06-06,84.1,118.5,71.4,5,0,0.0
SEG_01,2024-06-07,11.8,109.2,95.0,6,1,0.0
SEG_01,2024-06-08,25.6,121.6,82.5,7,1,1.0
SEG_01,2024-06-09,34.0,71.4,76.9,8,0,2.0
SEG_01,2024-06-10,35.4,95.0,67.3,9,1,2.0
SEG_01,2024-06-11,13.1,82.5,83.4,10,1,3.0
SEG_01,2024-06-12,28.3,76.9,76.0,11,0,4.0
SEG_01,2024-06-13,25.9,67.3,84.2,12,0,4.0
SEG_01,2024-06-14,29.2,83.4,77.7,13,0,4.0
SEG_01,2024-06-15,20.9,76.0,62.7,14,1,4.0
SEG_01,2024-06-16,34.1,84.2,50.8,15,1,5.0
SEG_01,2024-06-17,22.7,77.7,52.2,16,0,6.0
SEG_01,2024-06-18,5.8,62.7,78.9,17,0,6.0
SEG_01,2024-06-19,22.2,50.8,78.0,18,1,6.0
SEG_01,2024-06-20,24.2,52.2,112.7,19,1,7.0
SEG_01,2024-06-21,32.5,78.9,97.9,20,1,8.0
SEG_01,2024-06-22,21.4,78.0,89.1,21,0,8.0
SEG_01,2024-06-23,58.8,112.7,77.3,22,1,7.0
SEG_01,2024-06-24,17.7,97.9,77.0,23,1,8.0
SEG_01,2024-06-25,12.6,89.1,84.3,24,1,8.0
SEG_01,2024-06-26,47.1,77.3,61.4,25,0,8.0
SEG_01,2024-06-27,17.3,77.0,66.8,26,0,8.0
SEG_01,2024-06-28,19.9,84.3,76.0,27,0,8.0
SEG_01,2024-06-29,24.2,61.4,83.0,28,0,8.0
SEG_01,2024-06-30,22.7,66.8,71.9,29,0,7.0
SEG_01,2024-07-01,29.0,76.0,49.9,30,0,6.0
SEG_01,2024-07-02,31.2,83.0,26.7,31,0,6.0
SEG_01,2024-07-03,11.6,71.9,58.7,32,0,6.0
SEG_01,2024-07-04,7.1,49.9,67.8,33,0,5.0
SEG_01,2024-07-05,7.9,26.7,93.7,34,0,4.0
SEG_01,2024-07-06,43.7,58.7,81.7,35,0,3.0
SEG_01,2024-07-07,16.2,67.8,85.4,36,0,3.0
SEG_01,2024-07-08,33.8,93.7,60.9,37,0,2.0
SEG_01,2024-07-09,31.8,81.7,61.5,38,0,1.0
SEG_01,2024-07-10,19.9,85.4,61.0,39,0,0.0
SEG_01,2024-07-11,9.3,60.9,58.4,40,0,0.0
SEG_01,2024-07-12,32.3,61.5,39.5,41,0,0.0
SEG_01,2024-07-13,19.4,61.0,24.5,42,0,0.0
SEG_01,2024-07-14,6.7,58.4,31.7,43,0,0.0
SEG_01,2024-07-15,13.4,39.5,39.0,44,0,0.0
SEG_01,2024-07-16,4.4,24.5,52.5,45,0,0.0
SEG_01,2024-07-17,13.9,31.7,54.8,46,0,0.0
SEG_01,2024-07-18,20.7,39.0,54.7,47,0,0.0
SEG_01,2024-07-19,17.9,52.5,64.6,48,0,0.0
SEG_01,2024-07-20,16.3,54.8,84.0,49,0,0.0
SEG_01,2024-07-21,20.5,54.7,102.4,50,0,0.0
SEG_01,2024-07-22,27.8,64.6,85.1,51,0,0.0
SEG_01,2024-07-23,35.6,84.0,91.1,52,0,0.0
SEG_01,2024-07-24,38.9,102.4,71.5,53,0,0.0
SEG_01,2024-07-25,10.6,85.1,75.9,54,0,0.0
SEG_01,2024-07-26,41.6,91.1,42.5,55,0,0.0
SEG_01,2024-07-27,19.4,71.5,49.5,56,0,0.0
SEG_01,2024-07-28,14.9,75.9,60.4,57,0,0.0
SEG_01,2024-07-29,8.2,42.5,64.6,58,0,0.0
SEG_01,2024-07-30,26.5,49.5,50.9,59,0,0.0
SEG_01,2024-07-31,25.8,60.4,42.5,60,0,0.0
SEG_01,2024-08-01,12.4,64.6,44.8,61,0,0.0
SEG_01,2024-08-02,12.7,50.9,42.2,62,0,0.0
SEG_01,2024-08-03,17.4,42.5,32.2,63,1,0.0
SEG_01,2024-08-04,14.7,44.8,59.4,64,0,1.0
SEG_01,2024-08-05,10.2,42.2,62.6,65,0,1.0
SEG_01,2024-08-06,7.4,32.2,80.8,66,0,1.0
SEG_01,2024-08-07,41.9,59.4,68.3,67,0,1.0
SEG_01,2024-08-08,13.3,62.6,81.5,68,0,1.0
SEG_01,2024-08-09,25.6,80.8,86.3,69,0,1.0
SEG_01,2024-08-10,29.3,68.3,83.3,70,0,1.0
SEG_01,2024-08-11,26.6,81.5,68.2,71,0,1.0
SEG_01,2024-08-12,30.4,86.3,53.2,72,1,1.0
SEG_01,2024-08-13,26.4,83.3,67.9,73,1,2.0
SEG_01,2024-08-14,11.5,68.2,69.5,74,0,3.0
SEG_01,2024-08-15,15.4,53.2,73.6,75,0,3.0
SEG_01,2024-08-16,41.1,67.9,60.4,76,0,3.0
SEG_01,2024-08-17,13.0,69.5,98.7,77,1,3.0
SEG_01,2024-08-18,19.4,73.6,118.0,78,1,3.0
SEG_01,2024-08-19,27.9,60.4,99.0,79,1,4.0
SEG_01,2024-08-20,51.4,98.7,72.7,80,0,5.0
SEG_01,2024-08-21,38.7,118.0,57.0,81,1,5.0
SEG_01,2024-08-22,8.9,99.0,63.6,82,1,6.0
SEG_01,2024-08-23,25.1,72.7,58.4,83,1,7.0
SEG_01,2024-08-24,23.0,57.0,46.7,84,0,8.0
SEG_01,2024-08-25,15.5,63.6,48.4,85,0,8.0
SEG_01,2024-08-26,19.9,58.4,41.6,86,0,8.0
SEG_01,2024-08-27,11.4,46.7,51.3,87,1,7.0
SEG_01,2024-08-28,17.1,48.4,49.1,88,1,7.0
SEG_01,2024-08-29,13.1,41.6,90.0,89,0,8.0
SEG_01,2024-08-30,21.0,51.3,90.5,90,0,8.0
SEG_01,2024-08-31,15.0,49.1,94.1,91,0,8.0
SEG_01,2024-09-01,54.0,90.0,56.6,92,0,7.0
SEG_01,2024-09-02,21.5,90.5,50.1,93,0,6.0
SEG_01,2024-09-03,18.6,94.1,38.2,94,0,5.0
SEG_01,2024-09-04,16.4,56.6,55.5,95,0,5.0
SEG_01,2024-09-05,15.1,50.1,87.6,96,0,4.0
SEG_01,2024-09-06,6.7,38.2,93.8,97,0,3.0
SEG_01,2024-09-07,33.7,55.5,101.1,98,0,2.0
SEG_01,2024-09-08,47.2,87.6,137.5,99,0,2.0
SEG_01,2024-09-09,13.0,93.8,189.3,100,0,2.0
SEG_01,2024-09-10,41.0,101.1,194.1,101,0,2.0
SEG_01,2024-09-11,83.6,137.5,118.0,102,0,1.0
SEG_01,2024-09-12,64.7,189.3,60.7,103,0,0.0
SEG_01,2024-09-13,45.8,194.1,45.2,104,1,0.0
SEG_01,2024-09-14,7.5,118.0,57.3,105,1,1.0
SEG_01,2024-09-15,7.4,60.7,52.6,106,1,2.0
SEG_01,2024-09-16,30.3,45.2,36.4,107,0,3.0
SEG_01,2024-09-17,19.6,57.3,46.2,108,0,3.0
SEG_01,2024-09-18,2.7,52.6,60.9,109,0,3.0
SEG_01,2024-09-19,14.2,36.4,66.4,110,0,3.0
SEG_01,2024-09-20,29.4,46.2,44.4,111,0,3.0
SEG_01,2024-09-21,17.3,60.9,41.1,112,0,3.0
SEG_01,2024-09-22,19.7,66.4,51.8,113,0,3.0
SEG_01,2024-09-23,7.4,44.4,57.9,114,0,3.0
SEG_01,2024-09-24,14.0,41.1,87.1,115,1,3.0
SEG_01,2024-09-25,30.4,51.8,76.7,116,1,4.0
SEG_01,2024-09-26,13.5,57.9,89.6,117,1,5.0
SEG_01,2024-09-27,43.2,87.1,76.3,118,0,6.0
SEG_01,2024-09-28,20.0,76.7,76.7,119,0,5.0
SEG_01,2024-09-29,26.4,89.6,89.6,120,1,4.0
SEG_01,2024-09-30,29.9,76.3,76.3,121,0,4.0
SEG_01,2025-06-01,36.4,36.4,134.7,0,0,4.0
SEG_01,2025-06-02,106.8,143.1,58.1,1,0,4.0
SEG_01,2025-06-03,1.5,144.6,66.7,2,0,4.0
SEG_01,2025-06-04,26.4,134.7,55.9,3,0,4.0
SEG_01,2025-06-05,30.2,58.1,37.9,4,0,4.0
SEG_01,2025-06-06,10.1,66.7,55.4,5,0,4.0
SEG_01,2025-06-07,15.6,55.9,79.0,6,0,4.0
SEG_01,2025-06-08,12.2,37.9,73.2,7,0,4.0
SEG_01,2025-06-09,27.6,55.4,70.2,8,0,3.0
SEG_01,2025-06-10,39.1,79.0,75.8,9,0,2.0
SEG_01,2025-06-11,6.5,73.2,80.1,10,0,1.0
SEG_01,2025-06-12,24.6,70.2,64.1,11,0,1.0
SEG_01,2025-06-13,44.7,75.8,27.2,12,0,1.0
SEG_01,2025-06-14,10.8,80.1,25.5,13,0,0.0
SEG_01,2025-06-15,8.6,64.1,75.2,14,0,0.0
SEG_01,2025-06-16,7.8,27.2,134.9,15,0,0.0
SEG_01,2025-06-17,9.0,25.5,174.5,16,0,0.0
SEG_01,2025-06-18,58.4,75.2,130.6,17,0,0.0
SEG_01,2025-06-19,67.4,134.9,113.0,18,0,0.0
SEG_01,2025-06-20,48.6,174.5,71.8,19,0,0.0
SEG_01,2025-06-21,14.5,130.6,89.5,20,0,0.0
SEG_01,2025-06-22,49.9,113.0,51.2,21,1,0.0
SEG_01,2025-06-23,7.4,71.8,50.3,22,1,1.0
SEG_01,2025-06-24,32.2,89.5,42.2,23,1,2.0
SEG_01,2025-06-25,11.6,51.2,55.1,24,1,3.0
SEG_01,2025-06-26,6.5,50.3,74.9,25,0,4.0
SEG_01,2025-06-27,24.1,42.2,79.3,26,0,4.0
SEG_01,2025-06-28,24.5,55.1,78.0,27,0,4.0
SEG_01,2025-06-29,26.3,74.9,68.5,28,0,4.0
SEG_01,2025-06-30,28.5,79.3,59.2,29,0,4.0
SEG_01,2025-07-01,23.2,78.0,68.6,30,0,4.0
SEG_01,2025-07-02,16.8,68.5,74.4,31,0,4.0
SEG_01,2025-07-03,19.2,59.2,67.8,32,0,4.0
SEG_01,2025-07-04,32.5,68.6,45.2,33,0,4.0
SEG_01,2025-07-05,22.6,74.4,41.7,34,0,4.0
SEG_01,2025-07-06,12.6,67.8,73.6,35,0,4.0
SEG_01,2025-07-07,10.0,45.2,92.4,36,0,3.0
SEG_01,2025-07-08,19.1,41.7,119.5,37,0,2.0
SEG_01,2025-07-09,44.6,73.6,89.3,38,0,1.0
SEG_01,2025-07-10,28.8,92.4,81.9,39,0,0.0
SEG_01,2025-07-11,46.2,119.5,59.5,40,0,0.0
SEG_01,2025-07-12,14.3,89.3,78.8,41,0,0.0
SEG_01,2025-07-13,21.4,81.9,71.7,42,1,0.0
SEG_01,2025-07-14,23.8,59.5,76.7,43,1,1.0
SEG_01,2025-07-15,33.6,78.8,85.9,44,1,2.0
SEG_01,2025-07-16,14.3,71.7,89.1,45,0,3.0
SEG_01,2025-07-17,28.7,76.7,69.3,46,0,3.0
SEG_01,2025-07-18,42.9,85.9,70.3,47,0,3.0
SEG_01,2025-07-19,17.5,89.1,83.3,48,0,3.0
SEG_01,2025-07-20,8.9,69.3,79.6,49,0,3.0
SEG_01,2025-07-21,43.8,70.3,53.5,50,0,3.0
SEG_01,2025-07-22,30.6,83.3,83.7,51,0,3.0
SEG_01,2025-07-23,5.1,79.6,105.7,52,0,3.0
SEG_01,2025-07-24,17.8,53.5,106.9,53,0,3.0
SEG_01,2025-07-25,60.7,83.7,54.1,54,0,3.0
SEG_01,2025-07-26,27.1,105.7,34.9,55,0,3.0
SEG_01,2025-07-27,19.1,106.9,48.0,56,0,3.0
SEG_01,2025-07-28,7.9,54.1,48.7,57,0,2.0
SEG_01,2025-07-29,7.9,34.9,64.7,58,0,1.0
SEG_01,2025-07-30,32.2,48.0,49.9,59,0,0.0
SEG_01,2025-07-31,8.6,48.7,64.2,60,0,0.0
SEG_01,2025-08-01,23.9,64.7,56.7,61,0,0.0
SEG_01,2025-08-02,17.5,49.9,65.4,62,0,0.0
SEG_01,2025-08-03,22.9,64.2,78.8,63,0,0.0
SEG_01,2025-08-04,16.3,56.7,79.0,64,0,0.0
SEG_01,2025-08-05,26.2,65.4,86.8,65,0,0.0
SEG_01,2025-08-06,36.2,78.8,98.1,66,0,0.0
SEG_01,2025-08-07,16.5,79.0,105.4,67,0,0.0
SEG_01,2025-08-08,34.1,86.8,102.9,68,0,0.0
SEG_01,2025-08-09,47.5,98.1,61.9,69,0,0.0
SEG_01,2025-08-10,23.8,105.4,54.9,70,0,0.0
SEG_01,2025-08-11,31.6,102.9,27.9,71,0,0.0
SEG_01,2025-08-12,6.5,61.9,33.8,72,0,0.0
SEG_01,2025-08-13,16.8,54.9,33.9,73,0,0.0
SEG_01,2025-08-14,4.6,27.9,93.6,74,0,0.0
SEG_01,2025-08-15,12.4,33.8,91.3,75,0,0.0
SEG_01,2025-08-16,17.0,33.9,92.7,76,0,0.0
SEG_01,2025-08-17,64.2,93.6,37.1,77,0,0.0
SEG_01,2025-08-18,10.1,91.3,42.9,78,1,0.0
SEG_01,2025-08-19,18.4,92.7,51.0,79,1,1.0
SEG_01,2025-08-20,8.6,37.1,72.0,80,0,2.0
SEG_01,2025-08-21,15.9,42.9,70.4,81,0,2.0
SEG_01,2025-08-22,26.5,51.0,55.2,82,0,2.0
SEG_01,2025-08-23,29.6,72.0,77.3,83,0,2.0
SEG_01,2025-08-24,14.3,70.4,76.5,84,1,2.0
SEG_01,2025-08-25,11.3,55.2,67.4,85,1,3.0
SEG_01,2025-08-26,51.7,77.3,58.7,86,0,4.0
SEG_01,2025-08-27,13.5,76.5,48.2,87,0,4.0
SEG_01,2025-08-28,2.2,67.4,89.0,88,0,4.0
SEG_01,2025-08-29,43.0,58.7,50.6,89,0,4.0
SEG_01,2025-08-30,2.9,48.2,53.4,90,0,4.0
SEG_01,2025-08-31,43.1,89.0,17.5,91,0,4.0
SEG_01,2025-09-01,4.7,50.6,25.4,92,0,4.0
SEG_01,2025-09-02,5.7,53.4,63.1,93,0,3.0
SEG_01,2025-09-03,7.2,17.5,63.3,94,0,2.0
SEG_01,2025-09-04,12.6,25.4,77.2,95,0,2.0
SEG_01,2025-09-05,43.3,63.1,56.3,96,0,2.0
SEG_01,2025-09-06,7.4,63.3,68.7,97,0,2.0
SEG_01,2025-09-07,26.5,77.2,80.2,98,0,2.0
SEG_01,2025-09-08,22.5,56.3,78.7,99,0,1.0
SEG_01,2025-09-09,19.7,68.7,81.2,100,0,0.0
SEG_01,2025-09-10,38.0,80.2,74.5,101,0,0.0
SEG_01,2025-09-11,21.0,78.7,66.5,102,0,0.0
SEG_01,2025-09-12,22.2,81.2,62.9,103,0,0.0
SEG_01,2025-09-13,31.4,74.5,55.3,104,0,0.0
SEG_01,2025-09-14,13.0,66.5,77.9,105,0,0.0
SEG_01,2025-09-15,18.6,62.9,76.1,106,0,0.0
SEG_01,2025-09-16,23.7,55.3,70.7,107,0,0.0
SEG_01,2025-09-17,35.6,77.9,61.1,108,0,0.0
SEG_01,2025-09-18,16.8,76.1,61.4,109,0,0.0
SEG_01,2025-09-19,18.3,70.7,53.4,110,0,0.0
SEG_01,2025-09-20,26.0,61.1,58.7,111,0,0.0
SEG_01,2025-09-21,17.0,61.4,62.7,112,1,0.0
SEG_01,2025-09-22,10.3,53.4,66.2,113,1,1.0
SEG_01,2025-09-23,31.4,58.7,42.0,114,1,2.0
SEG_01,2025-09-24,21.0,62.7,23.9,115,0,3.0
SEG_01,2025-09-25,13.8,66.2,37.2,116,0,3.0
SEG_01,2025-09-26,7.2,42.0,40.1,117,0,3.0
SEG_01,2025-09-27,3.0,23.9,41.5,118,0,3.0
SEG_01,2025-09-28,27.0,37.2,37.2,119,0,3.0
SEG_01,2025-09-29,10.1,40.1,40.1,120,1,3.0
SEG_01,2025-09-30,4.4,41.5,41.5,121,1,4.0
SEG_02,2023-06-01,1.7,1.7,55.5,0,0,0.0
SEG_02,2023-06-02,12.3,14.0,47.5,1,0,0.0
SEG_02,2023-06-03,27.2,41.2,26.6,2,0,0.0
SEG_02,2023-06-04,16.1,55.5,19.8,3,0,0.0
SEG_02,2023-06-05,4.3,47.5,53.9,4,0,0.0
SEG_02,2023-06-06,6.3,26.6,87.5,5,0,0.0
SEG_02,2023-06-07,9.2,19.8,115.1,6,0,0.0
SEG_02,2023-06-08,38.5,53.9,89.9,7,0,0.0
SEG_02,2023-06-09,39.8,87.5,122.5,8,0,0.0
SEG_02,2023-06-10,36.8,115.1,92.2,9,0,0.0
SEG_02,2023-06-11,13.3,89.9,87.9,10,0,0.0
SEG_02,2023-06-12,72.4,122.5,38.1,11,0,0.0
SEG_02,2023-06-13,6.6,92.2,46.3,12,0,0.0
SEG_02,2023-06-14,8.9,87.9,52.8,13,0,0.0
SEG_02,2023-06-15,22.6,38.1,35.2,14,0,0.0
SEG_02,2023-06-16,14.8,46.3,31.9,15,0,0.0
SEG_02,2023-06-17,15.4,52.8,23.1,16,0,0.0
SEG_02,2023-06-18,5.0,35.2,21.4,17,0,0.0
SEG_02,2023-06-19,11.5,31.9,17.3,18,0,0.0
SEG_02,2023-06-20,6.6,23.1,25.5,19,0,0.0
SEG_02,2023-06-21,3.3,21.4,42.2,20,0,0.0
SEG_02,2023-06-22,7.3,17.3,36.4,21,0,0.0
SEG_02,2023-06-23,14.8,25.5,33.6,22,0,0.0
SEG_02,2023-06-24,20.1,42.2,24.5,23,0,0.0
SEG_02,2023-06-25,1.6,36.4,37.2,24,0,0.0
SEG_02,2023-06-26,11.9,33.6,29.6,25,0,0.0
SEG_02,2023-06-27,11.1,24.5,23.0,26,0,0.0
SEG_02,2023-06-28,14.2,37.2,36.5,27,0,0.0
SEG_02,2023-06-29,4.4,29.6,37.9,28,0,0.0
SEG_02,2023-06-30,4.4,23.0,42.1,29,0,0.0
SEG_02,2023-07-01,27.7,36.5,23.7,30,0,0.0
SEG_02,2023-07-02,5.8,37.9,24.7,31,0,0.0
SEG_02,2023-07-03,8.6,42.1,33.1,32,0,0.0
SEG_02,2023-07-04,9.3,23.7,39.8,33,0,0.0
SEG_02,2023-07-05,6.7,24.7,43.7,34,0,0.0
SEG_02,2023-07-06,17.0,33.1,33.8,35,0,0.0
SEG_02,2023-07-07,16.0,39.8,27.8,36,0,0.0
SEG_02,2023-07-08,10.7,43.7,29.8,37,0,0.0
SEG_02,2023-07-09,7.1,33.8,29.0,38,0,0.0
SEG_02,2023-07-10,10.0,27.8,36.9,39,0,0.0
SEG_02,2023-07-11,12.7,29.8,47.9,40,0,0.0
SEG_02,2023-07-12,6.3,29.0,72.6,41,0,0.0
SEG_02,2023-07-13,17.9,36.9,84.3,42,0,0.0
SEG_02,2023-07-14,23.7,47.9,69.8,43,0,0.0
SEG_02,2023-07-15,30.9,72.6,52.1,44,0,0.0
SEG_02,2023-07-16,29.7,84.3,32.9,45,0,0.0
SEG_02,2023-07-17,9.3,69.8,34.1,46,0,0.0
SEG_02,2023-07-18,13.1,52.1,31.0,47,0,0.0
SEG_02,2023-07-19,10.5,32.9,32.5,48,1,0.0
SEG_02,2023-07-20,10.5,34.1,48.4,49,1,1.0
SEG_02,2023-07-21,10.0,31.0,53.6,50,1,2.0
SEG_02,2023-07-22,12.1,32.5,45.7,51,1,3.0
SEG_02,2023-07-23,26.4,48.4,42.3,52,0,4.0
SEG_02,2023-07-24,15.1,53.6,41.3,53,0,4.0
SEG_02,2023-07-25,4.2,45.7,54.3,54,0,4.0
SEG_02,2023-07-26,23.0,42.3,46.1,55,0,4.0
SEG_02,2023-07-27,14.1,41.3,47.4,56,0,4.0
SEG_02,2023-07-28,17.2,54.3,46.2,57,0,4.0
SEG_02,2023-07-29,14.9,46.1,33.4,58,0,4.0
SEG_02,2023-07-30,15.4,47.4,35.0,59,0,4.0
SEG_02,2023-07-31,15.9,46.2,25.6,60,0,4.0
SEG_02,2023-08-01,2.1,33.4,31.6,61,0,4.0
SEG_02,2023-08-02,17.0,35.0,26.5,62,0,4.0
SEG_02,2023-08-03,6.5,25.6,54.2,63,0,3.0
SEG_02,2023-08-04,8.0,31.6,51.0,64,0,2.0
SEG_02,2023-08-05,12.0,26.5,50.7,65,0,1.0
SEG_02,2023-08-06,34.2,54.2,26.3,66,0,0.0
SEG_02,2023-08-07,4.9,51.0,44.2,67,0,0.0
SEG_02,2023-08-08,11.7,50.7,42.1,68,0,0.0
SEG_02,2023-08-09,9.8,26.3,46.5,69,0,0.0
SEG_02,2023-08-10,22.8,44.2,28.6,70,0,0.0
SEG_02,2023-08-11,9.6,42.1,44.6,71,0,0.0
SEG_02,2023-08-12,14.2,46.5,33.4,72,0,0.0
SEG_02,2023-08-13,4.9,28.6,45.4,73,0,0.0
SEG_02,2023-08-14,25.5,44.6,34.2,74,0,0.0
SEG_02,2023-08-15,3.1,33.4,46.9,75,0,0.0
SEG_02,2023-08-16,16.8,45.4,33.2,76,0,0.0
SEG_02,2023-08-17,14.3,34.2,28.3,77,0,0.0
SEG_02,2023-08-18,15.8,46.9,34.5,78,0,0.0
SEG_02,2023-08-19,3.1,33.2,69.0,79,0,0.0
SEG_02,2023-08-20,9.4,28.3,70.6,80,0,0.0
SEG_02,2023-08-21,22.0,34.5,69.2,81,0,0.0
SEG_02,2023-08-22,37.6,69.0,44.9,82,0,0.0
SEG_02,2023-08-23,11.0,70.6,45.3,83,0,0.0
SEG_02,2023-08-24,20.6,69.2,33.3,84,0,0.0
SEG_02,2023-08-25,13.3,44.9,32.0,85,0,0.0
SEG_02,2023-08-26,11.5,45.3,39.9,86,0,0.0
SEG_02,2023-08-27,8.5,33.3,51.9,87,0,0.0
SEG_02,2023-08-28,12.0,32.0,43.6,88,0,0.0
SEG_02,2023-08-29,19.4,39.9,32.2,89,0,0.0
SEG_02,2023-08-30,20.5,51.9,16.4,90,0,0.0
SEG_02,2023-08-31,3.8,43.6,25.1,91,0,0.0
SEG_02,2023-09-01,7.9,32.2,26.3,92,0,0.0
SEG_02,2023-09-02,4.7,16.4,37.1,93,0,0.0
SEG_02,2023-09-03,12.5,25.1,40.8,94,0,0.0
SEG_02,2023-09-04,9.1,26.3,32.7,95,0,0.0
SEG_02,2023-09-05,15.4,37.1,29.2,96,0,0.0
SEG_02,2023-09-06,16.2,40.8,39.7,97,0,0.0
SEG_02,2023-09-07,1.0,32.7,46.6,98,0,0.0
SEG_02,2023-09-08,12.0,29.2,42.4,99,0,0.0
SEG_02,2023-09-09,26.8,39.7,39.3,100,0,0.0
SEG_02,2023-09-10,7.9,46.6,52.6,101,0,0.0
SEG_02,2023-09-11,7.7,42.4,50.0,102,0,0.0
SEG_02,2023-09-12,23.7,39.3,46.0,103,0,0.0
SEG_02,2023-09-13,21.1,52.6,31.1,104,0,0.0
SEG_02,2023-09-14,5.1,50.0,33.6,105,0,0.0
SEG_02,2023-09-15,19.7,46.0,19.0,106,0,0.0
SEG_02,2023-09-16,6.2,31.1,16.6,107,0,0.0
SEG_02,2023-09-17,7.7,33.6,21.9,108,0,0.0
SEG_02,2023-09-18,5.1,19.0,20.0,109,1,0.0
SEG_02,2023-09-19,3.8,16.6,29.7,110,1,1.0
SEG_02,2023-09-20,13.0,21.9,29.8,111,1,2.0
SEG_02,2023-09-21,3.2,20.0,37.2,112,1,3.0
SEG_02,2023-09-22,13.4,29.7,32.0,113,0,4.0
SEG_02,2023-09-23,13.1,29.8,25.8,114,0,4.0
SEG_02,2023-09-24,10.6,37.2,19.7,115,0,4.0
SEG_02,2023-09-25,8.2,32.0,42.5,116,0,4.0
SEG_02,2023-09-26,6.9,25.8,45.9,117,0,4.0
SEG_02,2023-09-27,4.5,19.7,51.3,118,0,4.0
SEG_02,2023-09-28,31.1,42.5,42.5,119,0,4.0
SEG_02,2023-09-29,10.3,45.9,45.9,120,0,4.0
SEG_02,2023-09-30,10.0,51.3,51.3,121,0,4.0
SEG_02,2024-06-01,1.1,1.1,29.5,0,0,4.0
SEG_02,2024-06-02,4.2,5.3,40.8,1,0,4.0
SEG_02,2024-06-03,15.5,20.8,39.1,2,0,3.0
SEG_02,2024-06-04,9.9,29.5,40.1,3,0,2.0
SEG_02,2024-06-05,15.4,40.8,35.6,4,0,1.0
SEG_02,2024-06-06,13.8,39.1,26.9,5,0,0.0
SEG_02,2024-06-07,10.9,40.1,21.4,6,0,0.0
SEG_02,2024-06-08,10.9,35.6,22.7,7,0,0.0
SEG_02,2024-06-09,5.1,26.9,23.7,8,0,0.0
SEG_02,2024-06-10,5.4,21.4,20.1,9,0,0.0
SEG_02,2024-06-11,12.1,22.7,18.7,10,0,0.0
SEG_02,2024-06-12,6.1,23.7,59.1,11,0,0.0
SEG_02,2024-06-13,1.8,20.1,59.6,12,0,0.0
SEG_02,2024-06-14,10.8,18.7,52.1,13,0,0.0
SEG_02,2024-06-15,46.5,59.1,11.3,14,0,0.0
SEG_02,2024-06-16,2.3,59.6,11.1,15,0,0.0
SEG_02,2024-06-17,3.3,52.1,17.7,16,0,0.0
SEG_02,2024-06-18,5.7,11.3,25.5,17,0,0.0
SEG_02,2024-06-19,2.1,11.1,33.1,18,0,0.0
SEG_02,2024-06-20,9.9,17.7,32.0,19,0,0.0
SEG_02,2024-06-21,13.5,25.5,32.0,20,0,0.0
SEG_02,2024-06-22,9.7,33.1,28.9,21,0,0.0
SEG_02,2024-06-23,8.8,32.0,25.5,22,0,0.0
SEG_02,2024-06-24,13.5,32.0,22.7,23,0,0.0
SEG_02,2024-06-25,6.6,28.9,20.0,24,0,0.0
SEG_02,2024-06-26,5.3,25.5,19.9,25,0,0.0
SEG_02,2024-06-27,10.7,22.7,13.7,26,0,0.0
SEG_02,2024-06-28,3.9,20.0,28.3,27,0,0.0
SEG_02,2024-06-29,5.3,19.9,28.0,28,0,0.0
SEG_02,2024-06-30,4.6,13.7,31.3,29,0,0.0
SEG_02,2024-07-01,18.5,28.3,20.1,30,0,0.0
SEG_02,2024-07-02,5.0,28.0,34.5,31,0,0.0
SEG_02,2024-07-03,7.8,31.3,43.3,32,0,0.0
SEG_02,2024-07-04,7.3,20.1,48.7,33,0,0.0
SEG_02,2024-07-05,19.3,34.5,46.3,34,0,0.0
SEG_02,2024-07-06,16.6,43.3,42.8,35,0,0.0
SEG_02,2024-07-07,12.7,48.7,32.7,36,0,0.0
SEG_02,2024-07-08,16.9,46.3,19.2,37,0,0.0
SEG_02,2024-07-09,13.2,42.8,14.7,38,0,0.0
SEG_02,2024-07-10,2.6,32.7,19.7,39,0,0.0
SEG_02,2024-07-11,3.4,19.2,24.1,40,0,0.0
SEG_02,2024-07-12,8.7,14.7,21.2,41,0,0.0
SEG_02,2024-07-13,7.6,19.7,23.1,42,0,0.0
SEG_02,2024-07-14,7.8,24.1,29.7,43,0,0.0
SEG_02,2024-07-15,5.7,21.2,29.0,44,0,0.0
SEG_02,2024-07-16,9.6,23.1,26.3,45,0,0.0
SEG_02,2024-07-17,14.4,29.7,37.5,46,0,0.0
SEG_02,2024-07-18,5.0,29.0,39.9,47,0,0.0
SEG_02,2024-07-19,6.9,26.3,50.5,48,0,0.0
SEG_02,2024-07-20,25.5,37.5,26.7,49,0,0.0
SEG_02,2024-07-21,7.4,39.9,38.4,50,0,0.0
SEG_02,2024-07-22,17.6,50.5,27.3,51,0,0.0
SEG_02,2024-07-23,1.7,26.7,39.0,52,0,0.0
SEG_02,2024-07-24,19.1,38.4,26.8,53,0,0.0
SEG_02,2024-07-25,6.5,27.3,24.2,54,0,0.0
SEG_02,2024-07-26,13.4,39.0,20.7,55,0,0.0
SEG_02,2024-07-27,6.9,26.8,20.6,56,0,0.0
SEG_02,2024-07-28,3.8,24.2,32.8,57,0,0.0
SEG_02,2024-07-29,10.0,20.7,28.6,58,0,0.0
SEG_02,2024-07-30,6.8,20.6,37.2,59,0,0.0
SEG_02,2024-07-31,16.0,32.8,46.0,60,0,0.0
SEG_02,2024-08-01,5.8,28.6,45.9,61,0,0.0
SEG_02,2024-08-02,15.4,37.2,36.4,62,0,0.0
SEG_02,2024-08-03,24.8,46.0,13.8,63,0,0.0
SEG_02,2024-08-04,5.7,45.9,19.2,64,0,0.0
SEG_02,2024-08-05,5.9,36.4,13.9,65,0,0.0
SEG_02,2024-08-06,2.2,13.8,18.8,66,0,0.0
SEG_02,2024-08-07,11.0,19.2,15.5,67,0,0.0
SEG_02,2024-08-08,0.6,13.9,27.3,68,0,0.0
SEG_02,2024-08-09,7.1,18.8,23.1,69,0,0.0
SEG_02,2024-08-10,7.8,15.5,23.5,70,1,0.0
SEG_02,2024-08-11,12.5,27.3,15.0,71,1,1.0
SEG_02,2024-08-12,2.9,23.1,16.8,72,1,2.0
SEG_02,2024-08-13,8.1,23.5,13.7,73,1,3.0
SEG_02,2024-08-14,4.0,15.0,16.8,74,0,4.0
SEG_02,2024-08-15,4.7,16.8,27.2,75,0,4.0
SEG_02,2024-08-16,5.0,13.7,31.5,76,0,4.0
SEG_02,2024-08-17,7.1,16.8,40.4,77,0,4.0
SEG_02,2024-08-18,15.1,27.2,33.5,78,0,4.0
SEG_02,2024-08-19,9.3,31.5,72.9,79,0,4.0
SEG_02,2024-08-20,16.1,40.4,63.5,80,0,4.0
SEG_02,2024-08-21,8.1,33.5,61.1,81,0,4.0
SEG_02,2024-08-22,48.7,72.9,18.7,82,0,4.0
SEG_02,2024-08-23,6.7,63.5,19.2,83,0,4.0
SEG_02,2024-08-24,5.7,61.1,17.6,84,0,4.0
SEG_02,2024-08-25,6.3,18.7,20.9,85,0,3.0
SEG_02,2024-08-26,7.2,19.2,23.3,86,0,2.0
SEG_02,2024-08-27,4.2,17.6,28.6,87,0,1.0
SEG_02,2024-08-28,9.5,20.9,21.9,88,1,0.0
SEG_02,2024-08-29,9.6,23.3,26.4,89,1,1.0
SEG_02,2024-08-30,9.5,28.6,21.6,90,1,2.0
SEG_02,2024-08-31,2.8,21.9,24.1,91,0,3.0
SEG_02,2024-09-01,14.1,26.4,15.2,92,0,3.0
SEG_02,2024-09-02,4.7,21.6,10.9,93,0,3.0
SEG_02,2024-09-03,5.3,24.1,14.1,94,0,3.0
SEG_02,2024-09-04,5.2,15.2,33.2,95,0,3.0
SEG_02,2024-09-05,0.4,10.9,37.7,96,0,3.0
SEG_02,2024-09-06,8.5,14.1,34.2,97,0,3.0
SEG_02,2024-09-07,24.3,33.2,30.7,98,0,3.0
SEG_02,2024-09-08,4.9,37.7,30.1,99,0,3.0
SEG_02,2024-09-09,4.9,34.2,44.1,100,0,3.0
SEG_02,2024-09-10,20.9,30.7,30.5,101,0,3.0
SEG_02,2024-09-11,4.3,30.1,28.5,102,0,3.0
SEG_02,2024-09-12,18.9,44.1,21.4,103,0,2.0
SEG_02,2024-09-13,7.3,30.5,20.2,104,0,1.0
SEG_02,2024-09-14,2.3,28.5,24.5,105,0,0.0
SEG_02,2024-09-15,11.8,21.4,25.4,106,0,0.0
SEG_02,2024-09-16,6.1,20.2,25.5,107,0,0.0
SEG_02,2024-09-17,6.7,24.5,22.2,108,0,0.0
SEG_02,2024-09-18,12.6,25.4,30.9,109,0,0.0
SEG_02,2024-09-19,6.3,25.5,41.1,110,0,0.0
SEG_02,2024-09-20,3.4,22.2,45.5,111,0,0.0
SEG_02,2024-09-21,21.2,30.9,29.1,112,0,0.0
SEG_02,2024-09-22,16.5,41.1,13.4,113,0,0.0
SEG_02,2024-09-23,7.8,45.5,6.0,114,0,0.0
SEG_02,2024-09-24,4.8,29.1,15.6,115,0,0.0
SEG_02,2024-09-25,0.8,13.4,17.1,116,0,0.0
SEG_02,2024-09-26,0.4,6.0,21.1,117,0,0.0
SEG_02,2024-09-27,14.4,15.6,25.6,118,0,0.0
SEG_02,2024-09-28,2.3,17.1,17.1,119,0,0.0
SEG_02,2024-09-29,4.4,21.1,21.1,120,0,0.0
SEG_02,2024-09-30,18.9,25.6,25.6,121,0,0.0
SEG_02,2025-06-01,37.3,37.3,24.1,0,0,0.0
SEG_02,2025-06-02,6.1,43.4,45.9,1,0,0.0
SEG_02,2025-06-03,8.3,51.7,42.7,2,0,0.0
SEG_02,2025-06-04,9.7,24.1,50.8,3,0,0.0
SEG_02,2025-06-05,27.8,45.9,31.1,4,0,0.0
SEG_02,2025-06-06,5.2,42.7,51.6,5,0,0.0
SEG_02,2025-06-07,17.7,50.8,41.6,6,0,0.0
SEG_02,2025-06-08,8.2,31.1,44.6,7,0,0.0
SEG_02,2025-06-09,25.7,51.6,47.5,8,0,0.0
SEG_02,2025-06-10,7.8,41.6,63.2,9,0,0.0
SEG_02,2025-06-11,11.1,44.6,67.3,10,1,0.0
SEG_02,2025-06-12,28.6,47.5,60.9,11,1,1.0
SEG_02,2025-06-13,23.5,63.2,44.8,12,1,2.0
SEG_02,2025-06-14,15.2,67.3,41.1,13,0,3.0
SEG_02,2025-06-15,22.2,60.9,22.3,14,0,3.0
SEG_02,2025-06-16,7.4,44.8,33.7,15,0,3.0
SEG_02,2025-06-17,11.5,41.1,34.1,16,0,3.0
SEG_02,2025-06-18,3.4,22.3,47.3,17,0,3.0
SEG_02,2025-06-19,18.7,33.7,32.6,18,0,3.0
SEG_02,2025-06-20,12.0,34.1,23.8,19,0,3.0
SEG_02,2025-06-21,16.6,47.3,18.3,20,0,3.0
SEG_02,2025-06-22,4.0,32.6,31.8,21,0,3.0
SEG_02,2025-06-23,3.2,23.8,31.6,22,0,3.0
SEG_02,2025-06-24,11.1,18.3,21.1,23,0,3.0
SEG_02,2025-06-25,17.5,31.8,5.1,24,0,3.0
SEG_02,2025-06-26,2.9,31.6,12.7,25,0,2.0
SEG_02,2025-06-27,0.6,21.1,42.5,26,0,1.0
SEG_02,2025-06-28,1.5,5.1,51.7,27,0,0.0
SEG_02,2025-06-29,10.5,12.7,66.4,28,0,0.0
SEG_02,2025-06-30,30.4,42.5,43.2,29,0,0.0
SEG_02,2025-07-01,10.8,51.7,38.9,30,0,0.0
SEG_02,2025-07-02,25.2,66.4,29.4,31,0,0.0
SEG_02,2025-07-03,7.1,43.2,31.9,32,0,0.0
SEG_02,2025-07-04,6.6,38.9,37.7,33,0,0.0
SEG_02,2025-07-05,15.7,29.4,34.6,34,0,0.0
SEG_02,2025-07-06,9.6,31.9,30.6,35,0,0.0
SEG_02,2025-07-07,12.3,37.7,35.9,36,1,0.0
SEG_02,2025-07-08,12.6,34.6,68.7,37,1,1.0
SEG_02,2025-07-09,5.7,30.6,70.2,38,0,2.0
SEG_02,2025-07-10,17.6,35.9,69.8,39,0,2.0
SEG_02,2025-07-11,45.4,68.7,60.3,40,0,2.0
SEG_02,2025-07-12,7.2,70.2,66.3,41,1,2.0
SEG_02,2025-07-13,17.2,69.8,60.3,42,0,3.0
SEG_02,2025-07-14,35.8,60.3,55.0,43,0,3.0
SEG_02,2025-07-15,13.3,66.3,46.1,44,0,3.0
SEG_02,2025-07-16,11.2,60.3,57.1,45,0,3.0
SEG_02,2025-07-17,30.5,55.0,56.5,46,0,3.0
SEG_02,2025-07-18,4.4,46.1,55.7,47,0,3.0
SEG_02,2025-07-19,22.1,57.1,110.0,48,0,3.0
SEG_02,2025-07-20,30.0,56.5,96.1,49,0,3.0
SEG_02,2025-07-21,3.6,55.7,96.1,50,0,3.0
SEG_02,2025-07-22,76.4,110.0,63.9,51,0,2.0
SEG_02,2025-07-23,16.1,96.1,55.3,52,0,1.0
SEG_02,2025-07-24,3.6,96.1,61.1,53,0,1.0
SEG_02,2025-07-25,44.2,63.9,68.7,54,0,1.0
SEG_02,2025-07-26,7.5,55.3,66.1,55,0,1.0
SEG_02,2025-07-27,9.4,61.1,74.3,56,0,0.0
SEG_02,2025-07-28,51.8,68.7,42.0,57,0,0.0
SEG_02,2025-07-29,4.8,66.1,53.3,58,0,0.0
SEG_02,2025-07-30,17.7,74.3,44.9,59,0,0.0
SEG_02,2025-07-31,19.5,42.0,38.5,60,0,0.0
SEG_02,2025-08-01,16.1,53.3,28.9,61,0,0.0
SEG_02,2025-08-02,9.3,44.9,44.9,62,0,0.0
SEG_02,2025-08-03,13.0,38.5,34.2,63,0,0.0
SEG_02,2025-08-04,6.6,28.9,67.9,64,0,0.0
SEG_02,2025-08-05,25.3,44.9,84.0,65,0,0.0
SEG_02,2025-08-06,2.3,34.2,94.0,66,0,0.0
SEG_02,2025-08-07,40.3,67.9,72.5,67,0,0.0
SEG_02,2025-08-08,41.4,84.0,43.1,68,0,0.0
SEG_02,2025-08-09,12.3,94.0,43.9,69,0,0.0
SEG_02,2025-08-10,18.8,72.5,28.1,70,0,0.0
SEG_02,2025-08-11,12.0,43.1,26.8,71,0,0.0
SEG_02,2025-08-12,13.1,43.9,40.2,72,0,0.0
SEG_02,2025-08-13,3.0,28.1,63.0,73,0,0.0
SEG_02,2025-08-14,10.7,26.8,60.2,74,0,0.0
SEG_02,2025-08-15,26.6,40.2,48.6,75,0,0.0
SEG_02,2025-08-16,25.8,63.0,59.3,76,0,0.0
SEG_02,2025-08-17,7.9,60.2,65.1,77,0,0.0
SEG_02,2025-08-18,15.0,48.6,51.7,78,0,0.0
SEG_02,2025-08-19,36.4,59.3,33.2,79,0,0.0
SEG_02,2025-08-20,13.7,65.1,36.3,80,0,0.0
SEG_02,2025-08-21,1.5,51.7,61.4,81,0,0.0
SEG_02,2025-08-22,18.0,33.2,56.4,82,0,0.0
SEG_02,2025-08-23,16.9,36.3,49.6,83,0,0.0
SEG_02,2025-08-24,26.6,61.4,28.3,84,0,0.0
SEG_02,2025-08-25,13.0,56.4,39.7,85,0,0.0
SEG_02,2025-08-26,10.0,49.6,38.9,86,0,0.0
SEG_02,2025-08-27,5.3,28.3,59.3,87,0,0.0
SEG_02,2025-08-28,24.4,39.7,40.4,88,0,0.0
SEG_02,2025-08-29,9.2,38.9,50.6,89,0,0.0
SEG_02,2025-08-30,25.6,59.3,49.7,90,0,0.0
SEG_02,2025-08-31,5.5,40.4,75.2,91,0,0.0
SEG_02,2025-09-01,19.4,50.6,76.2,92,0,0.0
SEG_02,2025-09-02,24.8,49.7,61.4,93,0,0.0
SEG_02,2025-09-03,31.0,75.2,41.9,94,0,0.0
SEG_02,2025-09-04,20.4,76.2,35.2,95,1,0.0
SEG_02,2025-09-05,10.0,61.4,28.5,96,1,1.0
SEG_02,2025-09-06,11.5,41.9,35.5,97,1,2.0
SEG_02,2025-09-07,13.8,35.2,42.0,98,0,3.0
SEG_02,2025-09-08,3.2,28.5,61.4,99,0,3.0
SEG_02,2025-09-09,18.5,35.5,112.2,100,0,3.0
SEG_02,2025-09-10,20.3,42.0,104.2,101,0,3.0
SEG_02,2025-09-11,22.6,61.4,89.3,102,0,3.0
SEG_02,2025-09-12,69.3,112.2,21.4,103,0,3.0
SEG_02,2025-09-13,12.3,104.2,40.7,104,0,3.0
SEG_02,2025-09-14,7.7,89.3,36.8,105,0,3.0
SEG_02,2025-09-15,1.5,21.4,46.4,106,0,3.0
SEG_02,2025-09-16,31.6,40.7,19.7,107,0,3.0
SEG_02,2025-09-17,3.8,36.8,38.1,108,0,3.0
SEG_02,2025-09-18,11.0,46.4,33.5,109,0,3.0
SEG_02,2025-09-19,4.8,19.7,34.8,110,0,2.0
SEG_02,2025-09-20,22.3,38.1,50.5,111,0,1.0
SEG_02,2025-09-21,6.4,33.5,48.8,112,0,0.0
SEG_02,2025-09-22,6.1,34.8,55.3,113,0,0.0
SEG_02,2025-09-23,38.0,50.5,37.8,114,0,0.0
SEG_02,2025-09-24,4.7,48.8,48.0,115,0,0.0
SEG_02,2025-09-25,12.6,55.3,53.8,116,0,0.0
SEG_02,2025-09-26,20.5,37.8,65.9,117,0,0.0
SEG_02,2025-09-27,14.9,48.0,67.0,118,0,0.0
SEG_02,2025-09-28,18.4,53.8,53.8,119,0,0.0
SEG_02,2025-09-29,32.6,65.9,65.9,120,0,0.0
SEG_02,2025-09-30,16.0,67.0,67.0,121,0,0.0
SEG_03,2023-06-01,1.7,1.7,14.4,0,0,0.0
SEG_03,2023-06-02,7.9,9.6,29.9,1,0,0.0
SEG_03,2023-06-03,3.4,12.9,37.3,2,0,0.0
SEG_03,2023-06-04,3.2,14.4,39.2,3,0,0.0
SEG_03,2023-06-05,23.4,29.9,16.0,4,0,0.0
SEG_03,2023-06-06,10.8,37.3,6.1,5,0,0.0
SEG_03,2023-06-07,5.0,39.2,3.0,6,0,0.0
SEG_03,2023-06-08,0.2,16.0,8.4,7,0,0.0
SEG_03,2023-06-09,0.9,6.1,15.4,8,0,0.0
SEG_03,2023-06-10,1.9,3.0,16.1,9,0,0.0
SEG_03,2023-06-11,5.6,8.4,20.3,10,0,0.0
SEG_03,2023-06-12,7.9,15.4,21.1,11,0,0.0
SEG_03,2023-06-13,2.6,16.1,22.2,12,0,0.0
SEG_03,2023-06-14,9.8,20.3,14.3,13,0,0.0
SEG_03,2023-06-15,8.7,21.1,6.0,14,0,0.0
SEG_03,2023-06-16,3.7,22.2,9.8,15,0,0.0
SEG_03,2023-06-17,1.9,14.3,13.8,16,0,0.0
SEG_03,2023-06-18,0.4,6.0,22.4,17,0,0.0
SEG_03,2023-06-19,7.4,9.8,28.7,18,0,0.0
SEG_03,2023-06-20,5.9,13.8,39.9,19,0,0.0
SEG_03,2023-06-21,9.1,22.4,42.8,20,0,0.0
SEG_03,2023-06-22,13.7,28.7,33.3,21,0,0.0
SEG_03,2023-06-23,17.2,39.9,21.1,22,0,0.0
SEG_03,2023-06-24,11.9,42.8,20.6,23,0,0.0
SEG_03,2023-06-25,4.2,33.3,19.4,24,0,0.0
SEG_03,2023-06-26,5.1,21.1,17.4,25,0,0.0
SEG_03,2023-06-27,11.4,20.6,16.1,26,0,0.0
SEG_03,2023-06-28,2.9,19.4,30.9,27,0,0.0
SEG_03,2023-06-29,3.1,17.4,39.4,28,0,0.0
SEG_03,2023-06-30,10.1,16.1,39.5,29,0,0.0
SEG_03,2023-07-01,17.7,30.9,27.4,30,0,0.0
SEG_03,2023-07-02,11.6,39.4,18.6,31,0,0.0
SEG_03,2023-07-03,10.2,39.5,17.7,32,0,0.0
SEG_03,2023-07-04,5.6,27.4,27.9,33,0,0.0
SEG_03,2023-07-05,2.8,18.6,29.4,34,0,0.0
SEG_03,2023-07-06,9.3,17.7,23.6,35,0,0.0
SEG_03,2023-07-07,15.9,27.9,11.2,36,0,0.0
SEG_03,2023-07-08,4.3,29.4,14.6,37,0,0.0
SEG_03,2023-07-09,3.4,23.6,24.2,38,0,0.0
SEG_03,2023-07-10,3.5,11.2,21.3,39,0,0.0
SEG_03,2023-07-11,7.6,14.6,19.8,40,0,0.0
SEG_03,2023-07-12,13.0,24.2,8.4,41,0,0.0
SEG_03,2023-07-13,0.6,21.3,28.1,42,0,0.0
SEG_03,2023-07-14,6.1,19.8,28.6,43,0,0.0
SEG_03,2023-07-15,1.7,8.4,31.2,44,0,0.0
SEG_03,2023-07-16,20.3,28.1,17.9,45,0,0.0
SEG_03,2023-07-17,6.6,28.6,12.5,46,0,0.0
SEG_03,2023-07-18,4.2,31.2,10.3,47,0,0.0
SEG_03,2023-07-19,7.1,17.9,9.3,48,0,0.0
SEG_03,2023-07-20,1.2,12.5,18.0,49,0,0.0
SEG_03,2023-07-21,2.0,10.3,16.3,50,0,0.0
SEG_03,2023-07-22,6.1,9.3,23.5,51,0,0.0
SEG_03,2023-07-23,9.9,18.0,18.0,52,0,0.0
SEG_03,2023-07-24,0.3,16.3,28.0,53,0,0.0
SEG_03,2023-07-25,13.3,23.5,22.5,54,0,0.0
SEG_03,2023-07-26,4.4,18.0,36.7,55,0,0.0
SEG_03,2023-07-27,10.3,28.0,34.2,56,0,0.0
SEG_03,2023-07-28,7.8,22.5,39.3,57,0,0.0
SEG_03,2023-07-29,18.6,36.7,24.3,58,0,0.0
SEG_03,2023-07-30,7.7,34.2,17.9,59,0,0.0
SEG_03,2023-07-31,13.0,39.3,16.2,60,0,0.0
SEG_03,2023-08-01,3.6,24.3,13.8,61,0,0.0
SEG_03,2023-08-02,1.2,17.9,22.4,62,0,0.0
SEG_03,2023-08-03,11.4,16.2,13.2,63,0,0.0
SEG_03,2023-08-04,1.2,13.8,19.2,64,0,0.0
SEG_03,2023-08-05,9.8,22.4,28.2,65,0,0.0
SEG_03,2023-08-06,2.2,13.2,35.3,66,0,0.0
SEG_03,2023-08-07,7.1,19.2,33.1,67,0,0.0
SEG_03,2023-08-08,18.9,28.2,22.2,68,0,0.0
SEG_03,2023-08-09,9.3,35.3,16.6,69,0,0.0
SEG_03,2023-08-10,4.9,33.1,35.4,70,0,0.0
SEG_03,2023-08-11,8.0,22.2,30.5,71,0,0.0
SEG_03,2023-08-12,3.8,16.6,32.1,72,0,0.0
SEG_03,2023-08-13,23.7,35.4,17.2,73,0,0.0
SEG_03,2023-08-14,3.1,30.5,21.6,74,0,0.0
SEG_03,2023-08-15,5.3,32.1,24.5,75,0,0.0
SEG_03,2023-08-16,8.7,17.2,19.6,76,0,0.0
SEG_03,2023-08-17,7.6,21.6,16.8,77,0,0.0
SEG_03,2023-08-18,8.2,24.5,19.6,78,0,0.0
SEG_03,2023-08-19,3.8,19.6,26.4,79,0,0.0
SEG_03,2023-08-20,4.7,16.8,29.3,80,1,0.0
SEG_03,2023-08-21,11.0,19.6,32.4,81,1,1.0
SEG_03,2023-08-22,10.6,26.4,33.1,82,0,2.0
SEG_03,2023-08-23,7.7,29.3,35.8,83,0,2.0
SEG_03,2023-08-24,14.1,32.4,22.9,84,0,2.0
SEG_03,2023-08-25,11.3,33.1,19.2,85,0,2.0
SEG_03,2023-08-26,10.4,35.8,15.4,86,0,2.0
SEG_03,2023-08-27,1.2,22.9,29.6,87,0,2.0
SEG_03,2023-08-28,7.6,19.2,27.1,88,0,2.0
SEG_03,2023-08-29,6.7,15.4,26.7,89,0,2.0
SEG_03,2023-08-30,15.3,29.6,13.5,90,0,2.0
SEG_03,2023-08-31,5.1,27.1,11.0,91,0,2.0
SEG_03,2023-09-01,6.3,26.7,20.1,92,0,2.0
SEG_03,2023-09-02,2.2,13.5,26.1,93,0,2.0
SEG_03,2023-09-03,2.6,11.0,42.4,94,0,2.0
SEG_03,2023-09-04,15.3,20.1,32.1,95,0,1.0
SEG_03,2023-09-05,8.2,26.1,25.4,96,0,0.0
SEG_03,2023-09-06,18.9,42.4,11.0,97,0,0.0
SEG_03,2023-09-07,5.0,32.1,9.8,98,0,0.0
SEG_03,2023-09-08,1.5,25.4,17.9,99,0,0.0
SEG_03,2023-09-09,4.5,11.0,22.7,100,0,0.0
SEG_03,2023-09-10,3.9,9.8,27.3,101,0,0.0
SEG_03,2023-09-11,9.5,17.9,40.5,102,0,0.0
SEG_03,2023-09-12,9.3,22.7,44.8,103,0,0.0
SEG_03,2023-09-13,8.5,27.3,39.1,104,0,0.0
SEG_03,2023-09-14,22.8,40.5,27.9,105,0,0.0
SEG_03,2023-09-15,13.6,44.8,20.3,106,0,0.0
SEG_03,2023-09-16,2.8,39.1,22.4,107,0,0.0
SEG_03,2023-09-17,11.6,27.9,25.6,108,0,0.0
SEG_03,2023-09-18,5.9,20.3,22.2,109,0,0.0
SEG_03,2023-09-19,4.9,22.4,28.3,110,0,0.0
SEG_03,2023-09-20,14.7,25.6,23.5,111,0,0.0
SEG_03,2023-09-21,2.6,22.2,23.5,112,0,0.0
SEG_03,2023-09-22,11.0,28.3,13.5,113,0,0.0
SEG_03,2023-09-23,9.9,23.5,9.1,114,0,0.0
SEG_03,2023-09-24,2.6,23.5,19.0,115,0,0.0
SEG_03,2023-09-25,1.1,13.5,25.5,116,0,0.0
SEG_03,2023-09-26,5.5,9.1,35.1,117,0,0.0
SEG_03,2023-09-27,12.5,19.0,29.8,118,0,0.0
SEG_03,2023-09-28,7.6,25.5,25.5,119,0,0.0
SEG_03,2023-09-29,15.0,35.1,35.1,120,0,0.0
SEG_03,2023-09-30,7.2,29.8,29.8,121,0,0.0
SEG_03,2024-06-01,14.6,14.6,44.2,0,0,0.0
SEG_03,2024-06-02,10.1,24.8,46.3,1,0,0.0
SEG_03,2024-06-03,12.6,37.4,39.1,2,0,0.0
SEG_03,2024-06-04,21.5,44.2,38.1,3,0,0.0
SEG_03,2024-06-05,12.2,46.3,40.8,4,0,0.0
SEG_03,2024-06-06,5.5,39.1,94.9,5,0,0.0
SEG_03,2024-06-07,20.4,38.1,80.3,6,0,0.0
SEG_03,2024-06-08,15.0,40.8,82.6,7,0,0.0
SEG_03,2024-06-09,59.5,94.9,36.4,8,0,0.0
SEG_03,2024-06-10,5.9,80.3,73.4,9,0,0.0
SEG_03,2024-06-11,17.3,82.6,67.0,10,0,0.0
SEG_03,2024-06-12,13.2,36.4,84.8,11,0,0.0
SEG_03,2024-06-13,42.9,73.4,49.2,12,0,0.0
SEG_03,2024-06-14,10.8,67.0,69.9,13,0,0.0
SEG_03,2024-06-15,31.1,84.8,56.8,14,0,0.0
SEG_03,2024-06-16,7.3,49.2,57.1,15,0,0.0
SEG_03,2024-06-17,31.5,69.9,37.2,16,0,0.0
SEG_03,2024-06-18,18.0,56.8,50.4,17,0,0.0
SEG_03,2024-06-19,7.5,57.1,63.0,18,0,0.0
SEG_03,2024-06-20,11.6,37.2,61.4,19,0,0.0
SEG_03,2024-06-21,31.2,50.4,45.5,20,0,0.0
SEG_03,2024-06-22,20.2,63.0,46.1,21,1,0.0
SEG_03,2024-06-23,9.9,61.4,38.6,22,0,1.0
SEG_03,2024-06-24,15.4,45.5,36.3,23,0,1.0
SEG_03,2024-06-25,20.7,46.1,53.9,24,0,1.0
SEG_03,2024-06-26,2.5,38.6,94.6,25,0,1.0
SEG_03,2024-06-27,13.1,36.3,94.6,26,0,1.0
SEG_03,2024-06-28,38.3,53.9,87.7,27,0,1.0
SEG_03,2024-06-29,43.2,94.6,63.6,28,0,1.0
SEG_03,2024-06-30,13.1,94.6,85.3,29,0,1.0
SEG_03,2024-07-01,31.4,87.7,72.2,30,0,1.0
SEG_03,2024-07-02,19.1,63.6,84.7,31,0,1.0
SEG_03,2024-07-03,34.8,85.3,64.5,32,0,1.0
SEG_03,2024-07-04,18.3,72.2,51.3,33,0,1.0
SEG_03,2024-07-05,31.6,84.7,39.9,34,0,1.0
SEG_03,2024-07-06,14.6,64.5,40.2,35,0,1.0
SEG_03,2024-07-07,5.2,51.3,53.4,36,0,0.0
SEG_03,2024-07-08,20.2,39.9,66.5,37,0,0.0
SEG_03,2024-07-09,14.9,40.2,125.0,38,0,0.0
SEG_03,2024-07-10,18.4,53.4,159.2,39,0,0.0
SEG_03,2024-07-11,33.2,66.5,143.7,40,0,0.0
SEG_03,2024-07-12,73.4,125.0,80.3,41,1,0.0
SEG_03,2024-07-13,52.6,159.2,49.5,42,0,1.0
SEG_03,2024-07-14,17.7,143.7,48.3,43,0,1.0
SEG_03,2024-07-15,10.0,80.3,95.5,44,0,1.0
SEG_03,2024-07-16,21.7,49.5,135.8,45,0,1.0
SEG_03,2024-07-17,16.5,48.3,154.5,46,0,1.0
SEG_03,2024-07-18,57.2,95.5,105.1,47,0,1.0
SEG_03,2024-07-19,62.1,135.8,63.6,48,0,1.0
SEG_03,2024-07-20,35.2,154.5,55.1,49,0,1.0
SEG_03,2024-07-21,7.8,105.1,66.7,50,0,1.0
SEG_03,2024-07-22,20.6,63.6,65.2,51,0,1.0
SEG_03,2024-07-23,26.7,55.1,61.3,52,0,1.0
SEG_03,2024-07-24,19.4,66.7,140.2,53,0,1.0
SEG_03,2024-07-25,19.1,65.2,133.6,54,0,1.0
SEG_03,2024-07-26,22.8,61.3,183.8,55,0,1.0
SEG_03,2024-07-27,98.3,140.2,113.6,56,1,0.0
SEG_03,2024-07-28,12.6,133.6,127.3,57,1,1.0
SEG_03,2024-07-29,73.0,183.8,71.3,58,0,2.0
SEG_03,2024-07-30,28.0,113.6,57.4,59,0,2.0
SEG_03,2024-07-31,26.3,127.3,34.0,60,0,2.0
SEG_03,2024-08-01,17.0,71.3,27.3,61,0,2.0
SEG_03,2024-08-02,14.1,57.4,16.9,62,0,2.0
SEG_03,2024-08-03,2.9,34.0,17.6,63,0,2.0
SEG_03,2024-08-04,10.3,27.3,13.9,64,0,2.0
SEG_03,2024-08-05,3.7,16.9,55.0,65,0,2.0
SEG_03,2024-08-06,3.6,17.6,96.1,66,0,2.0
SEG_03,2024-08-07,6.5,13.9,100.1,67,0,2.0
SEG_03,2024-08-08,44.9,55.0,60.2,68,0,2.0
SEG_03,2024-08-09,44.7,96.1,29.1,69,0,2.0
SEG_03,2024-08-10,10.5,100.1,50.5,70,0,2.0
SEG_03,2024-08-11,4.9,60.2,84.3,71,0,1.0
SEG_03,2024-08-12,13.6,29.1,93.3,72,0,0.0
SEG_03,2024-08-13,31.9,50.5,87.1,73,0,0.0
SEG_03,2024-08-14,38.8,84.3,72.3,74,0,0.0
SEG_03,2024-08-15,22.7,93.3,53.6,75,0,0.0
SEG_03,2024-08-16,25.7,87.1,33.4,76,0,0.0
SEG_03,2024-08-17,23.9,72.3,68.7,77,0,0.0
SEG_03,2024-08-18,4.0,53.6,87.2,78,0,0.0
SEG_03,2024-08-19,5.4,33.4,83.9,79,0,0.0
SEG_03,2024-08-20,59.2,68.7,51.5,80,0,0.0
SEG_03,2024-08-21,22.6,87.2,37.5,81,0,0.0
SEG_03,2024-08-22,2.1,83.9,76.4,82,0,0.0
SEG_03,2024-08-23,26.9,51.5,87.5,83,0,0.0
SEG_03,2024-08-24,8.6,37.5,109.5,84,0,0.0
SEG_03,2024-08-25,40.9,76.4,91.0,85,1,0.0
SEG_03,2024-08-26,38.0,87.5,100.9,86,1,1.0
SEG_03,2024-08-27,30.7,109.5,121.4,87,1,2.0
SEG_03,2024-08-28,22.4,91.0,107.8,88,1,3.0
SEG_03,2024-08-29,47.8,100.9,90.4,89,1,4.0
SEG_03,2024-08-30,51.2,121.4,51.2,90,0,5.0
SEG_03,2024-08-31,8.8,107.8,50.1,91,0,5.0
SEG_03,2024-09-01,30.4,90.4,70.8,92,0,5.0
SEG_03,2024-09-02,12.0,51.2,92.7,93,0,5.0
SEG_03,2024-09-03,7.6,50.1,108.9,94,0,5.0
SEG_03,2024-09-04,51.1,70.8,67.3,95,0,5.0
SEG_03,2024-09-05,33.9,92.7,85.5,96,0,5.0
SEG_03,2024-09-06,23.8,108.9,70.2,97,0,5.0
SEG_03,2024-09-07,9.6,67.3,67.4,98,1,5.0
SEG_03,2024-09-08,52.2,85.5,34.7,99,1,6.0
SEG_03,2024-09-09,8.5,70.2,58.1,100,0,6.0
SEG_03,2024-09-10,6.8,67.4,66.1,101,0,5.0
SEG_03,2024-09-11,19.5,34.7,68.8,102,0,4.0
SEG_03,2024-09-12,31.9,58.1,48.8,103,0,3.0
SEG_03,2024-09-13,14.8,66.1,47.2,104,0,2.0
SEG_03,2024-09-14,22.1,68.8,88.8,105,0,2.0
SEG_03,2024-09-15,12.0,48.8,94.9,106,0,2.0
SEG_03,2024-09-16,13.1,47.2,131.7,107,0,2.0
SEG_03,2024-09-17,63.7,88.8,71.5,108,0,2.0
SEG_03,2024-09-18,18.1,94.9,94.9,109,0,2.0
SEG_03,2024-09-19,49.9,131.7,55.0,110,0,2.0
SEG_03,2024-09-20,3.5,71.5,86.0,111,0,2.0
SEG_03,2024-09-21,41.5,94.9,54.5,112,1,2.0
SEG_03,2024-09-22,10.0,55.0,58.4,113,1,2.0
SEG_03,2024-09-23,34.5,86.0,31.3,114,1,2.0
SEG_03,2024-09-24,9.9,54.5,56.4,115,0,3.0
SEG_03,2024-09-25,13.9,58.4,81.4,116,0,3.0
SEG_03,2024-09-26,7.4,31.3,84.2,117,0,3.0
SEG_03,2024-09-27,35.0,56.4,53.8,118,0,3.0
SEG_03,2024-09-28,38.9,81.4,81.4,119,0,3.0
SEG_03,2024-09-29,10.3,84.2,84.2,120,0,3.0
SEG_03,2024-09-30,4.6,53.8,53.8,121,0,3.0
SEG_03,2025-06-01,2.2,2.2,8.6,0,0,3.0
SEG_03,2025-06-02,2.9,5.1,11.8,1,0,3.0
SEG_03,2025-06-03,4.4,9.5,25.0,2,0,3.0
SEG_03,2025-06-04,1.3,8.6,30.4,3,0,3.0
SEG_03,2025-06-05,6.1,11.8,30.3,4,0,3.0
SEG_03,2025-06-06,17.6,25.0,18.2,5,0,2.0
SEG_03,2025-06-07,6.7,30.4,28.4,6,1,1.0
SEG_03,2025-06-08,6.0,30.3,23.4,7,1,1.0
SEG_03,2025-06-09,5.4,18.2,19.6,8,0,2.0
SEG_03,2025-06-10,16.9,28.4,6.5,9,0,2.0
SEG_03,2025-06-11,1.0,23.4,17.0,10,0,2.0
SEG_03,2025-06-12,1.6,19.6,23.3,11,0,2.0
SEG_03,2025-06-13,3.9,6.5,29.0,12,0,2.0
SEG_03,2025-06-14,11.5,17.0,24.5,13,0,2.0
SEG_03,2025-06-15,7.9,23.3,18.1,14,0,2.0
SEG_03,2025-06-16,9.6,29.0,24.7,15,0,2.0
SEG_03,2025-06-17,6.9,24.5,20.9,16,0,2.0
SEG_03,2025-06-18,1.6,18.1,23.0,17,0,2.0
SEG_03,2025-06-19,16.1,24.7,15.1,18,0,2.0
SEG_03,2025-06-20,3.1,20.9,22.3,19,0,2.0
SEG_03,2025-06-21,3.7,23.0,21.0,20,0,2.0
SEG_03,2025-06-22,8.2,15.1,16.0,21,0,1.0
SEG_03,2025-06-23,10.4,22.3,21.9,22,0,0.0
SEG_03,2025-06-24,2.4,21.0,28.8,23,0,0.0
SEG_03,2025-06-25,3.2,16.0,27.0,24,0,0.0
SEG_03,2025-06-26,16.3,21.9,13.4,25,0,0.0
SEG_03,2025-06-27,9.3,28.8,5.1,26,0,0.0
SEG_03,2025-06-28,1.4,27.0,6.1,27,0,0.0
SEG_03,2025-06-29,2.6,13.4,11.8,28,0,0.0
SEG_03,2025-06-30,1.0,5.1,15.7,29,0,0.0
SEG_03,2025-07-01,2.4,6.1,16.2,30,0,0.0
SEG_03,2025-07-02,8.3,11.8,18.2,31,0,0.0
SEG_03,2025-07-03,4.9,15.7,16.6,32,0,0.0
SEG_03,2025-07-04,3.0,16.2,24.1,33,0,0.0
SEG_03,2025-07-05,10.3,18.2,16.0,34,0,0.0
SEG_03,2025-07-06,3.3,16.6,16.3,35,0,0.0
SEG_03,2025-07-07,10.4,24.1,18.6,36,0,0.0
SEG_03,2025-07-08,2.2,16.0,20.8,37,0,0.0
SEG_03,2025-07-09,3.6,16.3,21.2,38,0,0.0
SEG_03,2025-07-10,12.7,18.6,17.1,39,0,0.0
SEG_03,2025-07-11,4.4,20.8,22.9,40,0,0.0
SEG_03,2025-07-12,4.1,21.2,38.2,41,0,0.0
SEG_03,2025-07-13,8.6,17.1,30.6,42,0,0.0
SEG_03,2025-07-14,10.2,22.9,27.7,43,0,0.0
SEG_03,2025-07-15,19.3,38.2,15.5,44,0,0.0
SEG_03,2025-07-16,1.1,30.6,20.9,45,0,0.0
SEG_03,2025-07-17,7.3,27.7,21.6,46,0,0.0
SEG_03,2025-07-18,7.1,15.5,23.7,47,0,0.0
SEG_03,2025-07-19,6.5,20.9,30.5,48,0,0.0
SEG_03,2025-07-20,8.0,21.6,29.1,49,0,0.0
SEG_03,2025-07-21,9.2,23.7,36.0,50,0,0.0
SEG_03,2025-07-22,13.3,30.5,29.4,51,0,0.0
SEG_03,2025-07-23,6.6,29.1,26.4,52,0,0.0
SEG_03,2025-07-24,16.1,36.0,16.5,53,0,0.0
SEG_03,2025-07-25,6.7,29.4,12.4,54,0,0.0
SEG_03,2025-07-26,3.6,26.4,11.5,55,0,0.0
SEG_03,2025-07-27,6.2,16.5,9.9,56,0,0.0
SEG_03,2025-07-28,2.6,12.4,11.6,57,0,0.0
SEG_03,2025-07-29,2.7,11.5,22.0,58,0,0.0
SEG_03,2025-07-30,4.7,9.9,21.9,59,0,0.0
SEG_03,2025-07-31,4.2,11.6,20.0,60,0,0.0
SEG_03,2025-08-01,13.1,22.0,12.3,61,0,0.0
SEG_03,2025-08-02,4.7,21.9,14.3,62,0,0.0
SEG_03,2025-08-03,2.2,20.0,17.9,63,0,0.0
SEG_03,2025-08-04,5.4,12.3,14.6,64,0,0.0
SEG_03,2025-08-05,6.6,14.3,22.0,65,0,0.0
SEG_03,2025-08-06,5.8,17.9,17.1,66,0,0.0
SEG_03,2025-08-07,2.1,14.6,20.7,67,0,0.0
SEG_03,2025-08-08,14.0,22.0,8.8,68,0,0.0
SEG_03,2025-08-09,0.9,17.1,18.7,69,0,0.0
SEG_03,2025-08-10,5.8,20.7,20.3,70,0,0.0
SEG_03,2025-08-11,2.1,8.8,24.9,71,0,0.0
SEG_03,2025-08-12,10.9,18.7,18.4,72,0,0.0
SEG_03,2025-08-13,7.4,20.3,24.2,73,1,0.0
SEG_03,2025-08-14,6.6,24.9,22.0,74,1,1.0
SEG_03,2025-08-15,4.4,18.4,34.6,75,1,2.0
SEG_03,2025-08-16,13.2,24.2,24.0,76,0,3.0
SEG_03,2025-08-17,4.4,22.0,25.0,77,0,3.0
SEG_03,2025-08-18,17.0,34.6,17.1,78,0,3.0
SEG_03,2025-08-19,2.6,24.0,22.2,79,0,3.0
SEG_03,2025-08-20,5.4,25.0,21.9,80,0,3.0
SEG_03,2025-08-21,9.0,17.1,13.9,81,0,3.0
SEG_03,2025-08-22,7.7,22.2,12.3,82,0,3.0
SEG_03,2025-08-23,5.1,21.9,11.1,83,0,3.0
SEG_03,2025-08-24,1.1,13.9,13.3,84,0,3.0
SEG_03,2025-08-25,6.1,12.3,16.7,85,0,3.0
SEG_03,2025-08-26,4.0,11.1,13.5,86,0,3.0
SEG_03,2025-08-27,3.3,13.3,15.5,87,0,3.0
SEG_03,2025-08-28,9.4,16.7,6.4,88,0,2.0
SEG_03,2025-08-29,0.9,13.5,13.3,89,0,1.0
SEG_03,2025-08-30,5.3,15.5,17.5,90,0,0.0
SEG_03,2025-08-31,0.3,6.4,23.3,91,0,0.0
SEG_03,2025-09-01,7.8,13.3,19.2,92,0,0.0
SEG_03,2025-09-02,9.5,17.5,22.8,93,0,0.0
SEG_03,2025-09-03,6.0,23.3,30.4,94,0,0.0
SEG_03,2025-09-04,3.7,19.2,33.6,95,0,0.0
SEG_03,2025-09-05,13.1,22.8,35.6,96,0,0.0
SEG_03,2025-09-06,13.7,30.4,24.5,97,0,0.0
SEG_03,2025-09-07,6.9,33.6,22.5,98,0,0.0
SEG_03,2025-09-08,15.1,35.6,7.9,99,0,0.0
SEG_03,2025-09-09,2.6,24.5,7.3,100,0,0.0
SEG_03,2025-09-10,4.9,22.5,4.2,101,0,0.0
SEG_03,2025-09-11,0.4,7.9,11.4,102,0,0.0
SEG_03,2025-09-12,1.9,7.3,11.6,103,0,0.0
SEG_03,2025-09-13,1.8,4.2,12.8,104,0,0.0
SEG_03,2025-09-14,7.7,11.4,8.5,105,0,0.0
SEG_03,2025-09-15,2.1,11.6,8.0,106,0,0.0
SEG_03,2025-09-16,3.0,12.8,10.6,107,0,0.0
SEG_03,2025-09-17,3.4,8.5,13.7,108,0,0.0
SEG_03,2025-09-18,1.6,8.0,13.4,109,0,0.0
SEG_03,2025-09-19,5.7,10.6,16.3,110,0,0.0
SEG_03,2025-09-20,6.5,13.7,12.3,111,0,0.0
SEG_03,2025-09-21,1.2,13.4,14.4,112,0,0.0
SEG_03,2025-09-22,8.6,16.3,13.2,113,0,0.0
SEG_03,2025-09-23,2.4,12.3,14.1,114,0,0.0
SEG_03,2025-09-24,3.3,14.4,12.7,115,0,0.0
SEG_03,2025-09-25,7.4,13.2,10.7,116,0,0.0
SEG_03,2025-09-26,3.4,14.1,18.4,117,0,0.0
SEG_03,2025-09-27,2.0,12.7,26.5,118,0,0.0
SEG_03,2025-09-28,5.4,10.7,10.7,119,1,0.0
SEG_03,2025-09-29,11.0,18.4,18.4,120,1,1.0
SEG_03,2025-09-30,10.1,26.5,26.5,121,1,2.0
SEG_04,2023-06-01,7.0,7.0,27.9,0,0,0.0
SEG_04,2023-06-02,8.3,15.3,30.4,1,0,0.0
SEG_04,2023-06-03,2.6,17.9,35.3,2,0,0.0
SEG_04,2023-06-04,17.0,27.9,22.9,3,0,0.0
SEG_04,2023-06-05,10.8,30.4,13.7,4,0,0.0
SEG_04,2023-06-06,7.4,35.3,22.4,5,0,0.0
SEG_04,2023-06-07,4.6,22.9,23.5,6,0,0.0
SEG_04,2023-06-08,1.6,13.7,24.0,7,0,0.0
SEG_04,2023-06-09,16.1,22.4,12.4,8,0,0.0
SEG_04,2023-06-10,5.8,23.5,18.3,9,0,0.0
SEG_04,2023-06-11,2.2,24.0,26.2,10,0,0.0
SEG_04,2023-06-12,4.5,12.4,24.9,11,0,0.0
SEG_04,2023-06-13,11.7,18.3,31.3,12,0,0.0
SEG_04,2023-06-14,10.0,26.2,23.4,13,0,0.0
SEG_04,2023-06-15,3.2,24.9,40.9,14,0,0.0
SEG_04,2023-06-16,18.1,31.3,32.5,15,0,0.0
SEG_04,2023-06-17,2.1,23.4,36.5,16,0,0.0
SEG_04,2023-06-18,20.7,40.9,22.7,17,0,0.0
SEG_04,2023-06-19,9.7,32.5,21.9,18,0,0.0
SEG_04,2023-06-20,6.1,36.5,28.1,19,0,0.0
SEG_04,2023-06-21,6.8,22.7,22.6,20,0,0.0
SEG_04,2023-06-22,8.9,21.9,18.0,21,0,0.0
SEG_04,2023-06-23,12.3,28.1,14.4,22,0,0.0
SEG_04,2023-06-24,1.3,22.6,31.6,23,0,0.0
SEG_04,2023-06-25,4.4,18.0,45.4,24,0,0.0
SEG_04,2023-06-26,8.7,14.4,60.2,25,0,0.0
SEG_04,2023-06-27,18.6,31.6,59.1,26,0,0.0
SEG_04,2023-06-28,18.1,45.4,45.1,27,0,0.0
SEG_04,2023-06-29,23.5,60.2,29.8,28,0,0.0
SEG_04,2023-06-30,17.5,59.1,29.9,29,0,0.0
SEG_04,2023-07-01,4.1,45.1,42.3,30,0,0.0
SEG_04,2023-07-02,8.3,29.8,41.1,31,0,0.0
SEG_04,2023-07-03,17.6,29.9,35.7,32,0,0.0
SEG_04,2023-07-04,16.4,42.3,25.0,33,1,0.0
SEG_04,2023-07-05,7.1,41.1,19.8,34,1,1.0
SEG_04,2023-07-06,12.1,35.7,15.3,35,0,2.0
SEG_04,2023-07-07,5.7,25.0,16.9,36,0,2.0
SEG_04,2023-07-08,1.9,19.8,20.4,37,0,2.0
SEG_04,2023-07-09,7.6,15.3,25.2,38,0,2.0
SEG_04,2023-07-10,7.3,16.9,24.8,39,0,2.0
SEG_04,2023-07-11,5.5,20.4,30.5,40,0,2.0
SEG_04,2023-07-12,12.4,25.2,32.4,41,0,2.0
SEG_04,2023-07-13,6.9,24.8,60.8,42,0,2.0
SEG_04,2023-07-14,11.2,30.5,57.4,43,0,2.0
SEG_04,2023-07-15,14.3,32.4,61.9,44,0,2.0
SEG_04,2023-07-16,35.4,60.8,36.4,45,0,2.0
SEG_04,2023-07-17,7.7,57.4,39.0,46,0,2.0
SEG_04,2023-07-18,18.7,61.9,28.1,47,0,2.0
SEG_04,2023-07-19,9.9,36.4,27.5,48,0,1.0
SEG_04,2023-07-20,10.4,39.0,24.1,49,1,0.0
SEG_04,2023-07-21,7.8,28.1,32.9,50,0,1.0
SEG_04,2023-07-22,9.3,27.5,28.1,51,0,1.0
SEG_04,2023-07-23,7.0,24.1,23.0,52,0,1.0
SEG_04,2023-07-24,16.6,32.9,11.8,53,0,1.0
SEG_04,2023-07-25,4.5,28.1,12.2,54,0,1.0
SEG_04,2023-07-26,1.9,23.0,15.6,55,0,1.0
SEG_04,2023-07-27,5.4,11.8,17.7,56,0,1.0
SEG_04,2023-07-28,4.9,12.2,18.2,57,0,1.0
SEG_04,2023-07-29,5.4,15.6,20.3,58,0,1.0
SEG_04,2023-07-30,7.5,17.7,18.2,59,0,1.0
SEG_04,2023-07-31,5.4,18.2,24.1,60,0,1.0
SEG_04,2023-08-01,7.4,20.3,51.9,61,0,1.0
SEG_04,2023-08-02,5.4,18.2,56.3,62,0,1.0
SEG_04,2023-08-03,11.3,24.1,50.5,63,0,1.0
SEG_04,2023-08-04,35.2,51.9,15.9,64,0,0.0
SEG_04,2023-08-05,9.8,56.3,33.9,65,0,0.0
SEG_04,2023-08-06,5.6,50.5,38.5,66,0,0.0
SEG_04,2023-08-07,0.5,15.9,45.4,67,0,0.0
SEG_04,2023-08-08,27.8,33.9,18.1,68,0,0.0
SEG_04,2023-08-09,10.2,38.5,15.6,69,0,0.0
SEG_04,2023-08-10,7.4,45.4,17.5,70,0,0.0
SEG_04,2023-08-11,0.6,18.1,22.3,71,0,0.0
SEG_04,2023-08-12,7.7,15.6,17.0,72,0,0.0
SEG_04,2023-08-13,9.2,17.5,9.9,73,0,0.0
SEG_04,2023-08-14,5.4,22.3,32.6,74,0,0.0
SEG_04,2023-08-15,2.3,17.0,39.3,75,0,0.0
SEG_04,2023-08-16,2.2,9.9,42.5,76,0,0.0
SEG_04,2023-08-17,28.1,32.6,23.1,77,0,0.0
SEG_04,2023-08-18,9.0,39.3,22.2,78,0,0.0
SEG_04,2023-08-19,5.4,42.5,18.9,79,0,0.0
SEG_04,2023-08-20,8.6,23.1,26.1,80,0,0.0
SEG_04,2023-08-21,8.2,22.2,25.1,81,0,0.0
SEG_04,2023-08-22,2.1,18.9,32.2,82,0,0.0
SEG_04,2023-08-23,15.8,26.1,38.4,83,0,0.0
SEG_04,2023-08-24,7.2,25.1,33.7,84,0,0.0
SEG_04,2023-08-25,9.1,32.2,28.8,85,0,0.0
SEG_04,2023-08-26,22.1,38.4,17.3,86,0,0.0
SEG_04,2023-08-27,2.4,33.7,30.5,87,1,0.0
SEG_04,2023-08-28,4.3,28.8,31.2,88,1,1.0
SEG_04,2023-08-29,10.6,17.3,25.8,89,1,2.0
SEG_04,2023-08-30,15.6,30.5,23.4,90,1,3.0
SEG_04,2023-08-31,5.0,31.2,51.8,91,0,4.0
SEG_04,2023-09-01,5.2,25.8,55.4,92,0,4.0
SEG_04,2023-09-02,13.2,23.4,46.5,93,0,4.0
SEG_04,2023-09-03,33.4,51.8,16.4,94,0,4.0
SEG_04,2023-09-04,8.8,55.4,15.0,95,0,4.0
SEG_04,2023-09-05,4.3,46.5,25.8,96,0,4.0
SEG_04,2023-09-06,3.2,16.4,65.7,97,0,4.0
SEG_04,2023-09-07,7.5,15.0,64.7,98,0,4.0
SEG_04,2023-09-08,15.1,25.8,58.4,99,0,4.0
SEG_04,2023-09-09,43.1,65.7,40.4,100,0,4.0
SEG_04,2023-09-10,6.5,64.7,44.4,101,0,4.0
SEG_04,2023-09-11,8.9,58.4,45.4,102,0,3.0
SEG_04,2023-09-12,25.1,40.4,42.2,103,0,2.0
SEG_04,2023-09-13,10.5,44.4,40.8,104,0,1.0
SEG_04,2023-09-14,9.8,45.4,34.4,105,0,0.0
SEG_04,2023-09-15,21.9,42.2,31.5,106,0,0.0
SEG_04,2023-09-16,9.0,40.8,24.2,107,0,0.0
SEG_04,2023-09-17,3.5,34.4,37.6,108,0,0.0
SEG_04,2023-09-18,19.0,31.5,26.9,109,0,0.0
SEG_04,2023-09-19,1.7,24.2,31.8,110,0,0.0
SEG_04,2023-09-20,16.9,37.6,21.4,111,0,0.0
SEG_04,2023-09-21,8.3,26.9,20.5,112,0,0.0
SEG_04,2023-09-22,6.6,31.8,19.7,113,0,0.0
SEG_04,2023-09-23,6.4,21.4,24.9,114,0,0.0
SEG_04,2023-09-24,7.5,20.5,23.4,115,0,0.0
SEG_04,2023-09-25,5.8,19.7,26.0,116,0,0.0
SEG_04,2023-09-26,11.6,24.9,15.4,117,0,0.0
SEG_04,2023-09-27,6.0,23.4,17.7,118,0,0.0
SEG_04,2023-09-28,8.4,26.0,26.0,119,0,0.0
SEG_04,2023-09-29,1.0,15.4,15.4,120,0,0.0
SEG_04,2023-09-30,8.3,17.7,17.7,121,0,0.0
SEG_04,2024-06-01,17.1,17.1,57.8,0,0,0.0
SEG_04,2024-06-02,30.3,47.4,46.8,1,0,0.0
SEG_04,2024-06-03,23.2,70.6,44.2,2,0,0.0
SEG_04,2024-06-04,4.3,57.8,88.7,3,0,0.0
SEG_04,2024-06-05,19.3,46.8,84.6,4,0,0.0
SEG_04,2024-06-06,20.6,44.2,92.4,5,0,0.0
SEG_04,2024-06-07,48.8,88.7,144.0,6,0,0.0
SEG_04,2024-06-08,15.2,84.6,172.0,7,0,0.0
SEG_04,2024-06-09,28.5,92.4,151.8,8,0,0.0
SEG_04,2024-06-10,100.4,144.0,84.7,9,0,0.0
SEG_04,2024-06-11,43.2,172.0,68.5,10,1,0.0
SEG_04,2024-06-12,8.2,151.8,75.0,11,1,1.0
SEG_04,2024-06-13,33.2,84.7,75.3,12,1,2.0
SEG_04,2024-06-14,27.0,68.5,56.4,13,1,3.0
SEG_04,2024-06-15,14.8,75.0,53.2,14,1,4.0
SEG_04,2024-06-16,33.5,75.3,36.9,15,0,5.0
SEG_04,2024-06-17,8.1,56.4,43.0,16,0,5.0
SEG_04,2024-06-18,11.5,53.2,62.4,17,0,5.0
SEG_04,2024-06-19,17.2,36.9,64.2,18,0,5.0
SEG_04,2024-06-20,14.2,43.0,63.0,19,0,5.0
SEG_04,2024-06-21,31.0,62.4,74.7,20,0,5.0
SEG_04,2024-06-22,18.9,64.2,86.0,21,0,5.0
SEG_04,2024-06-23,13.1,63.0,78.1,22,0,5.0
SEG_04,2024-06-24,42.7,74.7,40.5,23,0,5.0
SEG_04,2024-06-25,30.2,86.0,23.5,24,0,5.0
SEG_04,2024-06-26,5.2,78.1,24.2,25,0,4.0
SEG_04,2024-06-27,5.1,40.5,57.2,26,0,3.0
SEG_04,2024-06-28,13.2,23.5,56.1,27,0,2.0
SEG_04,2024-06-29,5.9,24.2,78.6,28,0,1.0
SEG_04,2024-06-30,38.1,57.2,73.4,29,0,0.0
SEG_04,2024-07-01,12.0,56.1,64.2,30,0,0.0
SEG_04,2024-07-02,28.4,78.6,48.2,31,0,0.0
SEG_04,2024-07-03,32.9,73.4,31.9,32,0,0.0
SEG_04,2024-07-04,2.8,64.2,53.0,33,1,0.0
SEG_04,2024-07-05,12.5,48.2,77.2,34,1,1.0
SEG_04,2024-07-06,16.6,31.9,139.6,35,1,2.0
SEG_04,2024-07-07,24.0,53.0,173.2,36,0,3.0
SEG_04,2024-07-08,36.7,77.2,155.3,37,0,3.0
SEG_04,2024-07-09,79.0,139.6,94.9,38,0,3.0
SEG_04,2024-07-10,57.6,173.2,90.9,39,0,3.0
SEG_04,2024-07-11,18.8,155.3,91.7,40,0,3.0
SEG_04,2024-07-12,18.6,94.9,85.4,41,0,3.0
SEG_04,2024-07-13,53.6,90.9,70.4,42,0,3.0
SEG_04,2024-07-14,19.6,91.7,75.6,43,0,3.0
SEG_04,2024-07-15,12.2,85.4,68.4,44,0,3.0
SEG_04,2024-07-16,38.6,70.4,45.2,45,0,3.0
SEG_04,2024-07-17,24.8,75.6,26.4,46,0,3.0
SEG_04,2024-07-18,5.0,68.4,22.5,47,0,3.0
SEG_04,2024-07-19,15.3,45.2,70.1,48,0,2.0
SEG_04,2024-07-20,6.1,26.4,85.5,49,0,1.0
SEG_04,2024-07-21,1.1,22.5,100.2,50,0,0.0
SEG_04,2024-07-22,62.9,70.1,50.3,51,0,0.0
SEG_04,2024-07-23,21.5,85.5,48.7,52,0,0.0
SEG_04,2024-07-24,15.8,100.2,45.8,53,0,0.0
SEG_04,2024-07-25,13.1,50.3,41.1,54,0,0.0
SEG_04,2024-07-26,19.8,48.7,34.9,55,0,0.0
SEG_04,2024-07-27,12.9,45.8,72.1,56,0,0.0
SEG_04,2024-07-28,8.4,41.1,101.6,57,0,0.0
SEG_04,2024-07-29,13.6,34.9,101.7,58,0,0.0
SEG_04,2024-07-30,50.1,72.1,118.7,59,0,0.0
SEG_04,2024-07-31,38.0,101.6,99.3,60,0,0.0
SEG_04,2024-08-01,13.6,101.7,95.9,61,0,0.0
SEG_04,2024-08-02,67.2,118.7,54.4,62,1,0.0
SEG_04,2024-08-03,18.6,99.3,91.3,63,1,1.0
SEG_04,2024-08-04,10.2,95.9,129.6,64,1,2.0
SEG_04,2024-08-05,25.6,54.4,114.6,65,0,3.0
SEG_04,2024-08-06,55.5,91.3,66.0,66,0,3.0
SEG_04,2024-08-07,48.5,129.6,32.1,67,0,3.0
SEG_04,2024-08-08,10.6,114.6,50.3,68,0,3.0
SEG_04,2024-08-09,6.9,66.0,78.0,69,0,3.0
SEG_04,2024-08-10,14.6,32.1,107.3,70,0,3.0
SEG_04,2024-08-11,28.8,50.3,100.9,71,0,3.0
SEG_04,2024-08-12,34.5,78.0,89.3,72,0,3.0
SEG_04,2024-08-13,43.9,107.3,67.1,73,0,3.0
SEG_04,2024-08-14,22.4,100.9,84.9,74,0,3.0
SEG_04,2024-08-15,23.0,89.3,96.9,75,0,3.0
SEG_04,2024-08-16,21.8,67.1,85.4,76,0,3.0
SEG_04,2024-08-17,40.1,84.9,77.3,77,0,2.0
SEG_04,2024-08-18,35.0,96.9,80.7,78,0,1.0
SEG_04,2024-08-19,10.3,85.4,110.9,79,0,0.0
SEG_04,2024-08-20,32.0,77.3,103.7,80,0,0.0
SEG_04,2024-08-21,38.4,80.7,89.2,81,0,0.0
SEG_04,2024-08-22,40.5,110.9,67.9,82,0,0.0
SEG_04,2024-08-23,24.8,103.7,63.8,83,0,0.0
SEG_04,2024-08-24,23.9,89.2,100.4,84,0,0.0
SEG_04,2024-08-25,19.2,67.9,102.5,85,0,0.0
SEG_04,2024-08-26,20.8,63.8,92.7,86,0,0.0
SEG_04,2024-08-27,60.5,100.4,57.5,87,0,0.0
SEG_04,2024-08-28,21.3,102.5,70.3,88,0,0.0
SEG_04,2024-08-29,11.0,92.7,98.6,89,0,0.0
SEG_04,2024-08-30,25.2,57.5,81.7,90,0,0.0
SEG_04,2024-08-31,34.1,70.3,100.0,91,0,0.0
SEG_04,2024-09-01,39.3,98.6,93.9,92,0,0.0
SEG_04,2024-09-02,8.3,81.7,136.0,93,0,0.0
SEG_04,2024-09-03,52.4,100.0,89.3,94,0,0.0
SEG_04,2024-09-04,33.2,93.9,97.7,95,0,0.0
SEG_04,2024-09-05,50.4,136.0,55.2,96,1,0.0
SEG_04,2024-09-06,5.7,89.3,65.5,97,1,1.0
SEG_04,2024-09-07,41.5,97.7,57.9,98,0,2.0
SEG_04,2024-09-08,7.9,55.2,57.2,99,0,2.0
SEG_04,2024-09-09,16.0,65.5,54.0,100,0,2.0
SEG_04,2024-09-10,33.9,57.9,25.7,101,0,2.0
SEG_04,2024-09-11,7.2,57.2,51.7,102,0,2.0
SEG_04,2024-09-12,12.8,54.0,49.0,103,0,2.0
SEG_04,2024-09-13,5.6,25.7,63.7,104,0,2.0
SEG_04,2024-09-14,33.3,51.7,57.4,105,0,2.0
SEG_04,2024-09-15,10.1,49.0,72.3,106,0,2.0
SEG_04,2024-09-16,20.3,63.7,75.4,107,0,2.0
SEG_04,2024-09-17,27.0,57.4,71.8,108,0,2.0
SEG_04,2024-09-18,25.0,72.3,52.7,109,0,2.0
SEG_04,2024-09-19,23.4,75.4,46.0,110,0,2.0
SEG_04,2024-09-20,23.4,71.8,45.9,111,0,1.0
SEG_04,2024-09-21,6.0,52.7,61.3,112,0,0.0
SEG_04,2024-09-22,16.7,46.0,62.9,113,0,0.0
SEG_04,2024-09-23,23.2,45.9,51.0,114,0,0.0
SEG_04,2024-09-24,21.4,61.3,54.2,115,0,0.0
SEG_04,2024-09-25,18.3,62.9,64.0,116,0,0.0
SEG_04,2024-09-26,11.3,51.0,66.9,117,0,0.0
SEG_04,2024-09-27,24.6,54.2,81.8,118,0,0.0
SEG_04,2024-09-28,28.0,64.0,64.0,119,0,0.0
SEG_04,2024-09-29,14.3,66.9,66.9,120,0,0.0
SEG_04,2024-09-30,39.5,81.8,81.8,121,0,0.0
SEG_04,2025-06-01,2.4,2.4,26.4,0,0,0.0
SEG_04,2025-06-02,11.2,13.6,18.3,1,0,0.0
SEG_04,2025-06-03,12.6,26.1,12.6,2,0,0.0
SEG_04,2025-06-04,2.6,26.4,21.5,3,0,0.0
SEG_04,2025-06-05,3.1,18.3,25.9,4,0,0.0
SEG_04,2025-06-06,6.9,12.6,23.0,5,0,0.0
SEG_04,2025-06-07,11.5,21.5,13.3,6,0,0.0
SEG_04,2025-06-08,7.5,25.9,23.3,7,0,0.0
SEG_04,2025-06-09,4.0,23.0,26.9,8,0,0.0
SEG_04,2025-06-10,1.7,13.3,45.2,9,0,0.0
SEG_04,2025-06-11,17.5,23.3,36.2,10,0,0.0
SEG_04,2025-06-12,7.7,26.9,46.8,11,0,0.0
SEG_04,2025-06-13,20.1,45.2,29.7,12,0,0.0
SEG_04,2025-06-14,8.5,36.2,24.3,13,0,0.0
SEG_04,2025-06-15,18.3,46.8,10.9,14,0,0.0
SEG_04,2025-06-16,2.9,29.7,10.7,15,0,0.0
SEG_04,2025-06-17,3.1,24.3,8.8,16,0,0.0
SEG_04,2025-06-18,4.9,10.9,7.2,17,0,0.0
SEG_04,2025-06-19,2.7,10.7,12.9,18,0,0.0
SEG_04,2025-06-20,1.2,8.8,13.7,19,0,0.0
SEG_04,2025-06-21,3.4,7.2,12.4,20,0,0.0
SEG_04,2025-06-22,8.4,12.9,7.6,21,0,0.0
SEG_04,2025-06-23,1.9,13.7,8.1,22,0,0.0
SEG_04,2025-06-24,2.1,12.4,9.7,23,0,0.0
SEG_04,2025-06-25,3.6,7.6,11.4,24,0,0.0
SEG_04,2025-06-26,2.4,8.1,11.0,25,0,0.0
SEG_04,2025-06-27,3.7,9.7,10.9,26,0,0.0
SEG_04,2025-06-28,5.2,11.4,11.2,27,0,0.0
SEG_04,2025-06-29,2.0,11.0,12.0,28,0,0.0
SEG_04,2025-06-30,3.6,10.9,10.1,29,0,0.0
SEG_04,2025-07-01,5.6,11.2,7.5,30,0,0.0
SEG_04,2025-07-02,2.8,12.0,8.9,31,0,0.0
SEG_04,2025-07-03,1.7,10.1,8.3,32,0,0.0
SEG_04,2025-07-04,3.0,7.5,13.8,33,0,0.0
SEG_04,2025-07-05,4.2,8.9,14.0,34,0,0.0
SEG_04,2025-07-06,1.1,8.3,15.9,35,0,0.0
SEG_04,2025-07-07,8.5,13.8,8.7,36,0,0.0
SEG_04,2025-07-08,4.4,14.0,12.0,37,0,0.0
SEG_04,2025-07-09,3.0,15.9,21.7,38,0,0.0
SEG_04,2025-07-10,1.3,8.7,23.8,39,0,0.0
SEG_04,2025-07-11,7.7,12.0,35.0,40,0,0.0
SEG_04,2025-07-12,12.6,21.7,27.8,41,0,0.0
SEG_04,2025-07-13,3.5,23.8,29.8,42,0,0.0
SEG_04,2025-07-14,18.9,35.0,21.1,43,0,0.0
SEG_04,2025-07-15,5.4,27.8,23.7,44,0,0.0
SEG_04,2025-07-16,5.5,29.8,20.1,45,0,0.0
SEG_04,2025-07-17,10.2,21.1,13.3,46,0,0.0
SEG_04,2025-07-18,8.0,23.7,16.7,47,1,0.0
SEG_04,2025-07-19,1.9,20.1,22.9,48,1,1.0
SEG_04,2025-07-20,3.4,13.3,38.6,49,0,2.0
SEG_04,2025-07-21,11.4,16.7,34.4,50,0,2.0
SEG_04,2025-07-22,8.1,22.9,34.6,51,0,2.0
SEG_04,2025-07-23,19.0,38.6,18.5,52,0,2.0
SEG_04,2025-07-24,7.2,34.4,23.8,53,0,2.0
SEG_04,2025-07-25,8.3,34.6,16.0,54,0,2.0
SEG_04,2025-07-26,3.0,18.5,19.3,55,0,2.0
SEG_04,2025-07-27,12.5,23.8,15.3,56,0,2.0
SEG_04,2025-07-28,0.5,16.0,21.7,57,0,2.0
SEG_04,2025-07-29,6.3,19.3,20.8,58,0,2.0
SEG_04,2025-07-30,8.5,15.3,17.3,59,0,2.0
SEG_04,2025-07-31,6.9,21.7,16.0,60,0,2.0
SEG_04,2025-08-01,5.4,20.8,12.7,61,0,2.0
SEG_04,2025-08-02,5.0,17.3,14.6,62,0,1.0
SEG_04,2025-08-03,5.6,16.0,12.1,63,0,0.0
SEG_04,2025-08-04,2.2,12.7,13.4,64,0,0.0
SEG_04,2025-08-05,6.9,14.6,8.5,65,0,0.0
SEG_04,2025-08-06,3.0,12.1,36.2,66,0,0.0
SEG_04,2025-08-07,3.5,13.4,39.2,67,0,0.0
SEG_04,2025-08-08,2.0,8.5,38.9,68,1,0.0
SEG_04,2025-08-09,30.8,36.2,14.1,69,1,1.0
SEG_04,2025-08-10,6.5,39.2,20.0,70,1,2.0
SEG_04,2025-08-11,1.6,38.9,25.2,71,1,3.0
SEG_04,2025-08-12,6.0,14.1,24.5,72,0,4.0
SEG_04,2025-08-13,12.4,20.0,14.9,73,0,4.0
SEG_04,2025-08-14,6.8,25.2,14.9,74,0,4.0
SEG_04,2025-08-15,5.3,24.5,19.1,75,0,4.0
SEG_04,2025-08-16,2.8,14.9,25.8,76,0,4.0
SEG_04,2025-08-17,6.8,14.9,25.4,77,0,4.0
SEG_04,2025-08-18,9.5,19.1,22.2,78,0,4.0
SEG_04,2025-08-19,9.5,25.8,26.5,79,0,4.0
SEG_04,2025-08-20,6.3,25.4,33.0,80,0,4.0
SEG_04,2025-08-21,6.3,22.2,31.4,81,0,4.0
SEG_04,2025-08-22,13.8,26.5,35.5,82,0,4.0
SEG_04,2025-08-23,12.9,33.0,24.3,83,0,3.0
SEG_04,2025-08-24,4.7,31.4,26.1,84,0,2.0
SEG_04,2025-08-25,17.9,35.5,15.2,85,0,1.0
SEG_04,2025-08-26,1.6,24.3,16.3,86,0,0.0
SEG_04,2025-08-27,6.6,26.1,11.0,87,0,0.0
SEG_04,2025-08-28,7.1,15.2,6.6,88,0,0.0
SEG_04,2025-08-29,2.6,16.3,14.8,89,0,0.0
SEG_04,2025-08-30,1.3,11.0,24.6,90,0,0.0
SEG_04,2025-08-31,2.7,6.6,31.0,91,0,0.0
SEG_04,2025-09-01,10.8,14.8,23.2,92,0,0.0
SEG_04,2025-09-02,11.0,24.6,23.3,93,0,0.0
SEG_04,2025-09-03,9.1,31.0,17.4,94,0,0.0
SEG_04,2025-09-04,3.0,23.2,21.2,95,0,0.0
SEG_04,2025-09-05,11.1,23.3,15.7,96,0,0.0
SEG_04,2025-09-06,3.2,17.4,16.5,97,0,0.0
SEG_04,2025-09-07,6.9,21.2,18.4,98,0,0.0
SEG_04,2025-09-08,5.6,15.7,22.9,99,0,0.0
SEG_04,2025-09-09,4.1,16.5,21.7,100,0,0.0
SEG_04,2025-09-10,8.8,18.4,18.8,101,0,0.0
SEG_04,2025-09-11,10.1,22.9,18.4,102,0,0.0
SEG_04,2025-09-12,2.9,21.7,15.8,103,0,0.0
SEG_04,2025-09-13,5.8,18.8,17.5,104,0,0.0
SEG_04,2025-09-14,9.7,18.4,17.6,105,0,0.0
SEG_04,2025-09-15,0.2,15.8,25.2,106,0,0.0
SEG_04,2025-09-16,7.5,17.5,25.7,107,0,0.0
SEG_04,2025-09-17,9.8,17.6,21.1,108,0,0.0
SEG_04,2025-09-18,7.8,25.2,22.7,109,0,0.0
SEG_04,2025-09-19,8.1,25.7,16.5,110,0,0.0
SEG_04,2025-09-20,5.3,21.1,13.9,111,0,0.0
SEG_04,2025-09-21,9.4,22.7,12.5,112,0,0.0
SEG_04,2025-09-22,1.8,16.5,20.1,113,0,0.0
SEG_04,2025-09-23,2.7,13.9,29.8,114,0,0.0
SEG_04,2025-09-24,8.0,12.5,38.0,115,0,0.0
SEG_04,2025-09-25,9.4,20.1,31.7,116,0,0.0
SEG_04,2025-09-26,12.5,29.8,21.4,117,0,0.0
SEG_04,2025-09-27,16.2,38.0,15.9,118,1,0.0
SEG_04,2025-09-28,3.1,31.7,31.7,119,1,1.0
SEG_04,2025-09-29,2.2,21.4,21.4,120,1,2.0
SEG_04,2025-09-30,10.7,15.9,15.9,121,0,3.0
SEG_05,2023-06-01,21.1,21.1,13.4,0,0,0.0
SEG_05,2023-06-02,1.6,22.7,80.2,1,0,0.0
SEG_05,2023-06-03,3.0,25.7,100.8,2,0,0.0
SEG_05,2023-06-04,8.8,13.4,103.3,3,0,0.0
SEG_05,2023-06-05,68.4,80.2,42.6,4,0,0.0
SEG_05,2023-06-06,23.6,100.8,25.5,5,0,0.0
SEG_05,2023-06-07,11.3,103.3,26.2,6,0,0.0
SEG_05,2023-06-08,7.8,42.6,29.8,7,0,0.0
SEG_05,2023-06-09,6.4,25.5,39.6,8,0,0.0
SEG_05,2023-06-10,12.0,26.2,55.6,9,0,0.0
SEG_05,2023-06-11,11.4,29.8,62.5,10,0,0.0
SEG_05,2023-06-12,16.2,39.6,80.6,11,0,0.0
SEG_05,2023-06-13,27.9,55.6,68.0,12,0,0.0
SEG_05,2023-06-14,18.3,62.5,108.0,13,0,0.0
SEG_05,2023-06-15,34.4,80.6,107.4,14,0,0.0
SEG_05,2023-06-16,15.3,68.0,115.2,15,0,0.0
SEG_05,2023-06-17,58.3,108.0,84.9,16,0,0.0
SEG_05,2023-06-18,33.8,107.4,63.4,17,0,0.0
SEG_05,2023-06-19,23.1,115.2,56.3,18,1,0.0
SEG_05,2023-06-20,28.0,84.9,43.8,19,1,1.0
SEG_05,2023-06-21,12.3,63.4,41.7,20,0,2.0
SEG_05,2023-06-22,16.0,56.3,31.0,21,0,2.0
SEG_05,2023-06-23,15.5,43.8,44.6,22,0,2.0
SEG_05,2023-06-24,10.1,41.7,72.7,23,0,2.0
SEG_05,2023-06-25,5.4,31.0,93.5,24,0,2.0
SEG_05,2023-06-26,29.1,44.6,82.7,25,0,2.0
SEG_05,2023-06-27,38.2,72.7,120.6,26,0,2.0
SEG_05,2023-06-28,26.2,93.5,105.5,27,0,2.0
SEG_05,2023-06-29,18.3,82.7,111.0,28,0,2.0
SEG_05,2023-06-30,76.1,120.6,76.9,29,0,2.0
SEG_05,2023-07-01,11.1,105.5,72.9,30,0,2.0
SEG_05,2023-07-02,23.7,111.0,79.9,31,0,2.0
SEG_05,2023-07-03,42.1,76.9,98.7,32,0,2.0
SEG_05,2023-07-04,7.1,72.9,111.1,33,0,1.0
SEG_05,2023-07-05,30.7,79.9,102.5,34,1,0.0
SEG_05,2023-07-06,60.9,98.7,52.8,35,0,1.0
SEG_05,2023-07-07,19.5,111.1,61.1,36,0,1.0
SEG_05,2023-07-08,22.1,102.5,48.9,37,0,1.0
SEG_05,2023-07-09,11.2,52.8,56.2,38,0,1.0
SEG_05,2023-07-10,27.8,61.1,33.1,39,0,1.0
SEG_05,2023-07-11,9.9,48.9,23.9,40,0,1.0
SEG_05,2023-07-12,18.6,56.2,18.6,41,0,1.0
SEG_05,2023-07-13,4.7,33.1,26.9,42,0,1.0
SEG_05,2023-07-14,0.7,23.9,40.4,43,0,1.0
SEG_05,2023-07-15,13.2,18.6,60.3,44,0,1.0
SEG_05,2023-07-16,13.0,26.9,86.2,45,0,1.0
SEG_05,2023-07-17,14.2,40.4,96.5,46,0,1.0
SEG_05,2023-07-18,33.1,60.3,94.9,47,0,1.0
SEG_05,2023-07-19,39.0,86.2,66.0,48,0,1.0
SEG_05,2023-07-20,24.4,96.5,49.6,49,0,0.0
SEG_05,2023-07-21,31.4,94.9,46.4,50,0,0.0
SEG_05,2023-07-22,10.1,66.0,43.3,51,0,0.0
SEG_05,2023-07-23,8.1,49.6,41.5,52,0,0.0
SEG_05,2023-07-24,28.2,46.4,116.2,53,1,0.0
SEG_05,2023-07-25,7.0,43.3,129.6,54,1,1.0
SEG_05,2023-07-26,6.3,41.5,136.4,55,1,2.0
SEG_05,2023-07-27,102.9,116.2,45.3,56,0,3.0
SEG_05,2023-07-28,20.4,129.6,29.7,57,0,3.0
SEG_05,2023-07-29,13.0,136.4,40.7,58,0,3.0
SEG_05,2023-07-30,11.8,45.3,44.2,59,0,3.0
SEG_05,2023-07-31,4.8,29.7,77.6,60,0,3.0
SEG_05,2023-08-01,24.1,40.7,82.3,61,0,3.0
SEG_05,2023-08-02,15.3,44.2,81.9,62,0,3.0
SEG_05,2023-08-03,38.2,77.6,46.0,63,0,3.0
SEG_05,2023-08-04,28.8,82.3,37.6,64,0,3.0
SEG_05,2023-08-05,14.9,81.9,41.9,65,0,3.0
SEG_05,2023-08-06,2.3,46.0,41.3,66,0,3.0
SEG_05,2023-08-07,20.5,37.6,47.3,67,0,3.0
SEG_05,2023-08-08,19.1,41.9,35.0,68,0,2.0
SEG_05,2023-08-09,1.7,41.3,72.9,69,0,1.0
SEG_05,2023-08-10,26.5,47.3,64.6,70,0,0.0
SEG_05,2023-08-11,6.8,35.0,69.3,71,0,0.0
SEG_05,2023-08-12,39.6,72.9,52.4,72,0,0.0
SEG_05,2023-08-13,18.2,64.6,55.9,73,0,0.0
SEG_05,2023-08-14,11.5,69.3,65.5,74,0,0.0
SEG_05,2023-08-15,22.7,52.4,78.8,75,0,0.0
SEG_05,2023-08-16,21.7,55.9,80.9,76,0,0.0
SEG_05,2023-08-17,21.1,65.5,70.5,77,1,0.0
SEG_05,2023-08-18,36.0,78.8,50.1,78,1,1.0
SEG_05,2023-08-19,23.8,80.9,75.8,79,0,2.0
SEG_05,2023-08-20,10.6,70.5,75.0,80,0,2.0
SEG_05,2023-08-21,15.7,50.1,85.5,81,0,2.0
SEG_05,2023-08-22,49.5,75.8,72.9,82,0,2.0
SEG_05,2023-08-23,9.8,75.0,91.2,83,0,2.0
SEG_05,2023-08-24,26.2,85.5,85.6,84,0,2.0
SEG_05,2023-08-25,37.0,72.9,71.7,85,0,2.0
SEG_05,2023-08-26,28.0,91.2,73.0,86,0,2.0
SEG_05,2023-08-27,20.6,85.6,62.1,87,0,2.0
SEG_05,2023-08-28,23.1,71.7,58.2,88,0,2.0
SEG_05,2023-08-29,29.3,73.0,104.8,89,0,2.0
SEG_05,2023-08-30,9.7,62.1,121.8,90,0,2.0
SEG_05,2023-08-31,19.2,58.2,123.7,91,0,2.0
SEG_05,2023-09-01,75.9,104.8,62.3,92,0,1.0
SEG_05,2023-09-02,26.8,121.8,45.4,93,0,0.0
SEG_05,2023-09-03,21.1,123.7,47.9,94,0,0.0
SEG_05,2023-09-04,14.4,62.3,58.3,95,0,0.0
SEG_05,2023-09-05,9.8,45.4,66.7,96,0,0.0
SEG_05,2023-09-06,23.6,47.9,139.1,97,0,0.0
SEG_05,2023-09-07,24.9,58.3,124.8,98,0,0.0
SEG_05,2023-09-08,18.2,66.7,115.1,99,0,0.0
SEG_05,2023-09-09,96.0,139.1,33.7,100,0,0.0
SEG_05,2023-09-10,10.6,124.8,41.7,101,1,0.0
SEG_05,2023-09-11,8.5,115.1,42.6,102,1,1.0
SEG_05,2023-09-12,14.6,33.7,51.2,103,1,2.0
SEG_05,2023-09-13,18.7,41.7,57.7,104,0,3.0
SEG_05,2023-09-14,9.4,42.6,80.1,105,0,3.0
SEG_05,2023-09-15,23.2,51.2,69.6,106,0,3.0
SEG_05,2023-09-16,25.1,57.7,91.3,107,0,3.0
SEG_05,2023-09-17,31.8,80.1,89.8,108,0,3.0
SEG_05,2023-09-18,12.7,69.6,87.5,109,0,3.0
SEG_05,2023-09-19,46.8,91.3,50.0,110,0,3.0
SEG_05,2023-09-20,30.3,89.8,35.1,111,0,3.0
SEG_05,2023-09-21,10.4,87.5,49.9,112,0,3.0
SEG_05,2023-09-22,9.3,50.0,68.4,113,0,3.0
SEG_05,2023-09-23,15.4,35.1,83.3,114,0,3.0
SEG_05,2023-09-24,25.2,49.9,130.8,115,0,3.0
SEG_05,2023-09-25,27.9,68.4,106.2,116,0,2.0
SEG_05,2023-09-26,30.3,83.3,93.8,117,0,1.0
SEG_05,2023-09-27,72.7,130.8,89.9,118,0,0.0
SEG_05,2023-09-28,3.3,106.2,106.2,119,0,0.0
SEG_05,2023-09-29,17.8,93.8,93.8,120,0,0.0
SEG_05,2023-09-30,68.8,89.9,89.9,121,0,0.0
SEG_05,2024-06-01,11.8,11.8,30.6,0,0,0.0
SEG_05,2024-06-02,15.6,27.4,31.0,1,0,0.0
SEG_05,2024-06-03,7.2,34.6,40.3,2,0,0.0
SEG_05,2024-06-04,7.8,30.6,57.7,3,1,0.0
SEG_05,2024-06-05,16.1,31.0,50.0,4,1,1.0
SEG_05,2024-06-06,16.5,40.3,53.2,5,1,2.0
SEG_05,2024-06-07,25.2,57.7,40.3,6,0,3.0
SEG_05,2024-06-08,8.4,50.0,41.3,7,0,3.0
SEG_05,2024-06-09,19.6,53.2,34.3,8,0,3.0
SEG_05,2024-06-10,12.3,40.3,35.9,9,0,3.0
SEG_05,2024-06-11,9.4,41.3,31.1,10,0,3.0
SEG_05,2024-06-12,12.6,34.3,23.3,11,0,3.0
SEG_05,2024-06-13,14.0,35.9,30.9,12,0,3.0
SEG_05,2024-06-14,4.5,31.1,36.5,13,0,3.0
SEG_05,2024-06-15,4.8,23.3,47.3,14,0,3.0
SEG_05,2024-06-16,21.5,30.9,46.9,15,0,3.0
SEG_05,2024-06-17,10.1,36.5,49.4,16,0,3.0
SEG_05,2024-06-18,15.7,47.3,53.6,17,0,3.0
SEG_05,2024-06-19,21.1,46.9,46.5,18,0,2.0
SEG_05,2024-06-20,12.7,49.4,48.4,19,0,1.0
SEG_05,2024-06-21,19.9,53.6,57.9,20,0,0.0
SEG_05,2024-06-22,14.0,46.5,55.5,21,0,0.0
SEG_05,2024-06-23,14.5,48.4,62.7,22,0,0.0
SEG_05,2024-06-24,29.3,57.9,37.1,23,0,0.0
SEG_05,2024-06-25,11.6,55.5,40.7,24,0,0.0
SEG_05,2024-06-26,21.7,62.7,53.4,25,0,0.0
SEG_05,2024-06-27,3.8,37.1,104.3,26,0,0.0
SEG_05,2024-06-28,15.3,40.7,93.0,27,0,0.0
SEG_05,2024-06-29,34.3,53.4,68.7,28,0,0.0
SEG_05,2024-06-30,54.7,104.3,19.9,29,0,0.0
SEG_05,2024-07-01,3.9,93.0,27.9,30,0,0.0
SEG_05,2024-07-02,10.1,68.7,42.0,31,0,0.0
SEG_05,2024-07-03,5.9,19.9,66.2,32,0,0.0
SEG_05,2024-07-04,12.0,27.9,84.8,33,0,0.0
SEG_05,2024-07-05,24.1,42.0,64.3,34,0,0.0
SEG_05,2024-07-06,30.0,66.2,48.0,35,0,0.0
SEG_05,2024-07-07,30.7,84.8,25.5,36,0,0.0
SEG_05,2024-07-08,3.6,64.3,33.4,37,0,0.0
SEG_05,2024-07-09,13.7,48.0,28.9,38,0,0.0
SEG_05,2024-07-10,8.2,25.5,24.5,39,0,0.0
SEG_05,2024-07-11,11.5,33.4,43.2,40,0,0.0
SEG_05,2024-07-12,9.2,28.9,41.2,41,0,0.0
SEG_05,2024-07-13,3.8,24.5,45.8,42,0,0.0
SEG_05,2024-07-14,30.2,43.2,50.0,43,0,0.0
SEG_05,2024-07-15,7.2,41.2,46.0,44,0,0.0
SEG_05,2024-07-16,8.3,45.8,55.8,45,0,0.0
SEG_05,2024-07-17,34.5,50.0,47.7,46,0,0.0
SEG_05,2024-07-18,3.1,46.0,77.3,47,0,0.0
SEG_05,2024-07-19,18.1,55.8,76.4,48,0,0.0
SEG_05,2024-07-20,26.4,47.7,71.9,49,0,0.0
SEG_05,2024-07-21,32.7,77.3,65.6,50,0,0.0
SEG_05,2024-07-22,17.3,76.4,60.5,51,0,0.0
SEG_05,2024-07-23,22.0,71.9,44.9,52,1,0.0
SEG_05,2024-07-24,26.4,65.6,54.7,53,1,1.0
SEG_05,2024-07-25,12.1,60.5,62.9,54,1,2.0
SEG_05,2024-07-26,6.4,44.9,70.3,55,1,3.0
SEG_05,2024-07-27,36.2,54.7,38.1,56,0,4.0
SEG_05,2024-07-28,20.4,62.9,18.9,57,0,4.0
SEG_05,2024-07-29,13.7,70.3,23.1,58,0,4.0
SEG_05,2024-07-30,4.0,38.1,20.2,59,0,4.0
SEG_05,2024-07-31,1.2,18.9,32.6,60,0,4.0
SEG_05,2024-08-01,17.9,23.1,22.2,61,0,4.0
SEG_05,2024-08-02,1.1,20.2,30.3,62,0,4.0
SEG_05,2024-08-03,13.6,32.6,47.6,63,0,4.0
SEG_05,2024-08-04,7.5,22.2,47.6,64,0,4.0
SEG_05,2024-08-05,9.2,30.3,52.6,65,0,4.0
SEG_05,2024-08-06,30.9,47.6,29.3,66,0,4.0
SEG_05,2024-08-07,7.6,47.6,38.5,67,0,3.0
SEG_05,2024-08-08,14.1,52.6,39.4,68,0,2.0
SEG_05,2024-08-09,7.6,29.3,45.4,69,0,1.0
SEG_05,2024-08-10,16.7,38.5,55.2,70,0,0.0
SEG_05,2024-08-11,15.1,39.4,43.2,71,0,0.0
SEG_05,2024-08-12,13.6,45.4,32.0,72,0,0.0
SEG_05,2024-08-13,26.5,55.2,10.2,73,0,0.0
SEG_05,2024-08-14,3.1,43.2,22.2,74,0,0.0
SEG_05,2024-08-15,2.3,32.0,38.7,75,0,0.0
SEG_05,2024-08-16,4.7,10.2,34.3,76,0,0.0
SEG_05,2024-08-17,15.1,22.2,37.8,77,0,0.0
SEG_05,2024-08-18,18.8,38.7,29.3,78,0,0.0
SEG_05,2024-08-19,0.4,34.3,65.7,79,0,0.0
SEG_05,2024-08-20,18.6,37.8,64.8,80,0,0.0
SEG_05,2024-08-21,10.3,29.3,88.5,81,0,0.0
SEG_05,2024-08-22,36.8,65.7,81.6,82,0,0.0
SEG_05,2024-08-23,17.7,64.8,74.2,83,0,0.0
SEG_05,2024-08-24,34.0,88.5,64.3,84,0,0.0
SEG_05,2024-08-25,29.9,81.6,44.7,85,0,0.0
SEG_05,2024-08-26,10.3,74.2,74.3,86,0,0.0
SEG_05,2024-08-27,24.2,64.3,61.1,87,0,0.0
SEG_05,2024-08-28,10.3,44.7,70.3,88,1,0.0
SEG_05,2024-08-29,39.8,74.3,75.2,89,1,1.0
SEG_05,2024-08-30,11.0,61.1,84.3,90,0,2.0
SEG_05,2024-08-31,19.4,70.3,74.2,91,0,2.0
SEG_05,2024-09-01,44.8,75.2,33.7,92,0,2.0
SEG_05,2024-09-02,20.1,84.3,16.8,93,0,2.0
SEG_05,2024-09-03,9.4,74.2,26.0,94,1,2.0
SEG_05,2024-09-04,4.2,33.7,34.3,95,1,3.0
SEG_05,2024-09-05,3.2,16.8,36.0,96,0,4.0
SEG_05,2024-09-06,18.6,26.0,39.8,97,0,4.0
SEG_05,2024-09-07,12.6,34.3,49.5,98,0,4.0
SEG_05,2024-09-08,4.8,36.0,57.1,99,0,4.0
SEG_05,2024-09-09,22.4,39.8,69.7,100,0,4.0
SEG_05,2024-09-10,22.2,49.5,50.0,101,0,4.0
SEG_05,2024-09-11,12.4,57.1,47.3,102,0,4.0
SEG_05,2024-09-12,35.0,69.7,32.3,103,0,3.0
SEG_05,2024-09-13,2.6,50.0,35.0,104,0,2.0
SEG_05,2024-09-14,9.7,47.3,49.3,105,0,2.0
SEG_05,2024-09-15,20.0,32.3,58.2,106,0,2.0
SEG_05,2024-09-16,5.4,35.0,53.6,107,0,2.0
SEG_05,2024-09-17,24.0,49.3,65.4,108,0,2.0
SEG_05,2024-09-18,28.9,58.2,55.6,109,0,1.0
SEG_05,2024-09-19,0.7,53.6,63.7,110,0,0.0
SEG_05,2024-09-20,35.8,65.4,31.4,111,0,0.0
SEG_05,2024-09-21,19.1,55.6,38.5,112,0,0.0
SEG_05,2024-09-22,8.8,63.7,34.3,113,0,0.0
SEG_05,2024-09-23,3.5,31.4,49.9,114,0,0.0
SEG_05,2024-09-24,26.2,38.5,28.4,115,0,0.0
SEG_05,2024-09-25,4.6,34.3,37.2,116,0,0.0
SEG_05,2024-09-26,19.1,49.9,43.6,117,0,0.0
SEG_05,2024-09-27,4.8,28.4,47.7,118,0,0.0
SEG_05,2024-09-28,13.4,37.2,37.2,119,0,0.0
SEG_05,2024-09-29,25.4,43.6,43.6,120,0,0.0
SEG_05,2024-09-30,8.9,47.7,47.7,121,0,0.0
SEG_05,2025-06-01,2.4,2.4,44.9,0,0,0.0
SEG_05,2025-06-02,22.9,25.3,26.0,1,0,0.0
SEG_05,2025-06-03,11.1,36.5,20.2,2,1,0.0
SEG_05,2025-06-04,10.8,44.9,14.1,3,1,1.0
SEG_05,2025-06-05,4.0,26.0,25.6,4,0,2.0
SEG_05,2025-06-06,5.4,20.2,21.4,5,0,2.0
SEG_05,2025-06-07,4.7,14.1,22.8,6,0,2.0
SEG_05,2025-06-08,15.6,25.6,13.6,7,0,2.0
SEG_05,2025-06-09,1.2,21.4,16.9,8,0,2.0
SEG_05,2025-06-10,6.0,22.8,13.9,9,0,2.0
SEG_05,2025-06-11,6.4,13.6,8.0,10,0,2.0
SEG_05,2025-06-12,4.5,16.9,9.6,11,0,2.0
SEG_05,2025-06-13,3.0,13.9,16.5,12,0,2.0
SEG_05,2025-06-14,0.5,8.0,22.9,13,0,2.0
SEG_05,2025-06-15,6.1,9.6,19.8,14,0,2.0
SEG_05,2025-06-16,9.9,16.5,16.4,15,0,2.0
SEG_05,2025-06-17,6.9,22.9,27.3,16,1,2.0
SEG_05,2025-06-18,3.0,19.8,28.1,17,0,2.0
SEG_05,2025-06-19,6.5,16.4,29.4,18,0,1.0
SEG_05,2025-06-20,17.9,27.3,20.1,19,0,1.0
SEG_05,2025-06-21,3.8,28.1,18.1,20,0,1.0
SEG_05,2025-06-22,7.7,29.4,15.6,21,0,1.0
SEG_05,2025-06-23,8.6,20.1,12.2,22,0,1.0
SEG_05,2025-06-24,1.8,18.1,17.1,23,0,1.0
SEG_05,2025-06-25,5.2,15.6,27.2,24,0,1.0
SEG_05,2025-06-26,5.2,12.2,24.3,25,0,1.0
SEG_05,2025-06-27,6.7,17.1,33.5,26,0,1.0
SEG_05,2025-06-28,15.3,27.2,28.6,27,0,1.0
SEG_05,2025-06-29,2.3,24.3,49.7,28,0,1.0
SEG_05,2025-06-30,15.9,33.5,34.6,29,0,1.0
SEG_05,2025-07-01,10.4,28.6,56.2,30,0,1.0
SEG_05,2025-07-02,23.4,49.7,34.6,31,1,0.0
SEG_05,2025-07-03,0.8,34.6,36.9,32,0,1.0
SEG_05,2025-07-04,32.0,56.2,8.1,33,0,1.0
SEG_05,2025-07-05,1.8,34.6,16.4,34,0,1.0
SEG_05,2025-07-06,3.2,36.9,18.8,35,0,1.0
SEG_05,2025-07-07,3.2,8.1,19.2,36,0,1.0
SEG_05,2025-07-08,10.1,16.4,29.7,37,0,1.0
SEG_05,2025-07-09,5.5,18.8,24.8,38,0,1.0
SEG_05,2025-07-10,3.6,19.2,34.5,39,0,1.0
SEG_05,2025-07-11,20.6,29.7,20.2,40,0,1.0
SEG_05,2025-07-12,0.6,24.8,23.2,41,1,1.0
SEG_05,2025-07-13,13.3,34.5,13.8,42,1,2.0
SEG_05,2025-07-14,6.3,20.2,12.6,43,0,3.0
SEG_05,2025-07-15,3.6,23.2,12.3,44,0,3.0
SEG_05,2025-07-16,4.0,13.8,20.2,45,0,3.0
SEG_05,2025-07-17,5.1,12.6,19.8,46,0,2.0
SEG_05,2025-07-18,3.2,12.3,27.3,47,0,2.0
SEG_05,2025-07-19,11.9,20.2,19.4,48,0,2.0
SEG_05,2025-07-20,4.7,19.8,22.3,49,0,2.0
SEG_05,2025-07-21,10.7,27.3,19.3,50,0,2.0
SEG_05,2025-07-22,4.0,19.4,21.9,51,0,2.0
SEG_05,2025-07-23,7.6,22.3,30.6,52,0,2.0
SEG_05,2025-07-24,7.6,19.3,40.3,53,0,2.0
SEG_05,2025-07-25,6.7,21.9,45.1,54,0,2.0
SEG_05,2025-07-26,16.3,30.6,42.9,55,0,2.0
SEG_05,2025-07-27,17.4,40.3,36.5,56,0,1.0
SEG_05,2025-07-28,11.4,45.1,29.5,57,0,0.0
SEG_05,2025-07-29,14.1,42.9,21.3,58,0,0.0
SEG_05,2025-07-30,11.0,36.5,11.2,59,0,0.0
SEG_05,2025-07-31,4.5,29.5,9.5,60,0,0.0
SEG_05,2025-08-01,5.9,21.3,5.4,61,0,0.0
SEG_05,2025-08-02,0.8,11.2,8.1,62,0,0.0
SEG_05,2025-08-03,2.8,9.5,13.4,63,0,0.0
SEG_05,2025-08-04,1.8,5.4,16.0,64,0,0.0
SEG_05,2025-08-05,3.5,8.1,24.7,65,0,0.0
SEG_05,2025-08-06,8.1,13.4,19.5,66,0,0.0
SEG_05,2025-08-07,4.3,16.0,25.5,67,0,0.0
SEG_05,2025-08-08,12.3,24.7,15.9,68,0,0.0
SEG_05,2025-08-09,2.9,19.5,28.5,69,0,0.0
SEG_05,2025-08-10,10.3,25.5,21.0,70,0,0.0
SEG_05,2025-08-11,2.6,15.9,27.6,71,0,0.0
SEG_05,2025-08-12,15.5,28.5,15.8,72,0,0.0
SEG_05,2025-08-13,2.9,21.0,32.1,73,0,0.0
SEG_05,2025-08-14,9.3,27.6,41.5,74,0,0.0
SEG_05,2025-08-15,3.6,15.8,46.9,75,0,0.0
SEG_05,2025-08-16,19.2,32.1,36.6,76,0,0.0
SEG_05,2025-08-17,18.6,41.5,29.6,77,0,0.0
SEG_05,2025-08-18,9.0,46.9,30.8,78,0,0.0
SEG_05,2025-08-19,8.9,36.6,34.6,79,0,0.0
SEG_05,2025-08-20,11.6,29.6,25.8,80,0,0.0
SEG_05,2025-08-21,10.2,30.8,22.3,81,0,0.0
SEG_05,2025-08-22,12.8,34.6,13.4,82,0,0.0
SEG_05,2025-08-23,2.8,25.8,29.0,83,0,0.0
SEG_05,2025-08-24,6.7,22.3,24.4,84,0,0.0
SEG_05,2025-08-25,3.9,13.4,41.2,85,0,0.0
SEG_05,2025-08-26,18.5,29.0,29.5,86,0,0.0
SEG_05,2025-08-27,2.1,24.4,40.4,87,0,0.0
SEG_05,2025-08-28,20.7,41.2,24.0,88,0,0.0
SEG_05,2025-08-29,6.8,29.5,19.1,89,0,0.0
SEG_05,2025-08-30,12.9,40.4,24.2,90,0,0.0
SEG_05,2025-08-31,4.3,24.0,29.5,91,0,0.0
SEG_05,2025-09-01,1.9,19.1,29.9,92,0,0.0
SEG_05,2025-09-02,18.0,24.2,18.0,93,0,0.0
SEG_05,2025-09-03,9.6,29.5,14.1,94,0,0.0
SEG_05,2025-09-04,2.3,29.9,21.2,95,0,0.0
SEG_05,2025-09-05,6.1,18.0,17.9,96,0,0.0
SEG_05,2025-09-06,5.7,14.1,14.4,97,0,0.0
SEG_05,2025-09-07,9.4,21.2,12.4,98,0,0.0
SEG_05,2025-09-08,2.8,17.9,12.6,99,0,0.0
SEG_05,2025-09-09,2.2,14.4,28.7,100,0,0.0
SEG_05,2025-09-10,7.4,12.4,33.3,101,0,0.0
SEG_05,2025-09-11,3.0,12.6,42.2,102,0,0.0
SEG_05,2025-09-12,18.3,28.7,24.6,103,0,0.0
SEG_05,2025-09-13,12.0,33.3,17.0,104,0,0.0
SEG_05,2025-09-14,11.8,42.2,10.5,105,0,0.0
SEG_05,2025-09-15,0.8,24.6,12.2,106,0,0.0
SEG_05,2025-09-16,4.4,17.0,18.0,107,0,0.0
SEG_05,2025-09-17,5.2,10.5,22.0,108,0,0.0
SEG_05,2025-09-18,2.5,12.2,31.0,109,0,0.0
SEG_05,2025-09-19,10.2,18.0,34.6,110,1,0.0
SEG_05,2025-09-20,9.3,22.0,38.8,111,0,1.0
SEG_05,2025-09-21,11.5,31.0,61.1,112,0,1.0
SEG_05,2025-09-22,13.9,34.6,53.7,113,0,1.0
SEG_05,2025-09-23,13.4,38.8,46.0,114,0,1.0
SEG_05,2025-09-24,33.8,61.1,22.3,115,0,1.0
SEG_05,2025-09-25,6.5,53.7,31.4,116,0,1.0
SEG_05,2025-09-26,5.7,46.0,27.1,117,0,1.0
SEG_05,2025-09-27,10.1,22.3,20.3,118,0,1.0
SEG_05,2025-09-28,15.6,31.4,31.4,119,0,1.0
SEG_05,2025-09-29,1.4,27.1,27.1,120,0,1.0
SEG_05,2025-09-30,3.3,20.3,20.3,121,0,1.0
SEG_06,2023-06-01,8.3,8.3,49.2,0,0,0.0
SEG_06,2023-06-02,23.9,32.2,52.3,1,0,0.0
SEG_06,2023-06-03,10.4,42.5,62.4,2,0,0.0
SEG_06,2023-06-04,15.0,49.2,49.7,3,0,0.0
SEG_06,2023-06-05,27.0,52.3,32.7,4,0,0.0
SEG_06,2023-06-06,20.5,62.4,23.2,5,0,0.0
SEG_06,2023-06-07,2.2,49.7,39.4,6,0,0.0
SEG_06,2023-06-08,10.0,32.7,48.0,7,0,0.0
SEG_06,2023-06-09,11.0,23.2,45.9,8,0,0.0
SEG_06,2023-06-10,18.5,39.4,36.2,9,0,0.0
SEG_06,2023-06-11,18.6,48.0,22.0,10,0,0.0
SEG_06,2023-06-12,8.8,45.9,18.9,11,0,0.0
SEG_06,2023-06-13,8.8,36.2,27.5,12,0,0.0
SEG_06,2023-06-14,4.3,22.0,39.2,13,0,0.0
SEG_06,2023-06-15,5.7,18.9,45.5,14,0,0.0
SEG_06,2023-06-16,17.5,27.5,28.8,15,0,0.0
SEG_06,2023-06-17,16.1,39.2,25.9,16,0,0.0
SEG_06,2023-06-18,11.9,45.5,42.5,17,0,0.0
SEG_06,2023-06-19,0.8,28.8,45.8,18,0,0.0
SEG_06,2023-06-20,13.1,25.9,47.3,19,0,0.0
SEG_06,2023-06-21,28.5,42.5,45.9,20,0,0.0
SEG_06,2023-06-22,4.2,45.8,49.2,21,0,0.0
SEG_06,2023-06-23,14.6,47.3,52.5,22,0,0.0
SEG_06,2023-06-24,27.1,45.9,33.9,23,0,0.0
SEG_06,2023-06-25,7.5,49.2,55.3,24,0,0.0
SEG_06,2023-06-26,17.9,52.5,37.9,25,0,0.0
SEG_06,2023-06-27,8.5,33.9,35.1,26,0,0.0
SEG_06,2023-06-28,28.9,55.3,15.8,27,0,0.0
SEG_06,2023-06-29,0.5,37.9,33.2,28,0,0.0
SEG_06,2023-06-30,5.7,35.1,34.2,29,0,0.0
SEG_06,2023-07-01,9.6,15.8,30.7,30,0,0.0
SEG_06,2023-07-02,17.9,33.2,29.4,31,0,0.0
SEG_06,2023-07-03,6.7,34.2,32.6,32,0,0.0
SEG_06,2023-07-04,6.1,30.7,43.5,33,0,0.0
SEG_06,2023-07-05,16.6,29.4,39.8,34,0,0.0
SEG_06,2023-07-06,9.9,32.6,33.5,35,0,0.0
SEG_06,2023-07-07,17.0,43.5,25.4,36,0,0.0
SEG_06,2023-07-08,12.9,39.8,28.1,37,0,0.0
SEG_06,2023-07-09,3.5,33.5,44.8,38,0,0.0
SEG_06,2023-07-10,8.9,25.4,41.6,39,0,0.0
SEG_06,2023-07-11,15.7,28.1,41.5,40,0,0.0
SEG_06,2023-07-12,20.2,44.8,23.2,41,0,0.0
SEG_06,2023-07-13,5.7,41.6,25.2,42,0,0.0
SEG_06,2023-07-14,15.6,41.5,16.2,43,0,0.0
SEG_06,2023-07-15,1.9,23.2,42.9,44,0,0.0
SEG_06,2023-07-16,7.7,25.2,37.7,45,0,0.0
SEG_06,2023-07-17,6.6,16.2,56.5,46,0,0.0
SEG_06,2023-07-18,28.6,42.9,33.9,47,0,0.0
SEG_06,2023-07-19,2.5,37.7,32.0,48,0,0.0
SEG_06,2023-07-20,25.3,56.5,14.9,49,1,0.0
SEG_06,2023-07-21,6.0,33.9,16.0,50,0,1.0
SEG_06,2023-07-22,0.7,32.0,37.6,51,0,1.0
SEG_06,2023-07-23,8.2,14.9,35.7,52,0,1.0
SEG_06,2023-07-24,7.2,16.0,61.2,53,0,1.0
SEG_06,2023-07-25,22.2,37.6,59.8,54,0,1.0
SEG_06,2023-07-26,6.3,35.7,64.6,55,0,1.0
SEG_06,2023-07-27,32.7,61.2,36.3,56,0,1.0
SEG_06,2023-07-28,20.8,59.8,28.1,57,0,1.0
SEG_06,2023-07-29,11.1,64.6,26.3,58,0,1.0
SEG_06,2023-07-30,4.4,36.3,37.4,59,0,1.0
SEG_06,2023-07-31,12.6,28.1,42.2,60,0,1.0
SEG_06,2023-08-01,9.3,26.3,80.9,61,0,1.0
SEG_06,2023-08-02,15.5,37.4,72.5,62,0,1.0
SEG_06,2023-08-03,17.4,42.2,73.4,63,0,1.0
SEG_06,2023-08-04,48.1,80.9,32.7,64,0,0.0
SEG_06,2023-08-05,7.0,72.5,30.7,65,0,0.0
SEG_06,2023-08-06,18.3,73.4,23.4,66,0,0.0
SEG_06,2023-08-07,7.4,32.7,22.2,67,0,0.0
SEG_06,2023-08-08,5.0,30.7,18.5,68,0,0.0
SEG_06,2023-08-09,11.0,23.4,10.5,69,0,0.0
SEG_06,2023-08-10,6.2,22.2,7.7,70,0,0.0
SEG_06,2023-08-11,1.3,18.5,11.7,71,0,0.0
SEG_06,2023-08-12,3.0,10.5,33.5,72,0,0.0
SEG_06,2023-08-13,3.4,7.7,40.5,73,0,0.0
SEG_06,2023-08-14,5.3,11.7,42.4,74,0,0.0
SEG_06,2023-08-15,24.8,33.5,33.3,75,0,0.0
SEG_06,2023-08-16,10.4,40.5,33.4,76,0,0.0
SEG_06,2023-08-17,7.2,42.4,38.3,77,0,0.0
SEG_06,2023-08-18,15.7,33.3,30.8,78,0,0.0
SEG_06,2023-08-19,10.6,33.4,25.0,79,1,0.0
SEG_06,2023-08-20,12.1,38.3,22.9,80,1,1.0
SEG_06,2023-08-21,8.2,30.8,24.1,81,0,2.0
SEG_06,2023-08-22,4.7,25.0,38.0,82,0,2.0
SEG_06,2023-08-23,10.0,22.9,38.3,83,0,2.0
SEG_06,2023-08-24,9.4,24.1,34.5,84,0,2.0
SEG_06,2023-08-25,18.6,38.0,21.2,85,0,2.0
SEG_06,2023-08-26,10.3,38.3,50.8,86,0,2.0
SEG_06,2023-08-27,5.6,34.5,46.0,87,0,2.0
SEG_06,2023-08-28,5.3,21.2,64.2,88,0,2.0
SEG_06,2023-08-29,39.8,50.8,36.8,89,0,2.0
SEG_06,2023-08-30,0.8,46.0,50.6,90,0,2.0
SEG_06,2023-08-31,23.5,64.2,46.5,91,0,2.0
SEG_06,2023-09-01,12.4,36.8,47.5,92,0,2.0
SEG_06,2023-09-02,14.6,50.6,40.9,93,0,2.0
SEG_06,2023-09-03,19.5,46.5,52.2,94,0,1.0
SEG_06,2023-09-04,13.4,47.5,56.9,95,0,0.0
SEG_06,2023-09-05,8.0,40.9,55.1,96,0,0.0
SEG_06,2023-09-06,30.7,52.2,50.9,97,0,0.0
SEG_06,2023-09-07,18.1,56.9,34.5,98,0,0.0
SEG_06,2023-09-08,6.3,55.1,60.2,99,1,0.0
SEG_06,2023-09-09,26.5,50.9,49.0,100,1,1.0
SEG_06,2023-09-10,1.8,34.5,48.8,101,1,2.0
SEG_06,2023-09-11,32.0,60.2,33.5,102,0,3.0
SEG_06,2023-09-12,15.2,49.0,25.9,103,0,3.0
SEG_06,2023-09-13,1.6,48.8,30.9,104,0,3.0
SEG_06,2023-09-14,16.7,33.5,29.4,105,0,3.0
SEG_06,2023-09-15,7.6,25.9,33.2,106,0,3.0
SEG_06,2023-09-16,6.5,30.9,47.8,107,0,3.0
SEG_06,2023-09-17,15.2,29.4,34.5,108,0,3.0
SEG_06,2023-09-18,11.5,33.2,39.2,109,1,3.0
SEG_06,2023-09-19,21.0,47.8,32.1,110,1,4.0
SEG_06,2023-09-20,2.0,34.5,47.9,111,0,5.0
SEG_06,2023-09-21,16.2,39.2,38.6,112,0,5.0
SEG_06,2023-09-22,13.9,32.1,61.0,113,0,5.0
SEG_06,2023-09-23,17.9,47.9,57.9,114,0,4.0
SEG_06,2023-09-24,6.9,38.6,60.4,115,0,3.0
SEG_06,2023-09-25,36.2,61.0,25.2,116,0,2.0
SEG_06,2023-09-26,14.8,57.9,18.0,117,0,2.0
SEG_06,2023-09-27,9.4,60.4,27.1,118,0,2.0
SEG_06,2023-09-28,1.0,25.2,25.2,119,0,2.0
SEG_06,2023-09-29,7.5,18.0,18.0,120,0,2.0
SEG_06,2023-09-30,18.5,27.1,27.1,121,0,2.0
SEG_06,2024-06-01,1.7,1.7,14.8,0,0,2.0
SEG_06,2024-06-02,8.9,10.6,46.7,1,0,2.0
SEG_06,2024-06-03,3.0,13.6,48.6,2,1,1.0
SEG_06,2024-06-04,2.9,14.8,47.2,3,0,1.0
SEG_06,2024-06-05,40.9,46.7,9.6,4,0,1.0
SEG_06,2024-06-06,4.8,48.6,18.0,5,0,1.0
SEG_06,2024-06-07,1.5,47.2,23.5,6,0,1.0
SEG_06,2024-06-08,3.3,9.6,29.0,7,0,1.0
SEG_06,2024-06-09,13.2,18.0,20.9,8,0,1.0
SEG_06,2024-06-10,7.0,23.5,23.3,9,0,1.0
SEG_06,2024-06-11,8.7,29.0,26.0,10,0,1.0
SEG_06,2024-06-12,5.1,20.9,24.0,11,0,1.0
SEG_06,2024-06-13,9.5,23.3,19.0,12,1,1.0
SEG_06,2024-06-14,11.4,26.0,21.1,13,1,2.0
SEG_06,2024-06-15,3.1,24.0,26.4,14,1,3.0
SEG_06,2024-06-16,4.4,19.0,43.2,15,0,4.0
SEG_06,2024-06-17,13.5,21.1,43.8,16,0,4.0
SEG_06,2024-06-18,8.5,26.4,37.4,17,0,3.0
SEG_06,2024-06-19,21.2,43.2,19.6,18,0,3.0
SEG_06,2024-06-20,14.2,43.8,17.9,19,0,3.0
SEG_06,2024-06-21,2.1,37.4,18.7,20,0,3.0
SEG_06,2024-06-22,3.4,19.6,24.2,21,0,3.0
SEG_06,2024-06-23,12.4,17.9,26.8,22,0,3.0
SEG_06,2024-06-24,2.9,18.7,35.2,23,0,3.0
SEG_06,2024-06-25,8.9,24.2,28.7,24,0,3.0
SEG_06,2024-06-26,15.0,26.8,17.3,25,0,3.0
SEG_06,2024-06-27,11.2,35.2,17.5,26,0,3.0
SEG_06,2024-06-28,2.4,28.7,43.7,27,0,2.0
SEG_06,2024-06-29,3.6,17.3,47.6,28,0,1.0
SEG_06,2024-06-30,11.5,17.5,51.5,29,0,0.0
SEG_06,2024-07-01,28.6,43.7,34.2,30,0,0.0
SEG_06,2024-07-02,7.5,47.6,31.4,31,0,0.0
SEG_06,2024-07-03,15.4,51.5,31.5,32,0,0.0
SEG_06,2024-07-04,11.3,34.2,21.7,33,0,0.0
SEG_06,2024-07-05,4.7,31.4,31.8,34,0,0.0
SEG_06,2024-07-06,15.5,31.5,28.1,35,0,0.0
SEG_06,2024-07-07,1.5,21.7,31.6,36,0,0.0
SEG_06,2024-07-08,14.7,31.8,20.0,37,0,0.0
SEG_06,2024-07-09,11.8,28.1,13.7,38,0,0.0
SEG_06,2024-07-10,5.1,31.6,13.0,39,0,0.0
SEG_06,2024-07-11,3.1,20.0,16.4,40,0,0.0
SEG_06,2024-07-12,5.5,13.7,16.9,41,0,0.0
SEG_06,2024-07-13,4.4,13.0,17.7,42,0,0.0
SEG_06,2024-07-14,6.6,16.4,12.5,43,0,0.0
SEG_06,2024-07-15,6.0,16.9,9.2,44,0,0.0
SEG_06,2024-07-16,5.1,17.7,21.4,45,0,0.0
SEG_06,2024-07-17,1.4,12.5,25.1,46,0,0.0
SEG_06,2024-07-18,2.7,9.2,29.1,47,0,0.0
SEG_06,2024-07-19,17.2,21.4,17.6,48,0,0.0
SEG_06,2024-07-20,5.2,25.1,33.9,49,0,0.0
SEG_06,2024-07-21,6.7,29.1,31.5,50,0,0.0
SEG_06,2024-07-22,5.7,17.6,29.8,51,0,0.0
SEG_06,2024-07-23,21.5,33.9,20.3,52,0,0.0
SEG_06,2024-07-24,4.3,31.5,25.5,53,0,0.0
SEG_06,2024-07-25,4.0,29.8,33.7,54,0,0.0
SEG_06,2024-07-26,12.0,20.3,33.4,55,0,0.0
SEG_06,2024-07-27,9.4,25.5,39.7,56,0,0.0
SEG_06,2024-07-28,12.3,33.7,29.9,57,0,0.0
SEG_06,2024-07-29,11.7,33.4,29.3,58,0,0.0
SEG_06,2024-07-30,15.8,39.7,17.6,59,0,0.0
SEG_06,2024-07-31,2.4,29.9,16.2,60,0,0.0
SEG_06,2024-08-01,11.2,29.3,16.7,61,1,0.0
SEG_06,2024-08-02,4.0,17.6,23.8,62,1,1.0
SEG_06,2024-08-03,1.0,16.2,30.9,63,1,2.0
SEG_06,2024-08-04,11.6,16.7,35.2,64,0,3.0
SEG_06,2024-08-05,11.2,23.8,28.1,65,0,3.0
SEG_06,2024-08-06,8.1,30.9,33.1,66,0,3.0
SEG_06,2024-08-07,16.0,35.2,24.3,67,0,3.0
SEG_06,2024-08-08,4.1,28.1,27.8,68,0,3.0
SEG_06,2024-08-09,13.0,33.1,16.0,69,0,3.0
SEG_06,2024-08-10,7.2,24.3,24.9,70,0,3.0
SEG_06,2024-08-11,7.6,27.8,28.1,71,0,3.0
SEG_06,2024-08-12,1.2,16.0,39.6,72,0,3.0
SEG_06,2024-08-13,16.1,24.9,27.1,73,0,3.0
SEG_06,2024-08-14,10.9,28.1,26.2,74,0,3.0
SEG_06,2024-08-15,12.7,39.6,20.7,75,0,3.0
SEG_06,2024-08-16,3.6,27.1,28.4,76,0,2.0
SEG_06,2024-08-17,9.9,26.2,28.0,77,0,1.0
SEG_06,2024-08-18,7.2,20.7,45.2,78,0,0.0
SEG_06,2024-08-19,11.3,28.4,53.4,79,0,0.0
SEG_06,2024-08-20,9.6,28.0,50.3,80,0,0.0
SEG_06,2024-08-21,24.3,45.2,37.6,81,0,0.0
SEG_06,2024-08-22,19.5,53.4,24.2,82,0,0.0
SEG_06,2024-08-23,6.5,50.3,33.4,83,0,0.0
SEG_06,2024-08-24,11.6,37.6,29.2,84,0,0.0
SEG_06,2024-08-25,6.1,24.2,28.5,85,0,0.0
SEG_06,2024-08-26,15.7,33.4,22.7,86,0,0.0
SEG_06,2024-08-27,7.4,29.2,33.7,87,0,0.0
SEG_06,2024-08-28,5.4,28.5,44.8,88,0,0.0
SEG_06,2024-08-29,9.8,22.7,40.7,89,0,0.0
SEG_06,2024-08-30,18.5,33.7,45.1,90,0,0.0
SEG_06,2024-08-31,16.5,44.8,32.4,91,0,0.0
SEG_06,2024-09-01,5.7,40.7,31.6,92,1,0.0
SEG_06,2024-09-02,22.9,45.1,23.9,93,1,1.0
SEG_06,2024-09-03,3.8,32.4,21.1,94,0,2.0
SEG_06,2024-09-04,4.9,31.6,24.5,95,0,2.0
SEG_06,2024-09-05,15.2,23.9,15.8,96,0,2.0
SEG_06,2024-09-06,1.0,21.1,38.6,97,0,2.0
SEG_06,2024-09-07,8.3,24.5,33.5,98,0,2.0
SEG_06,2024-09-08,6.5,15.8,30.5,99,0,2.0
SEG_06,2024-09-09,23.8,38.6,32.7,100,0,2.0
SEG_06,2024-09-10,3.2,33.5,36.1,101,0,2.0
SEG_06,2024-09-11,3.5,30.5,50.5,102,0,2.0
SEG_06,2024-09-12,26.0,32.7,30.3,103,0,2.0
SEG_06,2024-09-13,6.6,36.1,28.4,104,0,2.0
SEG_06,2024-09-14,18.0,50.5,29.0,105,0,2.0
SEG_06,2024-09-15,5.7,30.3,53.5,106,0,2.0
SEG_06,2024-09-16,4.7,28.4,68.3,107,0,1.0
SEG_06,2024-09-17,18.6,29.0,55.2,108,0,0.0
SEG_06,2024-09-18,30.2,53.5,33.0,109,0,0.0
SEG_06,2024-09-19,19.5,68.3,17.1,110,1,0.0
SEG_06,2024-09-20,5.4,55.2,16.0,111,1,1.0
SEG_06,2024-09-21,8.0,33.0,12.0,112,1,2.0
SEG_06,2024-09-22,3.7,17.1,14.2,113,0,3.0
SEG_06,2024-09-23,4.2,16.0,19.0,114,0,3.0
SEG_06,2024-09-24,4.1,12.0,23.2,115,0,3.0
SEG_06,2024-09-25,5.9,14.2,31.1,116,0,3.0
SEG_06,2024-09-26,9.1,19.0,31.5,117,0,3.0
SEG_06,2024-09-27,8.3,23.2,36.0,118,0,3.0
SEG_06,2024-09-28,13.7,31.1,31.1,119,0,3.0
SEG_06,2024-09-29,9.4,31.5,31.5,120,0,3.0
SEG_06,2024-09-30,12.8,36.0,36.0,121,0,3.0
SEG_06,2025-06-01,8.7,8.7,40.7,0,0,3.0
SEG_06,2025-06-02,4.2,12.8,48.5,1,0,3.0
SEG_06,2025-06-03,13.6,26.4,41.7,2,0,3.0
SEG_06,2025-06-04,22.9,40.7,46.3,3,0,2.0
SEG_06,2025-06-05,12.0,48.5,62.5,4,0,1.0
SEG_06,2025-06-06,6.8,41.7,67.3,5,0,0.0
SEG_06,2025-06-07,27.5,46.3,58.0,6,0,0.0
SEG_06,2025-06-08,28.2,62.5,57.2,7,0,0.0
SEG_06,2025-06-09,11.5,67.3,68.4,8,0,0.0
SEG_06,2025-06-10,18.3,58.0,68.0,9,0,0.0
SEG_06,2025-06-11,27.4,57.2,62.7,10,0,0.0
SEG_06,2025-06-12,22.7,68.4,59.2,11,1,0.0
SEG_06,2025-06-13,17.9,68.0,55.5,12,1,1.0
SEG_06,2025-06-14,22.1,62.7,38.2,13,1,2.0
SEG_06,2025-06-15,19.2,59.2,24.9,14,0,3.0
SEG_06,2025-06-16,14.2,55.5,30.5,15,0,3.0
SEG_06,2025-06-17,4.8,38.2,35.2,16,0,3.0
SEG_06,2025-06-18,5.9,24.9,48.6,17,0,3.0
SEG_06,2025-06-19,19.8,30.5,33.5,18,0,3.0
SEG_06,2025-06-20,9.5,35.2,31.3,19,0,3.0
SEG_06,2025-06-21,19.3,48.6,24.0,20,0,3.0
SEG_06,2025-06-22,4.6,33.5,20.6,21,0,3.0
SEG_06,2025-06-23,7.4,31.3,19.8,22,0,3.0
SEG_06,2025-06-24,12.0,24.0,16.0,23,0,3.0
SEG_06,2025-06-25,1.2,20.6,30.8,24,0,3.0
SEG_06,2025-06-26,6.5,19.8,35.7,25,0,3.0
SEG_06,2025-06-27,8.2,16.0,44.2,26,0,2.0
SEG_06,2025-06-28,16.1,30.8,42.7,27,0,1.0
SEG_06,2025-06-29,11.5,35.7,42.4,28,0,0.0
SEG_06,2025-06-30,16.7,44.2,33.9,29,0,0.0
SEG_06,2025-07-01,14.6,42.7,34.3,30,0,0.0
SEG_06,2025-07-02,11.1,42.4,55.9,31,0,0.0
SEG_06,2025-07-03,8.3,33.9,55.9,32,0,0.0
SEG_06,2025-07-04,15.0,34.3,87.5,33,0,0.0
SEG_06,2025-07-05,32.7,55.9,70.0,34,0,0.0
SEG_06,2025-07-06,8.2,55.9,87.7,35,0,0.0
SEG_06,2025-07-07,46.6,87.5,59.5,36,0,0.0
SEG_06,2025-07-08,15.2,70.0,64.8,37,0,0.0
SEG_06,2025-07-09,25.9,87.7,45.3,38,0,0.0
SEG_06,2025-07-10,18.4,59.5,36.4,39,0,0.0
SEG_06,2025-07-11,20.4,64.8,18.7,40,0,0.0
SEG_06,2025-07-12,6.5,45.3,24.0,41,0,0.0
SEG_06,2025-07-13,9.4,36.4,36.4,42,0,0.0
SEG_06,2025-07-14,2.8,18.7,45.5,43,0,0.0
SEG_06,2025-07-15,11.8,24.0,60.6,44,0,0.0
SEG_06,2025-07-16,21.8,36.4,49.0,45,0,0.0
SEG_06,2025-07-17,11.9,45.5,44.9,46,0,0.0
SEG_06,2025-07-18,26.9,60.6,27.1,47,0,0.0
SEG_06,2025-07-19,10.2,49.0,40.2,48,0,0.0
SEG_06,2025-07-20,7.8,44.9,72.5,49,0,0.0
SEG_06,2025-07-21,9.1,27.1,113.1,50,0,0.0
SEG_06,2025-07-22,23.3,40.2,111.4,51,0,0.0
SEG_06,2025-07-23,40.0,72.5,97.5,52,0,0.0
SEG_06,2025-07-24,49.8,113.1,51.2,53,0,0.0
SEG_06,2025-07-25,21.6,111.4,34.1,54,0,0.0
SEG_06,2025-07-26,26.1,97.5,14.8,55,0,0.0
SEG_06,2025-07-27,3.5,51.2,45.3,56,0,0.0
SEG_06,2025-07-28,4.5,34.1,74.5,57,0,0.0
SEG_06,2025-07-29,6.7,14.8,125.0,58,0,0.0
SEG_06,2025-07-30,34.0,45.3,97.5,59,0,0.0
SEG_06,2025-07-31,33.7,74.5,76.8,60,1,0.0
SEG_06,2025-08-01,57.2,125.0,22.3,61,1,1.0
SEG_06,2025-08-02,6.6,97.5,19.5,62,1,2.0
SEG_06,2025-08-03,12.9,76.8,17.6,63,1,3.0
SEG_06,2025-08-04,2.7,22.3,21.8,64,1,4.0
SEG_06,2025-08-05,3.9,19.5,24.8,65,1,5.0
SEG_06,2025-08-06,11.0,17.6,22.3,66,0,6.0
SEG_06,2025-08-07,6.9,21.8,52.2,67,0,6.0
SEG_06,2025-08-08,6.9,24.8,74.8,68,1,6.0
SEG_06,2025-08-09,8.5,22.3,72.1,69,1,7.0
SEG_06,2025-08-10,36.7,52.2,64.4,70,1,8.0
SEG_06,2025-08-11,29.5,74.8,42.2,71,0,9.0
SEG_06,2025-08-12,5.8,72.1,39.8,72,0,9.0
SEG_06,2025-08-13,29.0,64.4,19.1,73,0,9.0
SEG_06,2025-08-14,7.4,42.2,28.9,74,0,9.0
SEG_06,2025-08-15,3.4,39.8,32.0,75,0,8.0
SEG_06,2025-08-16,8.3,19.1,45.0,76,0,7.0
SEG_06,2025-08-17,17.2,28.9,36.6,77,0,6.0
SEG_06,2025-08-18,6.5,32.0,48.3,78,0,5.0
SEG_06,2025-08-19,21.4,45.0,32.7,79,0,4.0
SEG_06,2025-08-20,8.8,36.6,37.9,80,0,3.0
SEG_06,2025-08-21,18.1,48.3,26.4,81,0,3.0
SEG_06,2025-08-22,5.8,32.7,31.9,82,1,3.0
SEG_06,2025-08-23,13.9,37.9,65.0,83,1,3.0
SEG_06,2025-08-24,6.6,26.4,68.1,84,0,3.0
SEG_06,2025-08-25,11.3,31.9,61.3,85,0,2.0
SEG_06,2025-08-26,47.1,65.0,28.8,86,0,2.0
SEG_06,2025-08-27,9.8,68.1,33.9,87,0,2.0
SEG_06,2025-08-28,4.4,61.3,44.1,88,0,2.0
SEG_06,2025-08-29,14.6,28.8,50.0,89,0,2.0
SEG_06,2025-08-30,14.8,33.9,44.6,90,0,2.0
SEG_06,2025-08-31,14.7,44.1,51.8,91,0,2.0
SEG_06,2025-09-01,20.5,50.0,44.8,92,0,2.0
SEG_06,2025-09-02,9.4,44.6,39.6,93,0,2.0
SEG_06,2025-09-03,21.9,51.8,41.8,94,1,2.0
SEG_06,2025-09-04,13.5,44.8,44.0,95,0,3.0
SEG_06,2025-09-05,4.2,39.6,61.0,96,0,3.0
SEG_06,2025-09-06,24.1,41.8,41.5,97,0,2.0
SEG_06,2025-09-07,15.7,44.0,51.0,98,0,1.0
SEG_06,2025-09-08,21.1,61.0,85.2,99,0,1.0
SEG_06,2025-09-09,4.7,41.5,84.9,100,0,1.0
SEG_06,2025-09-10,25.2,51.0,87.4,101,0,1.0
SEG_06,2025-09-11,55.4,85.2,47.7,102,0,1.0
SEG_06,2025-09-12,4.4,84.9,57.0,103,0,1.0
SEG_06,2025-09-13,27.6,87.4,54.7,104,0,1.0
SEG_06,2025-09-14,15.7,47.7,62.4,105,0,1.0
SEG_06,2025-09-15,13.6,57.0,81.3,106,0,1.0
SEG_06,2025-09-16,25.4,54.7,60.8,107,0,1.0
SEG_06,2025-09-17,23.5,62.4,70.6,108,0,1.0
SEG_06,2025-09-18,32.4,81.3,56.2,109,1,0.0
SEG_06,2025-09-19,4.9,60.8,54.1,110,1,1.0
SEG_06,2025-09-20,33.3,70.6,30.7,111,0,2.0
SEG_06,2025-09-21,18.0,56.2,28.7,112,0,2.0
SEG_06,2025-09-22,2.8,54.1,35.5,113,0,2.0
SEG_06,2025-09-23,9.8,30.7,38.0,114,0,2.0
SEG_06,2025-09-24,16.0,28.7,30.6,115,0,2.0
SEG_06,2025-09-25,9.7,35.5,95.6,116,0,2.0
SEG_06,2025-09-26,12.3,38.0,105.5,117,0,2.0
SEG_06,2025-09-27,8.6,30.6,111.4,118,0,2.0
SEG_06,2025-09-28,74.7,95.6,95.6,119,0,2.0
SEG_06,2025-09-29,22.2,105.5,105.5,120,0,2.0
SEG_06,2025-09-30,14.6,111.4,111.4,121,0,2.0
SEG_07,2023-06-01,5.6,5.6,21.1,0,0,0.0
SEG_07,2023-06-02,11.3,17.0,13.7,1,0,0.0
SEG_07,2023-06-03,8.4,25.4,12.9,2,0,0.0
SEG_07,2023-06-04,1.3,21.1,31.3,3,0,0.0
SEG_07,2023-06-05,4.0,13.7,38.6,4,0,0.0
SEG_07,2023-06-06,7.6,12.9,35.9,5,0,0.0
SEG_07,2023-06-07,19.7,31.3,19.8,6,0,0.0
SEG_07,2023-06-08,11.4,38.6,31.1,7,0,0.0
SEG_07,2023-06-09,4.8,35.9,35.2,8,0,0.0
SEG_07,2023-06-10,3.7,19.8,31.7,9,0,0.0
SEG_07,2023-06-11,22.7,31.1,18.3,10,0,0.0
SEG_07,2023-06-12,8.8,35.2,26.3,11,0,0.0
SEG_07,2023-06-13,0.2,31.7,29.7,12,0,0.0
SEG_07,2023-06-14,9.3,18.3,31.1,13,0,0.0
SEG_07,2023-06-15,16.8,26.3,25.8,14,0,0.0
SEG_07,2023-06-16,3.6,29.7,26.0,15,0,0.0
SEG_07,2023-06-17,10.7,31.1,39.4,16,0,0.0
SEG_07,2023-06-18,11.5,25.8,39.6,17,0,0.0
SEG_07,2023-06-19,3.8,26.0,43.3,18,0,0.0
SEG_07,2023-06-20,24.1,39.4,28.1,19,0,0.0
SEG_07,2023-06-21,11.7,39.6,19.5,20,0,0.0
SEG_07,2023-06-22,7.5,43.3,15.0,21,0,0.0
SEG_07,2023-06-23,8.9,28.1,13.0,22,0,0.0
SEG_07,2023-06-24,3.1,19.5,17.2,23,0,0.0
SEG_07,2023-06-25,3.0,15.0,22.7,24,0,0.0
SEG_07,2023-06-26,6.9,13.0,41.3,25,0,0.0
SEG_07,2023-06-27,7.3,17.2,50.2,26,0,0.0
SEG_07,2023-06-28,8.4,22.7,43.4,27,0,0.0
SEG_07,2023-06-29,25.6,41.3,40.1,28,0,0.0
SEG_07,2023-06-30,16.2,50.2,30.9,29,0,0.0
SEG_07,2023-07-01,1.6,43.4,46.5,30,0,0.0
SEG_07,2023-07-02,22.3,40.1,31.6,31,0,0.0
SEG_07,2023-07-03,6.9,30.9,35.8,32,0,0.0
SEG_07,2023-07-04,17.3,46.5,21.8,33,0,0.0
SEG_07,2023-07-05,7.4,31.6,27.5,34,0,0.0
SEG_07,2023-07-06,11.1,35.8,35.1,35,0,0.0
SEG_07,2023-07-07,3.4,21.8,33.7,36,0,0.0
SEG_07,2023-07-08,13.0,27.5,39.6,37,0,0.0
SEG_07,2023-07-09,18.7,35.1,26.6,38,0,0.0
SEG_07,2023-07-10,2.0,33.7,55.7,39,0,0.0
SEG_07,2023-07-11,18.9,39.6,54.3,40,0,0.0
SEG_07,2023-07-12,5.6,26.6,64.1,41,0,0.0
SEG_07,2023-07-13,31.2,55.7,41.9,42,0,0.0
SEG_07,2023-07-14,17.5,54.3,72.6,43,1,0.0
SEG_07,2023-07-15,15.4,64.1,64.2,44,1,1.0
SEG_07,2023-07-16,8.9,41.9,59.3,45,1,2.0
SEG_07,2023-07-17,48.3,72.6,16.9,46,0,3.0
SEG_07,2023-07-18,6.9,64.2,31.0,47,0,3.0
SEG_07,2023-07-19,4.1,59.3,37.8,48,0,3.0
SEG_07,2023-07-20,5.8,16.9,41.8,49,0,3.0
SEG_07,2023-07-21,21.1,31.0,27.7,50,0,3.0
SEG_07,2023-07-22,10.9,37.8,26.1,51,0,3.0
SEG_07,2023-07-23,9.7,41.8,23.0,52,0,3.0
SEG_07,2023-07-24,7.0,27.7,32.5,53,0,3.0
SEG_07,2023-07-25,9.3,26.1,31.4,54,0,3.0
SEG_07,2023-07-26,6.6,23.0,30.7,55,0,3.0
SEG_07,2023-07-27,16.5,32.5,34.1,56,0,3.0
SEG_07,2023-07-28,8.3,31.4,30.0,57,0,3.0
SEG_07,2023-07-29,5.9,30.7,35.2,58,0,2.0
SEG_07,2023-07-30,19.9,34.1,16.6,59,0,1.0
SEG_07,2023-07-31,4.2,30.0,15.1,60,0,0.0
SEG_07,2023-08-01,11.1,35.2,11.6,61,0,0.0
SEG_07,2023-08-02,1.3,16.6,16.8,62,0,0.0
SEG_07,2023-08-03,2.7,15.1,20.6,63,0,0.0
SEG_07,2023-08-04,7.6,11.6,30.7,64,0,0.0
SEG_07,2023-08-05,6.5,16.8,42.5,65,0,0.0
SEG_07,2023-08-06,6.5,20.6,48.7,66,0,0.0
SEG_07,2023-08-07,17.6,30.7,35.1,67,0,0.0
SEG_07,2023-08-08,18.4,42.5,26.0,68,0,0.0
SEG_07,2023-08-09,12.7,48.7,47.4,69,0,0.0
SEG_07,2023-08-10,4.0,35.1,88.6,70,0,0.0
SEG_07,2023-08-11,9.3,26.0,99.4,71,0,0.0
SEG_07,2023-08-12,34.1,47.4,69.4,72,0,0.0
SEG_07,2023-08-13,45.2,88.6,33.6,73,0,0.0
SEG_07,2023-08-14,20.0,99.4,25.6,74,0,0.0
SEG_07,2023-08-15,4.2,69.4,32.2,75,1,0.0
SEG_07,2023-08-16,9.4,33.6,44.4,76,1,1.0
SEG_07,2023-08-17,12.1,25.6,49.4,77,1,2.0
SEG_07,2023-08-18,10.8,32.2,42.6,78,0,3.0
SEG_07,2023-08-19,21.5,44.4,27.1,79,0,3.0
SEG_07,2023-08-20,17.1,49.4,30.0,80,0,3.0
SEG_07,2023-08-21,4.0,42.6,52.1,81,0,3.0
SEG_07,2023-08-22,6.0,27.1,58.3,82,0,3.0
SEG_07,2023-08-23,20.0,30.0,66.7,83,0,3.0
SEG_07,2023-08-24,26.1,52.1,51.8,84,0,3.0
SEG_07,2023-08-25,12.2,58.3,44.2,85,0,3.0
SEG_07,2023-08-26,28.3,66.7,31.9,86,0,3.0
SEG_07,2023-08-27,11.2,51.8,79.0,87,0,3.0
SEG_07,2023-08-28,4.7,44.2,77.5,88,0,3.0
SEG_07,2023-08-29,16.0,31.9,89.1,89,0,3.0
SEG_07,2023-08-30,58.4,79.0,46.1,90,0,2.0
SEG_07,2023-08-31,3.1,77.5,48.7,91,0,1.0
SEG_07,2023-09-01,27.6,89.1,22.5,92,0,0.0
SEG_07,2023-09-02,15.4,46.1,7.8,93,0,0.0
SEG_07,2023-09-03,5.7,48.7,8.6,94,0,0.0
SEG_07,2023-09-04,1.4,22.5,20.9,95,0,0.0
SEG_07,2023-09-05,0.8,7.8,39.1,96,0,0.0
SEG_07,2023-09-06,6.5,8.6,54.7,97,0,0.0
SEG_07,2023-09-07,13.6,20.9,53.8,98,0,0.0
SEG_07,2023-09-08,19.0,39.1,46.2,99,0,0.0
SEG_07,2023-09-09,22.1,54.7,31.9,100,0,0.0
SEG_07,2023-09-10,12.8,53.8,33.0,101,0,0.0
SEG_07,2023-09-11,11.3,46.2,27.4,102,0,0.0
SEG_07,2023-09-12,7.8,31.9,23.0,103,0,0.0
SEG_07,2023-09-13,13.9,33.0,19.9,104,0,0.0
SEG_07,2023-09-14,5.8,27.4,32.1,105,0,0.0
SEG_07,2023-09-15,3.3,23.0,31.4,106,0,0.0
SEG_07,2023-09-16,10.8,19.9,27.1,107,0,0.0
SEG_07,2023-09-17,18.0,32.1,19.6,108,0,0.0
SEG_07,2023-09-18,2.6,31.4,27.3,109,0,0.0
SEG_07,2023-09-19,6.5,27.1,35.9,110,0,0.0
SEG_07,2023-09-20,10.5,19.6,58.9,111,0,0.0
SEG_07,2023-09-21,10.3,27.3,49.4,112,0,0.0
SEG_07,2023-09-22,15.1,35.9,68.7,113,0,0.0
SEG_07,2023-09-23,33.5,58.9,67.8,114,0,0.0
SEG_07,2023-09-24,0.8,49.4,86.2,115,0,0.0
SEG_07,2023-09-25,34.5,68.7,63.7,116,0,0.0
SEG_07,2023-09-26,32.5,67.8,37.1,117,0,0.0
SEG_07,2023-09-27,19.2,86.2,37.0,118,0,0.0
SEG_07,2023-09-28,12.0,63.7,63.7,119,0,0.0
SEG_07,2023-09-29,5.9,37.1,37.1,120,0,0.0
SEG_07,2023-09-30,19.0,37.0,37.0,121,0,0.0
SEG_07,2024-06-01,10.5,10.5,76.0,0,0,0.0
SEG_07,2024-06-02,23.9,34.5,56.3,1,0,0.0
SEG_07,2024-06-03,7.3,41.7,68.2,2,0,0.0
SEG_07,2024-06-04,44.8,76.0,37.5,3,0,0.0
SEG_07,2024-06-05,4.3,56.3,54.9,4,0,0.0
SEG_07,2024-06-06,19.2,68.2,42.9,5,0,0.0
SEG_07,2024-06-07,14.1,37.5,41.1,6,0,0.0
SEG_07,2024-06-08,21.6,54.9,82.3,7,0,0.0
SEG_07,2024-06-09,7.2,42.9,100.3,8,0,0.0
SEG_07,2024-06-10,12.3,41.1,102.3,9,0,0.0
SEG_07,2024-06-11,62.8,82.3,45.0,10,0,0.0
SEG_07,2024-06-12,25.2,100.3,32.6,11,0,0.0
SEG_07,2024-06-13,14.3,102.3,42.3,12,0,0.0
SEG_07,2024-06-14,5.5,45.0,57.5,13,0,0.0
SEG_07,2024-06-15,12.8,32.6,46.7,14,0,0.0
SEG_07,2024-06-16,24.0,42.3,25.4,15,0,0.0
SEG_07,2024-06-17,20.7,57.5,7.6,16,0,0.0
SEG_07,2024-06-18,2.0,46.7,23.2,17,0,0.0
SEG_07,2024-06-19,2.7,25.4,23.4,18,0,0.0
SEG_07,2024-06-20,2.9,7.6,25.8,19,0,0.0
SEG_07,2024-06-21,17.6,23.2,19.2,20,0,0.0
SEG_07,2024-06-22,2.9,23.4,43.1,21,0,0.0
SEG_07,2024-06-23,5.3,25.8,56.0,22,0,0.0
SEG_07,2024-06-24,11.0,19.2,55.0,23,1,0.0
SEG_07,2024-06-25,26.8,43.1,50.2,24,1,1.0
SEG_07,2024-06-26,18.2,56.0,77.6,25,1,2.0
SEG_07,2024-06-27,10.0,55.0,80.6,26,1,3.0
SEG_07,2024-06-28,22.0,50.2,62.3,27,0,4.0
SEG_07,2024-06-29,45.6,77.6,22.1,28,0,4.0
SEG_07,2024-06-30,12.9,80.6,14.7,29,0,4.0
SEG_07,2024-07-01,3.8,62.3,17.5,30,0,4.0
SEG_07,2024-07-02,5.5,22.1,21.4,31,0,4.0
SEG_07,2024-07-03,5.4,14.7,31.2,32,0,4.0
SEG_07,2024-07-04,6.6,17.5,27.9,33,0,4.0
SEG_07,2024-07-05,9.4,21.4,22.4,34,0,4.0
SEG_07,2024-07-06,15.2,31.2,26.2,35,0,4.0
SEG_07,2024-07-07,3.2,27.9,31.0,36,0,4.0
SEG_07,2024-07-08,3.9,22.4,33.1,37,0,4.0
SEG_07,2024-07-09,19.1,26.2,24.3,38,0,3.0
SEG_07,2024-07-10,8.1,31.0,46.3,39,0,2.0
SEG_07,2024-07-11,5.9,33.1,61.3,40,0,1.0
SEG_07,2024-07-12,10.3,24.3,70.9,41,0,0.0
SEG_07,2024-07-13,30.0,46.3,78.1,42,0,0.0
SEG_07,2024-07-14,20.9,61.3,72.9,43,0,0.0
SEG_07,2024-07-15,19.9,70.9,92.5,44,0,0.0
SEG_07,2024-07-16,37.2,78.1,96.8,45,0,0.0
SEG_07,2024-07-17,15.8,72.9,84.4,46,0,0.0
SEG_07,2024-07-18,39.5,92.5,47.4,47,1,0.0
SEG_07,2024-07-19,41.6,96.8,10.9,48,1,1.0
SEG_07,2024-07-20,3.4,84.4,35.6,49,1,2.0
SEG_07,2024-07-21,2.4,47.4,43.6,50,0,3.0
SEG_07,2024-07-22,5.1,10.9,47.9,51,0,3.0
SEG_07,2024-07-23,28.0,35.6,42.4,52,0,3.0
SEG_07,2024-07-24,10.5,43.6,39.6,53,0,3.0
SEG_07,2024-07-25,9.4,47.9,44.5,54,0,3.0
SEG_07,2024-07-26,22.5,42.4,41.1,55,0,3.0
SEG_07,2024-07-27,7.7,39.6,38.9,56,0,3.0
SEG_07,2024-07-28,14.3,44.5,29.0,57,0,3.0
SEG_07,2024-07-29,19.1,41.1,22.8,58,0,3.0
SEG_07,2024-07-30,5.5,38.9,31.3,59,0,3.0
SEG_07,2024-07-31,4.4,29.0,48.2,60,0,3.0
SEG_07,2024-08-01,12.8,22.8,40.3,61,0,3.0
SEG_07,2024-08-02,14.1,31.3,33.0,62,0,2.0
SEG_07,2024-08-03,21.3,48.2,53.0,63,0,1.0
SEG_07,2024-08-04,5.0,40.3,72.9,64,0,0.0
SEG_07,2024-08-05,6.8,33.0,77.3,65,0,0.0
SEG_07,2024-08-06,41.3,53.0,63.6,66,0,0.0
SEG_07,2024-08-07,24.8,72.9,43.8,67,0,0.0
SEG_07,2024-08-08,11.2,77.3,42.8,68,0,0.0
SEG_07,2024-08-09,27.6,63.6,29.2,69,0,0.0
SEG_07,2024-08-10,5.0,43.8,33.6,70,0,0.0
SEG_07,2024-08-11,10.2,42.8,32.9,71,0,0.0
SEG_07,2024-08-12,14.0,29.2,39.4,72,0,0.0
SEG_07,2024-08-13,9.3,33.6,55.1,73,0,0.0
SEG_07,2024-08-14,9.6,32.9,54.1,74,0,0.0
SEG_07,2024-08-15,20.5,39.4,37.1,75,0,0.0
SEG_07,2024-08-16,25.0,55.1,14.9,76,0,0.0
SEG_07,2024-08-17,8.5,54.1,7.8,77,0,0.0
SEG_07,2024-08-18,3.5,37.1,41.0,78,0,0.0
SEG_07,2024-08-19,2.8,14.9,58.8,79,0,0.0
SEG_07,2024-08-20,1.4,7.8,74.8,80,0,0.0
SEG_07,2024-08-21,36.8,41.0,45.7,81,0,0.0
SEG_07,2024-08-22,20.6,58.8,32.7,82,0,0.0
SEG_07,2024-08-23,17.5,74.8,40.8,83,0,0.0
SEG_07,2024-08-24,7.6,45.7,35.6,84,0,0.0
SEG_07,2024-08-25,7.6,32.7,36.9,85,0,0.0
SEG_07,2024-08-26,25.6,40.8,39.5,86,0,0.0
SEG_07,2024-08-27,2.5,35.6,45.8,87,0,0.0
SEG_07,2024-08-28,8.8,36.9,56.8,88,0,0.0
SEG_07,2024-08-29,28.2,39.5,40.3,89,0,0.0
SEG_07,2024-08-30,8.8,45.8,31.9,90,0,0.0
SEG_07,2024-08-31,19.8,56.8,23.3,91,0,0.0
SEG_07,2024-09-01,11.6,40.3,24.7,92,0,0.0
SEG_07,2024-09-02,0.4,31.9,34.8,93,0,0.0
SEG_07,2024-09-03,11.2,23.3,27.8,94,0,0.0
SEG_07,2024-09-04,13.0,24.7,25.4,95,0,0.0
SEG_07,2024-09-05,10.5,34.8,16.4,96,0,0.0
SEG_07,2024-09-06,4.2,27.8,20.9,97,0,0.0
SEG_07,2024-09-07,10.6,25.4,31.3,98,0,0.0
SEG_07,2024-09-08,1.5,16.4,65.2,99,0,0.0
SEG_07,2024-09-09,8.8,20.9,87.9,100,0,0.0
SEG_07,2024-09-10,21.0,31.3,71.8,101,0,0.0
SEG_07,2024-09-11,35.4,65.2,39.4,102,0,0.0
SEG_07,2024-09-12,31.5,87.9,21.8,103,1,0.0
SEG_07,2024-09-13,4.9,71.8,29.4,104,1,1.0
SEG_07,2024-09-14,3.0,39.4,45.2,105,0,2.0
SEG_07,2024-09-15,14.0,21.8,38.3,106,0,2.0
SEG_07,2024-09-16,12.4,29.4,38.5,107,0,2.0
SEG_07,2024-09-17,18.8,45.2,31.9,108,0,2.0
SEG_07,2024-09-18,7.1,38.3,33.8,109,0,2.0
SEG_07,2024-09-19,12.7,38.5,23.4,110,0,2.0
SEG_07,2024-09-20,12.2,31.9,32.0,111,0,2.0
SEG_07,2024-09-21,9.0,33.8,37.1,112,0,2.0
SEG_07,2024-09-22,2.3,23.4,56.6,113,0,2.0
SEG_07,2024-09-23,20.7,32.0,61.5,114,0,2.0
SEG_07,2024-09-24,14.1,37.1,58.7,115,0,2.0
SEG_07,2024-09-25,21.8,56.6,57.8,116,1,2.0
SEG_07,2024-09-26,25.6,61.5,68.2,117,1,3.0
SEG_07,2024-09-27,11.3,58.7,100.8,118,0,3.0
SEG_07,2024-09-28,20.8,57.8,57.8,119,0,2.0
SEG_07,2024-09-29,36.0,68.2,68.2,120,0,2.0
SEG_07,2024-09-30,44.0,100.8,100.8,121,0,2.0
SEG_07,2025-06-01,31.6,31.6,61.0,0,0,2.0
SEG_07,2025-06-02,17.6,49.2,79.2,1,0,2.0
SEG_07,2025-06-03,32.8,82.0,64.3,2,0,2.0
SEG_07,2025-06-04,10.6,61.0,83.4,3,0,2.0
SEG_07,2025-06-05,35.9,79.2,58.3,4,0,2.0
SEG_07,2025-06-06,17.9,64.3,57.7,5,0,2.0
SEG_07,2025-06-07,29.7,83.4,87.6,6,0,2.0
SEG_07,2025-06-08,10.8,58.3,93.9,7,0,2.0
SEG_07,2025-06-09,17.2,57.7,108.1,8,0,2.0
SEG_07,2025-06-10,59.5,87.6,82.7,9,0,1.0
SEG_07,2025-06-11,17.1,93.9,90.6,10,0,0.0
SEG_07,2025-06-12,31.4,108.1,87.6,11,0,0.0
SEG_07,2025-06-13,34.1,82.7,64.3,12,0,0.0
SEG_07,2025-06-14,25.1,90.6,47.2,13,0,0.0
SEG_07,2025-06-15,28.4,87.6,25.4,14,0,0.0
SEG_07,2025-06-16,10.8,64.3,36.4,15,0,0.0
SEG_07,2025-06-17,8.0,47.2,45.1,16,0,0.0
SEG_07,2025-06-18,6.6,25.4,59.3,17,0,0.0
SEG_07,2025-06-19,21.8,36.4,43.1,18,0,0.0
SEG_07,2025-06-20,16.8,45.1,35.5,19,0,0.0
SEG_07,2025-06-21,20.7,59.3,45.5,20,0,0.0
SEG_07,2025-06-22,5.6,43.1,58.8,21,0,0.0
SEG_07,2025-06-23,9.2,35.5,67.5,22,0,0.0
SEG_07,2025-06-24,30.8,45.5,50.4,23,0,0.0
SEG_07,2025-06-25,18.8,58.8,40.1,24,0,0.0
SEG_07,2025-06-26,18.0,67.5,58.8,25,0,0.0
SEG_07,2025-06-27,13.7,50.4,86.1,26,0,0.0
SEG_07,2025-06-28,8.5,40.1,94.9,27,0,0.0
SEG_07,2025-06-29,36.7,58.8,73.0,28,0,0.0
SEG_07,2025-06-30,40.9,86.1,75.0,29,0,0.0
SEG_07,2025-07-01,17.3,94.9,67.1,30,0,0.0
SEG_07,2025-07-02,14.8,73.0,63.7,31,0,0.0
SEG_07,2025-07-03,42.9,75.0,50.6,32,0,0.0
SEG_07,2025-07-04,9.4,67.1,52.4,33,0,0.0
SEG_07,2025-07-05,11.4,63.7,57.6,34,0,0.0
SEG_07,2025-07-06,29.8,50.6,29.6,35,0,0.0
SEG_07,2025-07-07,11.2,52.4,59.9,36,0,0.0
SEG_07,2025-07-08,16.6,57.6,71.4,37,0,0.0
SEG_07,2025-07-09,1.8,29.6,104.6,38,0,0.0
SEG_07,2025-07-10,41.6,59.9,70.4,39,0,0.0
SEG_07,2025-07-11,28.1,71.4,90.1,40,0,0.0
SEG_07,2025-07-12,35.0,104.6,70.5,41,0,0.0
SEG_07,2025-07-13,7.4,70.4,100.2,42,0,0.0
SEG_07,2025-07-14,47.7,90.1,73.9,43,0,0.0
SEG_07,2025-07-15,15.4,70.5,87.4,44,0,0.0
SEG_07,2025-07-16,37.1,100.2,73.0,45,0,0.0
SEG_07,2025-07-17,21.4,73.9,62.7,46,0,0.0
SEG_07,2025-07-18,29.0,87.4,37.4,47,0,0.0
SEG_07,2025-07-19,22.6,73.0,53.8,48,0,0.0
SEG_07,2025-07-20,11.2,62.7,43.5,49,0,0.0
SEG_07,2025-07-21,3.6,37.4,71.2,50,0,0.0
SEG_07,2025-07-22,39.0,53.8,71.1,51,0,0.0
SEG_07,2025-07-23,0.9,43.5,74.8,52,0,0.0
SEG_07,2025-07-24,31.2,71.2,55.3,53,0,0.0
SEG_07,2025-07-25,39.0,71.1,20.4,54,0,0.0
SEG_07,2025-07-26,4.6,74.8,25.6,55,0,0.0
SEG_07,2025-07-27,11.7,55.3,48.5,56,0,0.0
SEG_07,2025-07-28,4.1,20.4,73.1,57,0,0.0
SEG_07,2025-07-29,9.8,25.6,89.4,58,0,0.0
SEG_07,2025-07-30,34.6,48.5,66.6,59,0,0.0
SEG_07,2025-07-31,28.7,73.1,38.9,60,0,0.0
SEG_07,2025-08-01,26.1,89.4,18.1,61,0,0.0
SEG_07,2025-08-02,11.7,66.6,20.0,62,0,0.0
SEG_07,2025-08-03,1.1,38.9,25.5,63,0,0.0
SEG_07,2025-08-04,5.3,18.1,51.6,64,0,0.0
SEG_07,2025-08-05,13.7,20.0,86.7,65,0,0.0
SEG_07,2025-08-06,6.5,25.5,101.4,66,0,0.0
SEG_07,2025-08-07,31.5,51.6,74.6,67,0,0.0
SEG_07,2025-08-08,48.7,86.7,65.8,68,0,0.0
SEG_07,2025-08-09,21.3,101.4,62.5,69,0,0.0
SEG_07,2025-08-10,4.6,74.6,74.1,70,0,0.0
SEG_07,2025-08-11,40.0,65.8,58.7,71,0,0.0
SEG_07,2025-08-12,18.0,62.5,46.2,72,0,0.0
SEG_07,2025-08-13,16.2,74.1,42.0,73,0,0.0
SEG_07,2025-08-14,24.5,58.7,32.8,74,0,0.0
SEG_07,2025-08-15,5.6,46.2,47.2,75,0,0.0
SEG_07,2025-08-16,11.9,42.0,56.7,76,0,0.0
SEG_07,2025-08-17,15.3,32.8,65.9,77,0,0.0
SEG_07,2025-08-18,19.9,47.2,56.0,78,0,0.0
SEG_07,2025-08-19,21.5,56.7,37.4,79,0,0.0
SEG_07,2025-08-20,24.5,65.9,26.5,80,0,0.0
SEG_07,2025-08-21,10.0,56.0,31.4,81,0,0.0
SEG_07,2025-08-22,2.9,37.4,31.2,82,0,0.0
SEG_07,2025-08-23,13.5,26.5,27.2,83,0,0.0
SEG_07,2025-08-24,14.9,31.4,30.9,84,0,0.0
SEG_07,2025-08-25,2.7,31.2,39.1,85,0,0.0
SEG_07,2025-08-26,9.6,27.2,47.5,86,0,0.0
SEG_07,2025-08-27,18.6,30.9,39.4,87,0,0.0
SEG_07,2025-08-28,10.9,39.1,54.4,88,0,0.0
SEG_07,2025-08-29,18.0,47.5,43.3,89,0,0.0
SEG_07,2025-08-30,10.5,39.4,49.1,90,0,0.0
SEG_07,2025-08-31,25.8,54.4,40.3,91,0,0.0
SEG_07,2025-09-01,7.0,43.3,63.9,92,0,0.0
SEG_07,2025-09-02,16.3,49.1,60.0,93,0,0.0
SEG_07,2025-09-03,16.9,40.3,91.3,94,0,0.0
SEG_07,2025-09-04,30.6,63.9,107.7,95,0,0.0
SEG_07,2025-09-05,12.4,60.0,102.7,96,0,0.0
SEG_07,2025-09-06,48.2,91.3,70.4,97,0,0.0
SEG_07,2025-09-07,47.0,107.7,28.4,98,0,0.0
SEG_07,2025-09-08,7.4,102.7,44.2,99,0,0.0
SEG_07,2025-09-09,16.0,70.4,39.0,100,0,0.0
SEG_07,2025-09-10,5.1,28.4,51.7,101,0,0.0
SEG_07,2025-09-11,23.1,44.2,41.8,102,0,0.0
SEG_07,2025-09-12,10.8,39.0,115.4,103,0,0.0
SEG_07,2025-09-13,17.8,51.7,112.1,104,0,0.0
SEG_07,2025-09-14,13.3,41.8,112.4,105,0,0.0
SEG_07,2025-09-15,84.3,115.4,60.1,106,0,0.0
SEG_07,2025-09-16,14.5,112.1,80.8,107,0,0.0
SEG_07,2025-09-17,13.5,112.4,87.1,108,0,0.0
SEG_07,2025-09-18,32.0,60.1,91.0,109,0,0.0
SEG_07,2025-09-19,35.3,80.8,130.9,110,0,0.0
SEG_07,2025-09-20,19.8,87.1,123.8,111,0,0.0
SEG_07,2025-09-21,35.9,91.0,93.6,112,0,0.0
SEG_07,2025-09-22,75.2,130.9,40.2,113,0,0.0
SEG_07,2025-09-23,12.7,123.8,61.2,114,0,0.0
SEG_07,2025-09-24,5.7,93.6,101.1,115,0,0.0
SEG_07,2025-09-25,21.9,40.2,104.1,116,0,0.0
SEG_07,2025-09-26,33.7,61.2,87.1,117,0,0.0
SEG_07,2025-09-27,45.6,101.1,49.9,118,0,0.0
SEG_07,2025-09-28,24.8,104.1,104.1,119,0,0.0
SEG_07,2025-09-29,16.6,87.1,87.1,120,1,0.0
SEG_07,2025-09-30,8.4,49.9,49.9,121,1,1.0
SEG_08,2023-06-01,12.4,12.4,37.4,0,0,0.0
SEG_08,2023-06-02,16.2,28.6,27.2,1,0,0.0
SEG_08,2023-06-03,17.3,45.9,16.0,2,0,0.0
SEG_08,2023-06-04,3.9,37.4,17.0,3,0,0.0
SEG_08,2023-06-05,6.0,27.2,30.3,4,0,0.0
SEG_08,2023-06-06,6.1,16.0,62.6,5,1,0.0
SEG_08,2023-06-07,4.9,17.0,64.5,6,1,1.0
SEG_08,2023-06-08,19.3,30.3,55.8,7,0,2.0
SEG_08,2023-06-09,38.3,62.6,49.1,8,0,2.0
SEG_08,2023-06-10,6.9,64.5,58.0,9,1,2.0
SEG_08,2023-06-11,10.6,55.8,49.3,10,0,3.0
SEG_08,2023-06-12,31.6,49.1,38.1,11,0,3.0
SEG_08,2023-06-13,15.9,58.0,30.9,12,0,3.0
SEG_08,2023-06-14,1.8,49.3,31.7,13,0,3.0
SEG_08,2023-06-15,20.4,38.1,17.3,14,0,3.0
SEG_08,2023-06-16,8.7,30.9,19.0,15,0,3.0
SEG_08,2023-06-17,2.7,31.7,22.2,16,0,3.0
SEG_08,2023-06-18,5.9,17.3,19.3,17,0,3.0
SEG_08,2023-06-19,10.4,19.0,18.7,18,0,3.0
SEG_08,2023-06-20,5.9,22.2,32.8,19,0,3.0
SEG_08,2023-06-21,3.0,19.3,46.5,20,0,2.0
SEG_08,2023-06-22,9.8,18.7,64.5,21,0,1.0
SEG_08,2023-06-23,20.0,32.8,65.6,22,0,1.0
SEG_08,2023-06-24,16.7,46.5,52.4,23,0,1.0
SEG_08,2023-06-25,27.8,64.5,39.7,24,0,0.0
SEG_08,2023-06-26,21.1,65.6,26.9,25,0,0.0
SEG_08,2023-06-27,3.5,52.4,38.3,26,1,0.0
SEG_08,2023-06-28,15.1,39.7,25.7,27,0,1.0
SEG_08,2023-06-29,8.2,26.9,27.9,28,0,1.0
SEG_08,2023-06-30,14.9,38.3,37.8,29,0,1.0
SEG_08,2023-07-01,2.6,25.7,46.0,30,0,1.0
SEG_08,2023-07-02,10.4,27.9,40.5,31,0,1.0
SEG_08,2023-07-03,24.8,37.8,20.0,32,1,1.0
SEG_08,2023-07-04,10.8,46.0,20.4,33,1,2.0
SEG_08,2023-07-05,4.9,40.5,29.6,34,0,3.0
SEG_08,2023-07-06,4.3,20.0,35.8,35,0,3.0
SEG_08,2023-07-07,11.2,20.4,33.1,36,0,3.0
SEG_08,2023-07-08,14.2,29.6,23.6,37,0,3.0
SEG_08,2023-07-09,10.5,35.8,27.2,38,0,3.0
SEG_08,2023-07-10,8.4,33.1,27.8,39,0,3.0
SEG_08,2023-07-11,4.7,23.6,28.7,40,0,3.0
SEG_08,2023-07-12,14.0,27.2,35.0,41,0,2.0
SEG_08,2023-07-13,9.1,27.8,38.8,42,0,2.0
SEG_08,2023-07-14,5.6,28.7,40.7,43,0,2.0
SEG_08,2023-07-15,20.4,35.0,24.8,44,1,2.0
SEG_08,2023-07-16,12.9,38.8,22.4,45,1,3.0
SEG_08,2023-07-17,7.5,40.7,26.4,46,1,4.0
SEG_08,2023-07-18,4.4,24.8,30.0,47,0,4.0
SEG_08,2023-07-19,10.6,22.4,29.9,48,0,3.0
SEG_08,2023-07-20,11.5,26.4,22.3,49,0,3.0
SEG_08,2023-07-21,8.0,30.0,22.2,50,0,3.0
SEG_08,2023-07-22,10.4,29.9,16.2,51,0,3.0
SEG_08,2023-07-23,3.9,22.3,19.3,52,0,3.0
SEG_08,2023-07-24,7.8,22.2,16.3,53,0,3.0
SEG_08,2023-07-25,4.5,16.2,24.8,54,0,3.0
SEG_08,2023-07-26,7.1,19.3,31.9,55,0,3.0
SEG_08,2023-07-27,4.8,16.3,38.3,56,0,3.0
SEG_08,2023-07-28,12.9,24.8,30.5,57,0,3.0
SEG_08,2023-07-29,14.1,31.9,19.3,58,0,3.0
SEG_08,2023-07-30,11.2,38.3,22.3,59,0,2.0
SEG_08,2023-07-31,5.2,30.5,26.1,60,0,1.0
SEG_08,2023-08-01,2.9,19.3,24.6,61,0,0.0
SEG_08,2023-08-02,14.2,22.3,20.4,62,0,0.0
SEG_08,2023-08-03,9.0,26.1,22.9,63,0,0.0
SEG_08,2023-08-04,1.4,24.6,23.5,64,0,0.0
SEG_08,2023-08-05,10.0,20.4,26.7,65,0,0.0
SEG_08,2023-08-06,11.5,22.9,17.5,66,0,0.0
SEG_08,2023-08-07,2.0,23.5,20.2,67,0,0.0
SEG_08,2023-08-08,13.1,26.7,9.4,68,1,0.0
SEG_08,2023-08-09,2.4,17.5,11.3,69,1,1.0
SEG_08,2023-08-10,4.7,20.2,9.6,70,1,2.0
SEG_08,2023-08-11,2.4,9.4,25.2,71,0,3.0
SEG_08,2023-08-12,4.3,11.3,28.3,72,0,3.0
SEG_08,2023-08-13,2.9,9.6,31.6,73,0,3.0
SEG_08,2023-08-14,18.0,25.2,32.7,74,0,3.0
SEG_08,2023-08-15,7.4,28.3,43.8,75,0,3.0
SEG_08,2023-08-16,6.2,31.6,44.3,76,0,3.0
SEG_08,2023-08-17,19.2,32.7,36.2,77,0,3.0
SEG_08,2023-08-18,18.5,43.8,23.2,78,0,3.0
SEG_08,2023-08-19,6.6,44.3,24.9,79,0,3.0
SEG_08,2023-08-20,11.1,36.2,17.3,80,1,3.0
SEG_08,2023-08-21,5.5,23.2,24.0,81,1,4.0
SEG_08,2023-08-22,8.3,24.9,35.4,82,0,5.0
SEG_08,2023-08-23,3.5,17.3,49.3,83,0,4.0
SEG_08,2023-08-24,12.3,24.0,46.4,84,0,3.0
SEG_08,2023-08-25,19.7,35.4,27.9,85,1,2.0
SEG_08,2023-08-26,17.4,49.3,15.9,86,1,3.0
SEG_08,2023-08-27,9.3,46.4,14.8,87,0,4.0
SEG_08,2023-08-28,1.3,27.9,16.2,88,1,4.0
SEG_08,2023-08-29,5.3,15.9,13.0,89,1,5.0
SEG_08,2023-08-30,8.3,14.8,28.1,90,1,6.0
SEG_08,2023-08-31,2.6,16.2,41.5,91,1,7.0
SEG_08,2023-09-01,2.1,13.0,52.3,92,0,8.0
SEG_08,2023-09-02,23.4,28.1,43.7,93,0,8.0
SEG_08,2023-09-03,16.0,41.5,30.7,94,0,8.0
SEG_08,2023-09-04,12.9,52.3,21.9,95,0,7.0
SEG_08,2023-09-05,14.7,43.7,17.7,96,0,6.0
SEG_08,2023-09-06,3.0,30.7,25.9,97,0,6.0
SEG_08,2023-09-07,4.1,21.9,24.2,98,0,6.0
SEG_08,2023-09-08,10.6,17.7,23.6,99,0,6.0
SEG_08,2023-09-09,11.2,25.9,20.9,100,0,5.0
SEG_08,2023-09-10,2.4,24.2,35.4,101,0,4.0
SEG_08,2023-09-11,10.0,23.6,36.6,102,0,4.0
SEG_08,2023-09-12,8.4,20.9,53.4,103,0,3.0
SEG_08,2023-09-13,17.0,35.4,43.1,104,0,2.0
SEG_08,2023-09-14,11.2,36.6,35.0,105,0,1.0
SEG_08,2023-09-15,25.2,53.4,34.6,106,0,0.0
SEG_08,2023-09-16,6.6,43.1,39.6,107,0,0.0
SEG_08,2023-09-17,3.2,35.0,44.9,108,0,0.0
SEG_08,2023-09-18,24.8,34.6,24.4,109,0,0.0
SEG_08,2023-09-19,11.7,39.6,19.4,110,0,0.0
SEG_08,2023-09-20,8.5,44.9,17.4,111,0,0.0
SEG_08,2023-09-21,4.3,24.4,16.2,112,0,0.0
SEG_08,2023-09-22,6.7,19.4,10.3,113,0,0.0
SEG_08,2023-09-23,6.4,17.4,10.2,114,0,0.0
SEG_08,2023-09-24,3.1,16.2,22.1,115,1,0.0
SEG_08,2023-09-25,0.8,10.3,42.1,116,1,1.0
SEG_08,2023-09-26,6.3,10.2,53.3,117,1,2.0
SEG_08,2023-09-27,15.0,22.1,56.4,118,0,3.0
SEG_08,2023-09-28,20.8,42.1,42.1,119,0,3.0
SEG_08,2023-09-29,17.5,53.3,53.3,120,0,3.0
SEG_08,2023-09-30,18.2,56.4,56.4,121,0,3.0
SEG_08,2024-06-01,12.3,12.3,20.3,0,0,3.0
SEG_08,2024-06-02,6.7,19.1,21.5,1,0,3.0
SEG_08,2024-06-03,10.7,29.8,26.3,2,0,3.0
SEG_08,2024-06-04,2.9,20.3,32.5,3,0,3.0
SEG_08,2024-06-05,7.9,21.5,41.7,4,0,3.0
SEG_08,2024-06-06,15.5,26.3,43.6,5,0,3.0
SEG_08,2024-06-07,9.1,32.5,42.8,6,0,3.0
SEG_08,2024-06-08,17.1,41.7,25.8,7,0,3.0
SEG_08,2024-06-09,17.4,43.6,20.5,8,0,2.0
SEG_08,2024-06-10,8.3,42.8,14.0,9,0,1.0
SEG_08,2024-06-11,0.0,25.8,14.2,10,0,0.0
SEG_08,2024-06-12,12.2,20.5,2.9,11,0,0.0
SEG_08,2024-06-13,1.8,14.0,13.8,12,0,0.0
SEG_08,2024-06-14,0.2,14.2,21.9,13,0,0.0
SEG_08,2024-06-15,0.8,2.9,28.0,14,0,0.0
SEG_08,2024-06-16,12.8,13.8,24.2,15,0,0.0
SEG_08,2024-06-17,8.4,21.9,16.7,16,0,0.0
SEG_08,2024-06-18,6.9,28.0,14.7,17,0,0.0
SEG_08,2024-06-19,9.0,24.2,9.0,18,0,0.0
SEG_08,2024-06-20,0.8,16.7,14.6,19,1,0.0
SEG_08,2024-06-21,4.8,14.7,16.4,20,1,1.0
SEG_08,2024-06-22,3.3,9.0,21.8,21,1,2.0
SEG_08,2024-06-23,6.5,14.6,25.0,22,0,3.0
SEG_08,2024-06-24,6.7,16.4,19.3,23,1,3.0
SEG_08,2024-06-25,8.7,21.8,15.5,24,1,4.0
SEG_08,2024-06-26,9.7,25.0,11.6,25,0,5.0
SEG_08,2024-06-27,0.9,19.3,12.5,26,0,5.0
SEG_08,2024-06-28,4.9,15.5,9.2,27,0,5.0
SEG_08,2024-06-29,5.8,11.6,4.8,28,0,5.0
SEG_08,2024-06-30,1.8,12.5,13.7,29,0,5.0
SEG_08,2024-07-01,1.6,9.2,13.2,30,0,5.0
SEG_08,2024-07-02,1.4,4.8,13.1,31,0,5.0
SEG_08,2024-07-03,10.7,13.7,8.7,32,0,5.0
SEG_08,2024-07-04,1.1,13.2,15.5,33,0,5.0
SEG_08,2024-07-05,1.3,13.1,19.9,34,0,4.0
SEG_08,2024-07-06,6.3,8.7,15.8,35,0,3.0
SEG_08,2024-07-07,7.9,15.5,9.5,36,0,2.0
SEG_08,2024-07-08,5.7,19.9,9.9,37,0,2.0
SEG_08,2024-07-09,2.2,15.8,13.0,38,0,1.0
SEG_08,2024-07-10,1.6,9.5,15.5,39,0,0.0
SEG_08,2024-07-11,6.1,9.9,19.7,40,0,0.0
SEG_08,2024-07-12,5.2,13.0,19.5,41,0,0.0
SEG_08,2024-07-13,4.2,15.5,16.8,42,0,0.0
SEG_08,2024-07-14,10.4,19.7,10.6,43,0,0.0
SEG_08,2024-07-15,4.9,19.5,14.3,44,0,0.0
SEG_08,2024-07-16,1.5,16.8,17.5,45,0,0.0
SEG_08,2024-07-17,4.2,10.6,21.8,46,0,0.0
SEG_08,2024-07-18,8.6,14.3,22.9,47,0,0.0
SEG_08,2024-07-19,4.7,17.5,23.2,48,0,0.0
SEG_08,2024-07-20,8.5,21.8,20.3,49,0,0.0
SEG_08,2024-07-21,9.7,22.9,15.0,50,0,0.0
SEG_08,2024-07-22,4.9,23.2,18.7,51,0,0.0
SEG_08,2024-07-23,5.7,20.3,17.4,52,0,0.0
SEG_08,2024-07-24,4.4,15.0,21.0,53,0,0.0
SEG_08,2024-07-25,8.6,18.7,19.1,54,1,0.0
SEG_08,2024-07-26,4.3,17.4,15.5,55,1,1.0
SEG_08,2024-07-27,8.0,21.0,15.8,56,1,2.0
SEG_08,2024-07-28,6.7,19.1,15.4,57,1,3.0
SEG_08,2024-07-29,0.8,15.5,28.1,58,0,4.0
SEG_08,2024-07-30,8.3,15.8,21.6,59,0,4.0
SEG_08,2024-07-31,6.3,15.4,22.2,60,0,4.0
SEG_08,2024-08-01,13.5,28.1,12.5,61,0,4.0
SEG_08,2024-08-02,1.9,21.6,11.5,62,0,4.0
SEG_08,2024-08-03,6.8,22.2,5.3,63,0,4.0
SEG_08,2024-08-04,3.8,12.5,16.9,64,0,4.0
SEG_08,2024-08-05,0.9,11.5,22.8,65,0,4.0
SEG_08,2024-08-06,0.6,5.3,27.0,66,0,4.0
SEG_08,2024-08-07,15.4,16.9,12.9,67,0,4.0
SEG_08,2024-08-08,6.8,22.8,20.8,68,0,4.0
SEG_08,2024-08-09,4.8,27.0,19.0,69,0,3.0
SEG_08,2024-08-10,1.2,12.9,24.9,70,0,2.0
SEG_08,2024-08-11,14.8,20.8,16.2,71,0,1.0
SEG_08,2024-08-12,3.0,19.0,32.8,72,0,0.0
SEG_08,2024-08-13,7.1,24.9,31.2,73,0,0.0
SEG_08,2024-08-14,6.1,16.2,28.8,74,0,0.0
SEG_08,2024-08-15,19.6,32.8,16.1,75,0,0.0
SEG_08,2024-08-16,5.6,31.2,18.0,76,0,0.0
SEG_08,2024-08-17,3.6,28.8,43.3,77,0,0.0
SEG_08,2024-08-18,6.9,16.1,41.9,78,0,0.0
SEG_08,2024-08-19,7.5,18.0,36.2,79,0,0.0
SEG_08,2024-08-20,28.9,43.3,11.5,80,0,0.0
SEG_08,2024-08-21,5.5,41.9,12.9,81,0,0.0
SEG_08,2024-08-22,1.8,36.2,19.0,82,0,0.0
SEG_08,2024-08-23,4.2,11.5,15.9,83,0,0.0
SEG_08,2024-08-24,6.9,12.9,12.7,84,1,0.0
SEG_08,2024-08-25,7.9,19.0,23.7,85,1,1.0
SEG_08,2024-08-26,1.1,15.9,25.1,86,0,2.0
SEG_08,2024-08-27,3.8,12.7,31.9,87,0,2.0
SEG_08,2024-08-28,18.8,23.7,17.3,88,0,2.0
SEG_08,2024-08-29,2.5,25.1,20.6,89,0,2.0
SEG_08,2024-08-30,10.5,31.9,11.3,90,0,2.0
SEG_08,2024-08-31,4.3,17.3,11.6,91,0,2.0
SEG_08,2024-09-01,5.7,20.6,12.8,92,0,2.0
SEG_08,2024-09-02,1.3,11.3,17.0,93,0,2.0
SEG_08,2024-09-03,4.7,11.6,17.3,94,0,2.0
SEG_08,2024-09-04,6.8,12.8,19.1,95,0,2.0
SEG_08,2024-09-05,5.5,17.0,15.2,96,0,2.0
SEG_08,2024-09-06,4.9,17.3,17.4,97,0,2.0
SEG_08,2024-09-07,8.7,19.1,9.2,98,1,2.0
SEG_08,2024-09-08,1.6,15.2,20.3,99,1,2.0
SEG_08,2024-09-09,7.1,17.4,18.2,100,0,2.0
SEG_08,2024-09-10,0.5,9.2,27.7,101,0,2.0
SEG_08,2024-09-11,12.7,20.3,15.2,102,0,2.0
SEG_08,2024-09-12,5.0,18.2,19.2,103,0,2.0
SEG_08,2024-09-13,10.0,27.7,12.1,104,0,2.0
SEG_08,2024-09-14,0.1,15.2,17.7,105,1,2.0
SEG_08,2024-09-15,9.1,19.2,17.8,106,1,3.0
SEG_08,2024-09-16,2.9,12.1,20.3,107,0,4.0
SEG_08,2024-09-17,5.8,17.7,22.9,108,0,4.0
SEG_08,2024-09-18,9.2,17.8,18.1,109,0,4.0
SEG_08,2024-09-19,5.4,20.3,26.1,110,0,4.0
SEG_08,2024-09-20,8.4,22.9,22.7,111,0,4.0
SEG_08,2024-09-21,4.4,18.1,23.5,112,0,4.0
SEG_08,2024-09-22,13.3,26.1,15.3,113,1,3.0
SEG_08,2024-09-23,5.0,22.7,15.9,114,1,3.0
SEG_08,2024-09-24,5.1,23.5,12.5,115,1,4.0
SEG_08,2024-09-25,5.2,15.3,9.8,116,0,5.0
SEG_08,2024-09-26,5.6,15.9,15.2,117,0,5.0
SEG_08,2024-09-27,1.7,12.5,23.6,118,0,5.0
SEG_08,2024-09-28,2.4,9.8,9.8,119,0,5.0
SEG_08,2024-09-29,11.1,15.2,15.2,120,0,4.0
SEG_08,2024-09-30,10.0,23.6,23.6,121,0,3.0
SEG_08,2025-06-01,20.5,20.5,38.7,0,0,3.0
SEG_08,2025-06-02,16.9,37.4,44.3,1,0,3.0
SEG_08,2025-06-03,0.8,38.2,48.5,2,0,3.0
SEG_08,2025-06-04,21.0,38.7,54.5,3,0,3.0
SEG_08,2025-06-05,22.5,44.3,60.2,4,0,3.0
SEG_08,2025-06-06,5.0,48.5,77.7,5,0,3.0
SEG_08,2025-06-07,27.0,54.5,56.7,6,0,2.0
SEG_08,2025-06-08,28.2,60.2,49.1,7,0,1.0
SEG_08,2025-06-09,22.5,77.7,46.2,8,1,0.0
SEG_08,2025-06-10,6.0,56.7,46.2,9,1,1.0
SEG_08,2025-06-11,20.6,49.1,32.8,10,1,2.0
SEG_08,2025-06-12,19.7,46.2,35.0,11,1,3.0
SEG_08,2025-06-13,6.0,46.2,39.6,12,1,4.0
SEG_08,2025-06-14,7.1,32.8,53.5,13,0,5.0
SEG_08,2025-06-15,21.9,35.0,41.8,14,0,5.0
SEG_08,2025-06-16,10.6,39.6,40.0,15,0,5.0
SEG_08,2025-06-17,21.1,53.5,25.2,16,0,5.0
SEG_08,2025-06-18,10.1,41.8,30.9,17,0,5.0
SEG_08,2025-06-19,8.9,40.0,28.3,18,0,5.0
SEG_08,2025-06-20,6.3,25.2,30.5,19,0,5.0
SEG_08,2025-06-21,15.8,30.9,41.7,20,0,5.0
SEG_08,2025-06-22,6.2,28.3,84.2,21,0,5.0
SEG_08,2025-06-23,8.4,30.5,93.1,22,0,5.0
SEG_08,2025-06-24,27.1,41.7,93.8,23,0,4.0
SEG_08,2025-06-25,48.7,84.2,54.4,24,0,3.0
SEG_08,2025-06-26,17.3,93.1,47.4,25,0,2.0
SEG_08,2025-06-27,27.8,93.8,34.2,26,0,1.0
SEG_08,2025-06-28,9.3,54.4,31.9,27,0,0.0
SEG_08,2025-06-29,10.3,47.4,30.3,28,0,0.0
SEG_08,2025-06-30,14.6,34.2,36.3,29,0,0.0
SEG_08,2025-07-01,7.0,31.9,42.1,30,1,0.0
SEG_08,2025-07-02,8.8,30.3,44.5,31,1,1.0
SEG_08,2025-07-03,20.6,36.3,34.8,32,1,2.0
SEG_08,2025-07-04,12.8,42.1,27.0,33,1,3.0
SEG_08,2025-07-05,11.2,44.5,30.0,34,0,4.0
SEG_08,2025-07-06,10.8,34.8,26.2,35,0,4.0
SEG_08,2025-07-07,5.0,27.0,23.7,36,0,4.0
SEG_08,2025-07-08,14.2,30.0,13.9,37,0,4.0
SEG_08,2025-07-09,7.0,26.2,17.9,38,0,4.0
SEG_08,2025-07-10,2.6,23.7,34.7,39,0,4.0
SEG_08,2025-07-11,4.4,13.9,53.4,40,0,4.0
SEG_08,2025-07-12,10.9,17.9,45.9,41,0,4.0
SEG_08,2025-07-13,19.4,34.7,44.5,42,0,4.0
SEG_08,2025-07-14,23.1,53.4,60.7,43,0,4.0
SEG_08,2025-07-15,3.4,45.9,81.2,44,0,4.0
SEG_08,2025-07-16,18.0,44.5,76.9,45,0,3.0
SEG_08,2025-07-17,39.2,60.7,52.3,46,0,2.0
SEG_08,2025-07-18,23.9,81.2,41.9,47,0,1.0
SEG_08,2025-07-19,13.8,76.9,36.4,48,0,0.0
SEG_08,2025-07-20,14.6,52.3,46.4,49,0,0.0
SEG_08,2025-07-21,13.5,41.9,38.4,50,0,0.0
SEG_08,2025-07-22,8.2,36.4,44.5,51,0,0.0
SEG_08,2025-07-23,24.7,46.4,22.3,52,0,0.0
SEG_08,2025-07-24,5.4,38.4,43.1,53,0,0.0
SEG_08,2025-07-25,14.3,44.5,42.7,54,0,0.0
SEG_08,2025-07-26,2.5,22.3,43.3,55,0,0.0
SEG_08,2025-07-27,26.3,43.1,49.5,56,0,0.0
SEG_08,2025-07-28,13.9,42.7,47.2,57,0,0.0
SEG_08,2025-07-29,3.2,43.3,48.0,58,0,0.0
SEG_08,2025-07-30,32.5,49.5,57.1,59,0,0.0
SEG_08,2025-07-31,11.6,47.2,55.7,60,0,0.0
SEG_08,2025-08-01,3.9,48.0,58.1,61,0,0.0
SEG_08,2025-08-02,41.6,57.1,31.4,62,0,0.0
SEG_08,2025-08-03,10.1,55.7,25.6,63,0,0.0
SEG_08,2025-08-04,6.4,58.1,27.5,64,1,0.0
SEG_08,2025-08-05,14.9,31.4,42.6,65,1,1.0
SEG_08,2025-08-06,4.4,25.6,48.5,66,1,2.0
SEG_08,2025-08-07,8.2,27.5,57.5,67,1,3.0
SEG_08,2025-08-08,29.9,42.6,58.4,68,0,4.0
SEG_08,2025-08-09,10.3,48.5,58.2,69,0,4.0
SEG_08,2025-08-10,17.3,57.5,47.0,70,1,4.0
SEG_08,2025-08-11,30.8,58.4,35.8,71,1,5.0
SEG_08,2025-08-12,10.1,58.2,29.5,72,1,6.0
SEG_08,2025-08-13,6.1,47.0,28.9,73,0,7.0
SEG_08,2025-08-14,19.6,35.8,12.4,74,1,7.0
SEG_08,2025-08-15,3.8,29.5,37.9,75,1,8.0
SEG_08,2025-08-16,5.5,28.9,45.5,76,1,9.0
SEG_08,2025-08-17,3.1,12.4,62.6,77,0,10.0
SEG_08,2025-08-18,29.3,37.9,39.1,78,0,10.0
SEG_08,2025-08-19,13.1,45.5,42.8,79,0,9.0
SEG_08,2025-08-20,20.2,62.6,39.8,80,0,8.0
SEG_08,2025-08-21,5.9,39.1,75.4,81,0,7.0
SEG_08,2025-08-22,16.8,42.8,77.6,82,0,6.0
SEG_08,2025-08-23,17.2,39.8,83.5,83,0,6.0
SEG_08,2025-08-24,41.5,75.4,55.9,84,1,6.0
SEG_08,2025-08-25,18.9,77.6,37.5,85,1,6.0
SEG_08,2025-08-26,23.1,83.5,30.2,86,0,6.0
SEG_08,2025-08-27,13.9,55.9,27.1,87,0,5.0
SEG_08,2025-08-28,0.6,37.5,37.0,88,0,5.0
SEG_08,2025-08-29,15.7,30.2,29.9,89,0,4.0
SEG_08,2025-08-30,10.9,27.1,29.5,90,0,3.0
SEG_08,2025-08-31,10.5,37.0,26.3,91,0,2.0
SEG_08,2025-09-01,8.5,29.9,39.2,92,0,2.0
SEG_08,2025-09-02,10.5,29.5,33.9,93,0,2.0
SEG_08,2025-09-03,7.2,26.3,64.5,94,0,2.0
SEG_08,2025-09-04,21.5,39.2,63.2,95,1,2.0
SEG_08,2025-09-05,5.1,33.9,83.7,96,0,3.0
SEG_08,2025-09-06,37.9,64.5,51.3,97,1,3.0
SEG_08,2025-09-07,20.3,63.2,39.1,98,1,4.0
SEG_08,2025-09-08,25.6,83.7,27.0,99,1,4.0
SEG_08,2025-09-09,5.4,51.3,34.1,100,0,4.0
SEG_08,2025-09-10,8.1,39.1,46.3,101,0,4.0
SEG_08,2025-09-11,13.5,27.0,45.4,102,0,4.0
SEG_08,2025-09-12,12.5,34.1,72.1,103,0,4.0
SEG_08,2025-09-13,20.3,46.3,57.3,104,0,4.0
SEG_08,2025-09-14,12.6,45.4,49.3,105,0,4.0
SEG_08,2025-09-15,39.2,72.1,17.8,106,0,4.0
SEG_08,2025-09-16,5.5,57.3,22.7,107,0,4.0
SEG_08,2025-09-17,4.5,49.3,45.4,108,0,4.0
SEG_08,2025-09-18,7.7,17.8,54.1,109,0,4.0
SEG_08,2025-09-19,10.5,22.7,44.4,110,0,3.0
SEG_08,2025-09-20,27.2,45.4,18.1,111,0,3.0
SEG_08,2025-09-21,16.4,54.1,12.9,112,0,2.0
SEG_08,2025-09-22,0.8,44.4,21.0,113,0,1.0
SEG_08,2025-09-23,0.9,18.1,31.6,114,0,0.0
SEG_08,2025-09-24,11.3,12.9,30.8,115,0,0.0
SEG_08,2025-09-25,8.8,21.0,57.4,116,0,0.0
SEG_08,2025-09-26,11.5,31.6,70.3,117,0,0.0
SEG_08,2025-09-27,10.5,30.8,67.9,118,0,0.0
SEG_08,2025-09-28,35.4,57.4,57.4,119,0,0.0
SEG_08,2025-09-29,24.4,70.3,70.3,120,0,0.0
SEG_08,2025-09-30,8.1,67.9,67.9,121,0,0.0
SEG_09,2023-06-01,20.4,20.4,81.0,0,0,0.0
SEG_09,2023-06-02,18.5,38.9,122.7,1,0,0.0
SEG_09,2023-06-03,38.1,77.1,98.6,2,0,0.0
SEG_09,2023-06-04,24.4,81.0,79.7,3,0,0.0
SEG_09,2023-06-05,60.2,122.7,30.1,4,0,0.0
SEG_09,2023-06-06,14.0,98.6,30.8,5,1,0.0
SEG_09,2023-06-07,5.5,79.7,88.8,6,0,1.0
SEG_09,2023-06-08,10.6,30.1,97.6,7,1,1.0
SEG_09,2023-06-09,14.6,30.8,122.0,8,1,2.0
SEG_09,2023-06-10,63.6,88.8,71.5,9,1,3.0
SEG_09,2023-06-11,19.3,97.6,63.9,10,0,4.0
SEG_09,2023-06-12,39.1,122.0,28.6,11,1,4.0
SEG_09,2023-06-13,13.0,71.5,77.8,12,0,5.0
SEG_09,2023-06-14,11.7,63.9,114.2,13,0,5.0
SEG_09,2023-06-15,3.8,28.6,132.3,14,0,5.0
SEG_09,2023-06-16,62.3,77.8,85.4,15,0,5.0
SEG_09,2023-06-17,48.1,114.2,57.2,16,0,5.0
SEG_09,2023-06-18,22.0,132.3,40.5,17,0,5.0
SEG_09,2023-06-19,15.3,85.4,51.5,18,0,5.0
SEG_09,2023-06-20,19.9,57.2,77.1,19,0,5.0
SEG_09,2023-06-21,5.3,40.5,118.8,20,1,4.0
SEG_09,2023-06-22,26.3,51.5,96.5,21,1,5.0
SEG_09,2023-06-23,45.5,77.1,89.9,22,1,5.0
SEG_09,2023-06-24,47.0,118.8,48.2,23,1,5.0
SEG_09,2023-06-25,4.0,96.5,45.8,24,0,5.0
SEG_09,2023-06-26,38.9,89.9,46.9,25,0,5.0
SEG_09,2023-06-27,5.3,48.2,53.7,26,0,4.0
SEG_09,2023-06-28,1.7,45.8,88.1,27,0,4.0
SEG_09,2023-06-29,39.9,46.9,82.1,28,1,4.0
SEG_09,2023-06-30,12.2,53.7,100.9,29,1,5.0
SEG_09,2023-07-01,36.1,88.1,84.6,30,1,6.0
SEG_09,2023-07-02,33.9,82.1,56.6,31,0,7.0
SEG_09,2023-07-03,31.0,100.9,40.3,32,1,7.0
SEG_09,2023-07-04,19.7,84.6,68.2,33,1,8.0
SEG_09,2023-07-05,6.0,56.6,98.9,34,0,9.0
SEG_09,2023-07-06,14.7,40.3,99.6,35,0,8.0
SEG_09,2023-07-07,47.5,68.2,67.2,36,0,7.0
SEG_09,2023-07-08,36.7,98.9,59.5,37,0,6.0
SEG_09,2023-07-09,15.3,99.6,65.0,38,0,5.0
SEG_09,2023-07-10,15.1,67.2,65.8,39,1,5.0
SEG_09,2023-07-11,29.0,59.5,64.1,40,1,6.0
SEG_09,2023-07-12,20.8,65.0,70.0,41,0,7.0
SEG_09,2023-07-13,15.9,65.8,64.9,42,1,7.0
SEG_09,2023-07-14,27.3,64.1,61.5,43,0,7.0
SEG_09,2023-07-15,26.7,70.0,60.3,44,0,6.0
SEG_09,2023-07-16,10.8,64.9,68.1,45,0,5.0
SEG_09,2023-07-17,24.0,61.5,54.0,46,0,5.0
SEG_09,2023-07-18,25.5,60.3,42.7,47,0,4.0
SEG_09,2023-07-19,18.6,68.1,32.3,48,1,3.0
SEG_09,2023-07-20,9.9,54.0,46.9,49,0,4.0
SEG_09,2023-07-21,14.3,42.7,36.6,50,1,4.0
SEG_09,2023-07-22,8.2,32.3,79.3,51,1,5.0
SEG_09,2023-07-23,24.5,46.9,98.9,52,0,6.0
SEG_09,2023-07-24,4.0,36.6,120.8,53,0,6.0
SEG_09,2023-07-25,50.8,79.3,105.3,54,0,5.0
SEG_09,2023-07-26,44.0,98.9,94.9,55,0,4.0
SEG_09,2023-07-27,26.0,120.8,90.0,56,0,4.0
SEG_09,2023-07-28,35.3,105.3,71.0,57,0,3.0
SEG_09,2023-07-29,33.7,94.9,52.2,58,0,3.0
SEG_09,2023-07-30,21.0,90.0,83.2,59,1,3.0
SEG_09,2023-07-31,16.3,71.0,76.5,60,1,4.0
SEG_09,2023-08-01,14.9,52.2,71.4,61,1,5.0
SEG_09,2023-08-02,52.1,83.2,56.7,62,0,6.0
SEG_09,2023-08-03,9.5,76.5,82.2,63,0,5.0
SEG_09,2023-08-04,9.7,71.4,88.0,64,0,5.0
SEG_09,2023-08-05,37.4,56.7,78.6,65,0,4.0
SEG_09,2023-08-06,35.0,82.2,74.2,66,0,3.0
SEG_09,2023-08-07,15.5,88.0,64.3,67,0,3.0
SEG_09,2023-08-08,28.0,78.6,82.3,68,0,3.0
SEG_09,2023-08-09,30.6,74.2,82.3,69,0,3.0
SEG_09,2023-08-10,5.7,64.3,102.9,70,0,3.0
SEG_09,2023-08-11,46.0,82.3,87.8,71,1,3.0
SEG_09,2023-08-12,30.6,82.3,81.2,72,1,4.0
SEG_09,2023-08-13,26.3,102.9,72.7,73,0,5.0
SEG_09,2023-08-14,30.8,87.8,63.0,74,0,4.0
SEG_09,2023-08-15,24.1,81.2,44.1,75,0,3.0
SEG_09,2023-08-16,17.8,72.7,92.3,76,0,2.0
SEG_09,2023-08-17,21.2,63.0,88.7,77,0,2.0
SEG_09,2023-08-18,5.2,44.1,148.8,78,0,2.0
SEG_09,2023-08-19,66.0,92.3,104.2,79,0,2.0
SEG_09,2023-08-20,17.5,88.7,98.3,80,0,2.0
SEG_09,2023-08-21,65.2,148.8,78.2,81,1,2.0
SEG_09,2023-08-22,21.5,104.2,82.3,82,1,3.0
SEG_09,2023-08-23,11.7,98.3,152.3,83,1,4.0
SEG_09,2023-08-24,45.1,78.2,118.7,84,0,5.0
SEG_09,2023-08-25,25.6,82.3,139.5,85,0,5.0
SEG_09,2023-08-26,81.7,152.3,105.7,86,0,4.0
SEG_09,2023-08-27,11.4,118.7,126.8,87,1,3.0
SEG_09,2023-08-28,46.3,139.5,128.7,88,1,4.0
SEG_09,2023-08-29,48.0,105.7,98.6,89,1,5.0
SEG_09,2023-08-30,32.5,126.8,75.6,90,0,6.0
SEG_09,2023-08-31,48.3,128.7,39.9,91,1,6.0
SEG_09,2023-09-01,17.9,98.6,42.4,92,0,7.0
SEG_09,2023-09-02,9.5,75.6,66.5,93,0,7.0
SEG_09,2023-09-03,12.6,39.9,64.1,94,0,7.0
SEG_09,2023-09-04,20.4,42.4,58.6,95,0,7.0
SEG_09,2023-09-05,33.6,66.5,35.8,96,0,6.0
SEG_09,2023-09-06,10.1,64.1,63.5,97,0,5.0
SEG_09,2023-09-07,14.9,58.6,113.6,98,0,4.0
SEG_09,2023-09-08,10.8,35.8,110.8,99,0,4.0
SEG_09,2023-09-09,37.8,63.5,101.9,100,0,4.0
SEG_09,2023-09-10,64.9,113.6,78.2,101,1,4.0
SEG_09,2023-09-11,8.1,110.8,86.7,102,1,4.0
SEG_09,2023-09-12,28.9,101.9,63.2,103,0,4.0
SEG_09,2023-09-13,41.1,78.2,66.9,104,0,3.0
SEG_09,2023-09-14,16.6,86.7,55.3,105,1,3.0
SEG_09,2023-09-15,5.5,63.2,103.7,106,1,3.0
SEG_09,2023-09-16,44.8,66.9,69.5,107,1,4.0
SEG_09,2023-09-17,5.1,55.3,68.8,108,0,5.0
SEG_09,2023-09-18,53.8,103.7,28.3,109,0,5.0
SEG_09,2023-09-19,10.6,69.5,36.9,110,0,5.0
SEG_09,2023-09-20,4.4,68.8,54.8,111,0,5.0
SEG_09,2023-09-21,13.3,28.3,72.1,112,1,5.0
SEG_09,2023-09-22,19.1,36.9,76.8,113,1,6.0
SEG_09,2023-09-23,22.3,54.8,115.9,114,0,7.0
SEG_09,2023-09-24,30.7,72.1,103.7,115,0,7.0
SEG_09,2023-09-25,23.8,76.8,104.7,116,1,6.0
SEG_09,2023-09-26,61.4,115.9,66.5,117,1,6.0
SEG_09,2023-09-27,18.5,103.7,51.8,118,0,7.0
SEG_09,2023-09-28,24.8,104.7,104.7,119,0,7.0
SEG_09,2023-09-29,23.3,66.5,66.5,120,0,6.0
SEG_09,2023-09-30,3.8,51.8,51.8,121,0,5.0
SEG_09,2024-06-01,29.5,29.5,105.6,0,0,4.0
SEG_09,2024-06-02,65.3,94.8,48.5,1,0,4.0
SEG_09,2024-06-03,6.7,101.5,45.0,2,0,4.0
SEG_09,2024-06-04,33.5,105.6,21.5,3,0,4.0
SEG_09,2024-06-05,8.2,48.5,51.1,4,0,4.0
SEG_09,2024-06-06,3.2,45.0,72.3,5,0,3.0
SEG_09,2024-06-07,10.1,21.5,91.2,6,0,2.0
SEG_09,2024-06-08,37.9,51.1,55.6,7,0,2.0
SEG_09,2024-06-09,24.3,72.3,38.0,8,0,2.0
SEG_09,2024-06-10,29.0,91.2,27.2,9,0,1.0
SEG_09,2024-06-11,2.4,55.6,56.5,10,0,0.0
SEG_09,2024-06-12,6.7,38.0,69.0,11,0,0.0
SEG_09,2024-06-13,18.1,27.2,68.8,12,0,0.0
SEG_09,2024-06-14,31.7,56.5,51.3,13,1,0.0
SEG_09,2024-06-15,19.2,69.0,51.1,14,1,1.0
SEG_09,2024-06-16,18.0,68.8,42.2,15,0,2.0
SEG_09,2024-06-17,14.2,51.3,56.4,16,0,2.0
SEG_09,2024-06-18,19.0,51.1,56.8,17,0,2.0
SEG_09,2024-06-19,9.0,42.2,86.5,18,0,2.0
SEG_09,2024-06-20,28.3,56.4,73.3,19,0,2.0
SEG_09,2024-06-21,19.5,56.8,61.3,20,0,2.0
SEG_09,2024-06-22,38.8,86.5,38.4,21,0,2.0
SEG_09,2024-06-23,15.1,73.3,52.9,22,0,2.0
SEG_09,2024-06-24,7.5,61.3,56.4,23,0,2.0
SEG_09,2024-06-25,15.9,38.4,51.7,24,0,2.0
SEG_09,2024-06-26,29.6,52.9,39.2,25,0,2.0
SEG_09,2024-06-27,11.0,56.4,44.0,26,1,2.0
SEG_09,2024-06-28,11.2,51.7,44.2,27,1,3.0
SEG_09,2024-06-29,17.1,39.2,61.8,28,1,3.0
SEG_09,2024-06-30,15.7,44.0,60.1,29,0,3.0
SEG_09,2024-07-01,11.4,44.2,71.2,30,0,3.0
SEG_09,2024-07-02,34.6,61.8,47.5,31,0,3.0
SEG_09,2024-07-03,14.0,60.1,67.8,32,0,3.0
SEG_09,2024-07-04,22.5,71.2,50.9,33,1,3.0
SEG_09,2024-07-05,10.9,47.5,70.6,34,1,4.0
SEG_09,2024-07-06,34.4,67.8,51.8,35,1,5.0
SEG_09,2024-07-07,5.5,50.9,58.3,36,1,6.0
SEG_09,2024-07-08,30.7,70.6,39.4,37,0,7.0
SEG_09,2024-07-09,15.6,51.8,48.1,38,0,7.0
SEG_09,2024-07-10,12.1,58.3,46.2,39,0,7.0
SEG_09,2024-07-11,11.8,39.4,41.9,40,0,7.0
SEG_09,2024-07-12,24.3,48.1,51.3,41,0,6.0
SEG_09,2024-07-13,10.1,46.2,42.1,42,0,5.0
SEG_09,2024-07-14,7.5,41.9,42.8,43,0,4.0
SEG_09,2024-07-15,33.7,51.3,56.9,44,0,4.0
SEG_09,2024-07-16,0.9,42.1,70.5,45,0,4.0
SEG_09,2024-07-17,8.2,42.8,65.5,46,0,4.0
SEG_09,2024-07-18,47.7,56.9,39.4,47,0,4.0
SEG_09,2024-07-19,14.5,70.5,35.9,48,0,3.0
SEG_09,2024-07-20,3.2,65.5,35.2,49,1,2.0
SEG_09,2024-07-21,21.6,39.4,32.2,50,1,2.0
SEG_09,2024-07-22,11.1,35.9,37.7,51,0,2.0
SEG_09,2024-07-23,2.4,35.2,51.2,52,0,2.0
SEG_09,2024-07-24,18.7,32.2,55.3,53,0,2.0
SEG_09,2024-07-25,16.6,37.7,43.7,54,0,2.0
SEG_09,2024-07-26,15.9,51.2,48.0,55,1,2.0
SEG_09,2024-07-27,22.8,55.3,42.8,56,1,3.0
SEG_09,2024-07-28,5.1,43.7,70.9,57,1,4.0
SEG_09,2024-07-29,20.1,48.0,58.9,58,0,5.0
SEG_09,2024-07-30,17.6,42.8,78.7,59,0,5.0
SEG_09,2024-07-31,33.2,70.9,73.6,60,1,5.0
SEG_09,2024-08-01,8.1,58.9,79.5,61,0,6.0
SEG_09,2024-08-02,37.3,78.7,58.1,62,1,6.0
SEG_09,2024-08-03,28.1,73.6,31.0,63,1,7.0
SEG_09,2024-08-04,14.1,79.5,32.4,64,0,7.0
SEG_09,2024-08-05,15.9,58.1,43.3,65,0,6.0
SEG_09,2024-08-06,1.0,31.0,54.6,66,0,6.0
SEG_09,2024-08-07,15.5,32.4,72.3,67,0,6.0
SEG_09,2024-08-08,26.7,43.3,67.4,68,0,6.0
SEG_09,2024-08-09,12.4,54.6,112.7,69,0,6.0
SEG_09,2024-08-10,33.2,72.3,88.3,70,1,5.0
SEG_09,2024-08-11,21.9,67.4,91.3,71,1,5.0
SEG_09,2024-08-12,57.7,112.7,37.8,72,0,5.0
SEG_09,2024-08-13,8.7,88.3,42.4,73,0,5.0
SEG_09,2024-08-14,24.9,91.3,40.4,74,0,5.0
SEG_09,2024-08-15,4.2,37.8,62.2,75,0,4.0
SEG_09,2024-08-16,13.3,42.4,60.5,76,0,4.0
SEG_09,2024-08-17,22.9,40.4,73.3,77,0,3.0
SEG_09,2024-08-18,26.0,62.2,88.4,78,0,2.0
SEG_09,2024-08-19,11.6,60.5,85.5,79,0,2.0
SEG_09,2024-08-20,35.7,73.3,63.5,80,0,2.0
SEG_09,2024-08-21,41.1,88.4,35.0,81,0,2.0
SEG_09,2024-08-22,8.8,85.5,36.3,82,0,2.0
SEG_09,2024-08-23,13.7,63.5,62.0,83,1,2.0
SEG_09,2024-08-24,12.5,35.0,88.5,84,1,3.0
SEG_09,2024-08-25,10.1,36.3,91.3,85,0,3.0
SEG_09,2024-08-26,39.4,62.0,76.8,86,0,2.0
SEG_09,2024-08-27,39.0,88.5,70.6,87,0,2.0
SEG_09,2024-08-28,12.9,91.3,76.6,88,0,2.0
SEG_09,2024-08-29,24.8,76.8,63.9,89,0,2.0
SEG_09,2024-08-30,32.9,70.6,39.2,90,0,2.0
SEG_09,2024-08-31,18.9,76.6,46.9,91,0,2.0
SEG_09,2024-09-01,12.1,63.9,39.3,92,1,2.0
SEG_09,2024-09-02,8.2,39.2,43.5,93,1,3.0
SEG_09,2024-09-03,26.6,46.9,27.6,94,1,4.0
SEG_09,2024-09-04,4.5,39.3,27.3,95,0,5.0
SEG_09,2024-09-05,12.4,43.5,29.5,96,0,5.0
SEG_09,2024-09-06,10.7,27.6,32.2,97,0,5.0
SEG_09,2024-09-07,4.2,27.3,34.7,98,0,4.0
SEG_09,2024-09-08,14.6,29.5,58.5,99,0,3.0
SEG_09,2024-09-09,13.4,32.2,71.7,100,0,3.0
SEG_09,2024-09-10,6.7,34.7,81.1,101,0,3.0
SEG_09,2024-09-11,38.3,58.5,72.4,102,0,3.0
SEG_09,2024-09-12,26.7,71.7,80.4,103,0,3.0
SEG_09,2024-09-13,16.1,81.1,103.9,104,0,3.0
SEG_09,2024-09-14,29.6,72.4,82.8,105,0,3.0
SEG_09,2024-09-15,34.7,80.4,77.8,106,1,3.0
SEG_09,2024-09-16,39.5,103.9,51.8,107,1,3.0
SEG_09,2024-09-17,8.6,82.8,61.5,108,0,3.0
SEG_09,2024-09-18,29.6,77.8,40.9,109,1,2.0
SEG_09,2024-09-19,13.5,51.8,42.9,110,0,3.0
SEG_09,2024-09-20,18.4,61.5,54.5,111,0,3.0
SEG_09,2024-09-21,9.0,40.9,91.9,112,0,3.0
SEG_09,2024-09-22,15.5,42.9,90.8,113,0,3.0
SEG_09,2024-09-23,29.9,54.5,67.7,114,0,3.0
SEG_09,2024-09-24,46.5,91.9,72.4,115,0,3.0
SEG_09,2024-09-25,14.3,90.8,66.4,116,0,3.0
SEG_09,2024-09-26,6.9,67.7,62.3,117,0,3.0
SEG_09,2024-09-27,51.2,72.4,20.8,118,1,3.0
SEG_09,2024-09-28,8.3,66.4,66.4,119,1,4.0
SEG_09,2024-09-29,2.8,62.3,62.3,120,1,5.0
SEG_09,2024-09-30,9.7,20.8,20.8,121,0,5.0
SEG_09,2025-06-01,50.0,50.0,42.7,0,0,4.0
SEG_09,2025-06-02,15.4,65.5,51.9,1,0,4.0
SEG_09,2025-06-03,6.9,72.3,83.6,2,1,3.0
SEG_09,2025-06-04,20.4,42.7,73.9,3,1,4.0
SEG_09,2025-06-05,24.7,51.9,69.6,4,1,5.0
SEG_09,2025-06-06,38.6,83.6,47.8,5,1,6.0
SEG_09,2025-06-07,10.7,73.9,49.5,6,1,7.0
SEG_09,2025-06-08,20.4,69.6,75.8,7,0,8.0
SEG_09,2025-06-09,16.7,47.8,84.1,8,0,8.0
SEG_09,2025-06-10,12.5,49.5,73.2,9,0,8.0
SEG_09,2025-06-11,46.7,75.8,47.2,10,0,8.0
SEG_09,2025-06-12,24.9,84.1,25.8,11,1,7.0
SEG_09,2025-06-13,1.6,73.2,43.4,12,1,7.0
SEG_09,2025-06-14,20.6,47.2,27.1,13,1,7.0
SEG_09,2025-06-15,3.6,25.8,48.5,14,0,8.0
SEG_09,2025-06-16,19.1,43.4,32.9,15,0,8.0
SEG_09,2025-06-17,4.3,27.1,35.8,16,0,8.0
SEG_09,2025-06-18,25.0,48.5,39.9,17,0,7.0
SEG_09,2025-06-19,3.6,32.9,52.8,18,0,6.0
SEG_09,2025-06-20,7.2,35.8,50.3,19,0,5.0
SEG_09,2025-06-21,29.1,39.9,65.9,20,0,4.0
SEG_09,2025-06-22,16.5,52.8,61.3,21,0,3.0
SEG_09,2025-06-23,4.7,50.3,70.1,22,1,3.0
SEG_09,2025-06-24,44.7,65.9,39.9,23,1,4.0
SEG_09,2025-06-25,11.9,61.3,54.5,24,1,5.0
SEG_09,2025-06-26,13.5,70.1,53.6,25,0,6.0
SEG_09,2025-06-27,14.5,39.9,54.1,26,0,5.0
SEG_09,2025-06-28,26.5,54.5,63.6,27,0,4.0
SEG_09,2025-06-29,12.6,53.6,84.0,28,0,3.0
SEG_09,2025-06-30,15.0,54.1,83.3,29,1,3.0
SEG_09,2025-07-01,36.0,63.6,61.9,30,1,4.0
SEG_09,2025-07-02,33.0,84.0,29.8,31,1,5.0
SEG_09,2025-07-03,14.3,83.3,34.4,32,0,6.0
SEG_09,2025-07-04,14.6,61.9,49.7,33,0,6.0
SEG_09,2025-07-05,0.9,29.8,60.9,34,0,6.0
SEG_09,2025-07-06,18.9,34.4,82.3,35,0,6.0
SEG_09,2025-07-07,29.9,49.7,55.5,36,0,6.0
SEG_09,2025-07-08,12.1,60.9,51.1,37,0,5.0
SEG_09,2025-07-09,40.3,82.3,49.0,38,0,4.0
SEG_09,2025-07-10,3.1,55.5,74.9,39,0,3.0
SEG_09,2025-07-11,7.7,51.1,70.2,40,0,3.0
SEG_09,2025-07-12,38.2,49.0,35.6,41,0,3.0
SEG_09,2025-07-13,29.1,74.9,31.8,42,0,3.0
SEG_09,2025-07-14,2.9,70.2,50.6,43,0,3.0
SEG_09,2025-07-15,3.6,35.6,60.3,44,0,2.0
SEG_09,2025-07-16,25.3,31.8,74.4,45,0,1.0
SEG_09,2025-07-17,21.7,50.6,62.2,46,0,0.0
SEG_09,2025-07-18,13.3,60.3,50.6,47,0,0.0
SEG_09,2025-07-19,39.4,74.4,37.7,48,0,0.0
SEG_09,2025-07-20,9.5,62.2,58.9,49,1,0.0
SEG_09,2025-07-21,1.7,50.6,67.2,50,0,1.0
SEG_09,2025-07-22,26.5,37.7,46.5,51,0,1.0
SEG_09,2025-07-23,30.7,58.9,17.6,52,0,1.0
SEG_09,2025-07-24,9.9,67.2,23.9,53,1,1.0
SEG_09,2025-07-25,5.8,46.5,39.0,54,1,2.0
SEG_09,2025-07-26,1.8,17.6,69.4,55,1,3.0
SEG_09,2025-07-27,16.2,23.9,75.1,56,0,4.0
SEG_09,2025-07-28,20.9,39.0,64.8,57,0,4.0
SEG_09,2025-07-29,32.3,69.4,51.4,58,0,4.0
SEG_09,2025-07-30,21.8,75.1,62.9,59,1,4.0
SEG_09,2025-07-31,10.6,64.8,73.0,60,1,5.0
SEG_09,2025-08-01,18.9,51.4,84.3,61,0,6.0
SEG_09,2025-08-02,33.4,62.9,57.0,62,0,6.0
SEG_09,2025-08-03,20.7,73.0,62.1,63,1,6.0
SEG_09,2025-08-04,30.2,84.3,53.8,64,1,6.0
SEG_09,2025-08-05,6.1,57.0,60.2,65,1,7.0
SEG_09,2025-08-06,25.8,62.1,68.3,66,1,8.0
SEG_09,2025-08-07,21.9,53.8,103.1,67,1,9.0
SEG_09,2025-08-08,12.5,60.2,93.4,68,1,9.0
SEG_09,2025-08-09,33.9,68.3,72.6,69,0,9.0
SEG_09,2025-08-10,56.7,103.1,31.2,70,0,8.0
SEG_09,2025-08-11,2.8,93.4,44.6,71,1,8.0
SEG_09,2025-08-12,13.0,72.6,41.2,72,1,9.0
SEG_09,2025-08-13,15.3,31.2,29.4,73,0,10.0
SEG_09,2025-08-14,16.2,44.6,26.7,74,0,9.0
SEG_09,2025-08-15,9.7,41.2,32.5,75,0,8.0
SEG_09,2025-08-16,3.5,29.4,41.7,76,0,8.0
SEG_09,2025-08-17,13.6,26.7,43.8,77,0,8.0
SEG_09,2025-08-18,15.4,32.5,47.6,78,1,7.0
SEG_09,2025-08-19,12.7,41.7,48.9,79,0,7.0
SEG_09,2025-08-20,15.7,43.8,42.8,80,0,6.0
SEG_09,2025-08-21,19.2,47.6,39.3,81,0,5.0
SEG_09,2025-08-22,14.0,48.9,45.7,82,0,4.0
SEG_09,2025-08-23,9.6,42.8,53.0,83,0,3.0
SEG_09,2025-08-24,15.8,39.3,96.4,84,0,3.0
SEG_09,2025-08-25,20.3,45.7,97.5,85,0,3.0
SEG_09,2025-08-26,16.9,53.0,96.9,86,0,2.0
SEG_09,2025-08-27,59.2,96.4,46.1,87,0,1.0
SEG_09,2025-08-28,21.4,97.5,33.3,88,0,1.0
SEG_09,2025-08-29,16.3,96.9,29.7,89,0,1.0
SEG_09,2025-08-30,8.4,46.1,34.3,90,0,1.0
SEG_09,2025-08-31,8.6,33.3,38.3,91,0,1.0
SEG_09,2025-09-01,12.7,29.7,47.7,92,0,1.0
SEG_09,2025-09-02,13.0,34.3,67.8,93,0,0.0
SEG_09,2025-09-03,12.6,38.3,81.7,94,0,0.0
SEG_09,2025-09-04,22.1,47.7,84.1,95,0,0.0
SEG_09,2025-09-05,33.1,67.8,58.6,96,0,0.0
SEG_09,2025-09-06,26.6,81.7,68.5,97,0,0.0
SEG_09,2025-09-07,24.4,84.1,52.4,98,1,0.0
SEG_09,2025-09-08,7.6,58.6,64.7,99,1,1.0
SEG_09,2025-09-09,36.5,68.5,51.6,100,1,2.0
SEG_09,2025-09-10,8.3,52.4,80.6,101,0,3.0
SEG_09,2025-09-11,20.0,64.7,112.9,102,0,3.0
SEG_09,2025-09-12,23.4,51.6,101.8,103,0,3.0
SEG_09,2025-09-13,37.2,80.6,83.3,104,1,3.0
SEG_09,2025-09-14,52.3,112.9,66.0,105,1,4.0
SEG_09,2025-09-15,12.3,101.8,109.0,106,0,5.0
SEG_09,2025-09-16,18.8,83.3,103.6,107,1,5.0
SEG_09,2025-09-17,35.0,66.0,76.6,108,1,6.0
SEG_09,2025-09-18,55.3,109.0,26.0,109,1,7.0
SEG_09,2025-09-19,13.3,103.6,15.7,110,0,8.0
SEG_09,2025-09-20,8.0,76.6,16.9,111,1,8.0
SEG_09,2025-09-21,4.7,26.0,42.5,112,1,9.0
SEG_09,2025-09-22,3.0,15.7,71.1,113,0,9.0
SEG_09,2025-09-23,9.2,16.9,83.4,114,1,8.0
SEG_09,2025-09-24,30.4,42.5,65.9,115,1,8.0
SEG_09,2025-09-25,31.6,71.1,56.4,116,1,9.0
SEG_09,2025-09-26,21.4,83.4,52.1,117,0,10.0
SEG_09,2025-09-27,12.9,65.9,52.5,118,0,10.0
SEG_09,2025-09-28,22.1,56.4,56.4,119,0,9.0
SEG_09,2025-09-29,17.1,52.1,52.1,120,0,8.0
SEG_09,2025-09-30,13.4,52.5,52.5,121,0,8.0
SEG_10,2023-06-01,10.0,10.0,43.8,0,0,0.0
SEG_10,2023-06-02,13.2,23.3,40.9,1,0,0.0
SEG_10,2023-06-03,7.0,30.3,63.8,2,0,0.0
SEG_10,2023-06-04,23.6,43.8,61.3,3,0,0.0
SEG_10,2023-06-05,10.3,40.9,61.3,4,0,0.0
SEG_10,2023-06-06,29.9,63.8,39.6,5,1,0.0
SEG_10,2023-06-07,21.0,61.3,38.3,6,1,1.0
SEG_10,2023-06-08,10.3,61.3,40.9,7,0,2.0
SEG_10,2023-06-09,8.3,39.6,37.2,8,0,2.0
SEG_10,2023-06-10,19.7,38.3,26.9,9,0,2.0
SEG_10,2023-06-11,12.9,40.9,41.8,10,0,2.0
SEG_10,2023-06-12,4.6,37.2,53.7,11,0,2.0
SEG_10,2023-06-13,9.4,26.9,52.7,12,0,2.0
SEG_10,2023-06-14,27.8,41.8,27.7,13,0,2.0
SEG_10,2023-06-15,16.4,53.7,24.8,14,0,2.0
SEG_10,2023-06-16,8.4,52.7,28.0,15,1,2.0
SEG_10,2023-06-17,2.9,27.7,35.2,16,0,3.0
SEG_10,2023-06-18,13.5,24.8,41.5,17,0,3.0
SEG_10,2023-06-19,11.6,28.0,46.5,18,0,3.0
SEG_10,2023-06-20,10.1,35.2,39.4,19,0,3.0
SEG_10,2023-06-21,19.9,41.5,31.2,20,0,2.0
SEG_10,2023-06-22,16.6,46.5,18.4,21,0,1.0
SEG_10,2023-06-23,3.0,39.4,23.1,22,0,1.0
SEG_10,2023-06-24,11.6,31.2,15.0,23,0,1.0
SEG_10,2023-06-25,3.8,18.4,14.9,24,0,1.0
SEG_10,2023-06-26,7.8,23.1,21.9,25,0,1.0
SEG_10,2023-06-27,3.5,15.0,32.1,26,0,1.0
SEG_10,2023-06-28,3.6,14.9,39.4,27,0,1.0
SEG_10,2023-06-29,14.7,21.9,31.9,28,0,1.0
SEG_10,2023-06-30,13.7,32.1,21.5,29,0,1.0
SEG_10,2023-07-01,11.0,39.4,18.3,30,0,0.0
SEG_10,2023-07-02,7.2,31.9,24.8,31,0,0.0
SEG_10,2023-07-03,3.3,21.5,35.0,32,0,0.0
SEG_10,2023-07-04,7.8,18.3,54.7,33,0,0.0
SEG_10,2023-07-05,13.7,24.8,65.8,34,0,0.0
SEG_10,2023-07-06,13.5,35.0,63.6,35,0,0.0
SEG_10,2023-07-07,27.4,54.7,43.9,36,0,0.0
SEG_10,2023-07-08,24.9,65.8,24.8,37,0,0.0
SEG_10,2023-07-09,11.3,63.6,16.3,38,0,0.0
SEG_10,2023-07-10,7.7,43.9,12.8,39,0,0.0
SEG_10,2023-07-11,5.8,24.8,20.7,40,0,0.0
SEG_10,2023-07-12,2.8,16.3,35.3,41,0,0.0
SEG_10,2023-07-13,4.2,12.8,40.2,42,0,0.0
SEG_10,2023-07-14,13.8,20.7,73.5,43,0,0.0
SEG_10,2023-07-15,17.4,35.3,60.3,44,0,0.0
SEG_10,2023-07-16,9.0,40.2,53.8,45,0,0.0
SEG_10,2023-07-17,47.1,73.5,53.2,46,0,0.0
SEG_10,2023-07-18,4.2,60.3,52.1,47,0,0.0
SEG_10,2023-07-19,2.5,53.8,58.5,48,0,0.0
SEG_10,2023-07-20,46.5,53.2,18.3,49,0,0.0
SEG_10,2023-07-21,3.1,52.1,29.6,50,0,0.0
SEG_10,2023-07-22,8.9,58.5,29.1,51,0,0.0
SEG_10,2023-07-23,6.2,18.3,40.3,52,0,0.0
SEG_10,2023-07-24,14.5,29.6,46.0,53,0,0.0
SEG_10,2023-07-25,8.4,29.1,40.3,54,0,0.0
SEG_10,2023-07-26,17.4,40.3,28.5,55,0,0.0
SEG_10,2023-07-27,20.1,46.0,26.9,56,0,0.0
SEG_10,2023-07-28,2.7,40.3,47.1,57,0,0.0
SEG_10,2023-07-29,5.7,28.5,54.1,58,0,0.0
SEG_10,2023-07-30,18.5,26.9,50.9,59,0,0.0
SEG_10,2023-07-31,22.9,47.1,56.6,60,0,0.0
SEG_10,2023-08-01,12.7,54.1,52.4,61,0,0.0
SEG_10,2023-08-02,15.3,50.9,49.7,62,0,0.0
SEG_10,2023-08-03,28.6,56.6,45.9,63,0,0.0
SEG_10,2023-08-04,8.5,52.4,63.4,64,0,0.0
SEG_10,2023-08-05,12.6,49.7,61.2,65,0,0.0
SEG_10,2023-08-06,24.9,45.9,42.1,66,0,0.0
SEG_10,2023-08-07,25.9,63.4,26.5,67,0,0.0
SEG_10,2023-08-08,10.4,61.2,27.1,68,0,0.0
SEG_10,2023-08-09,5.8,42.1,27.0,69,0,0.0
SEG_10,2023-08-10,10.3,26.5,23.0,70,1,0.0
SEG_10,2023-08-11,11.1,27.1,38.0,71,1,1.0
SEG_10,2023-08-12,5.6,27.0,48.1,72,0,2.0
SEG_10,2023-08-13,6.4,23.0,50.7,73,0,2.0
SEG_10,2023-08-14,26.0,38.0,29.2,74,0,2.0
SEG_10,2023-08-15,15.8,48.1,19.8,75,0,2.0
SEG_10,2023-08-16,8.9,50.7,13.2,76,0,2.0
SEG_10,2023-08-17,4.4,29.2,21.7,77,0,2.0
SEG_10,2023-08-18,6.4,19.8,21.4,78,0,2.0
SEG_10,2023-08-19,2.3,13.2,32.7,79,0,2.0
SEG_10,2023-08-20,12.9,21.7,38.2,80,0,2.0
SEG_10,2023-08-21,6.1,21.4,45.9,81,0,2.0
SEG_10,2023-08-22,13.7,32.7,40.3,82,0,2.0
SEG_10,2023-08-23,18.4,38.2,27.3,83,0,2.0
SEG_10,2023-08-24,13.8,45.9,17.4,84,0,2.0
SEG_10,2023-08-25,8.1,40.3,33.6,85,0,1.0
SEG_10,2023-08-26,5.4,27.3,41.6,86,0,0.0
SEG_10,2023-08-27,3.9,17.4,46.2,87,0,0.0
SEG_10,2023-08-28,24.3,33.6,38.6,88,0,0.0
SEG_10,2023-08-29,13.4,41.6,46.9,89,0,0.0
SEG_10,2023-08-30,8.5,46.2,44.7,90,0,0.0
SEG_10,2023-08-31,16.7,38.6,41.1,91,0,0.0
SEG_10,2023-09-01,21.7,46.9,32.6,92,0,0.0
SEG_10,2023-09-02,6.2,44.7,54.2,93,0,0.0
SEG_10,2023-09-03,13.1,41.1,49.5,94,0,0.0
SEG_10,2023-09-04,13.3,32.6,41.4,95,1,0.0
SEG_10,2023-09-05,27.8,54.2,27.8,96,1,1.0
SEG_10,2023-09-06,8.4,49.5,37.1,97,0,2.0
SEG_10,2023-09-07,5.2,41.4,44.2,98,0,2.0
SEG_10,2023-09-08,14.2,27.8,59.1,99,0,2.0
SEG_10,2023-09-09,17.7,37.1,49.8,100,0,2.0
SEG_10,2023-09-10,12.3,44.2,50.0,101,0,2.0
SEG_10,2023-09-11,29.1,59.1,23.9,102,0,2.0
SEG_10,2023-09-12,8.4,49.8,20.5,103,1,2.0
SEG_10,2023-09-13,12.6,50.0,14.2,104,1,3.0
SEG_10,2023-09-14,3.0,23.9,20.7,105,0,4.0
SEG_10,2023-09-15,5.0,20.5,19.2,106,0,4.0
SEG_10,2023-09-16,6.3,14.2,29.5,107,0,4.0
SEG_10,2023-09-17,9.5,20.7,25.8,108,0,4.0
SEG_10,2023-09-18,3.5,19.2,64.1,109,0,4.0
SEG_10,2023-09-19,16.5,29.5,53.6,110,0,3.0
SEG_10,2023-09-20,5.8,25.8,59.4,111,0,2.0
SEG_10,2023-09-21,41.7,64.1,28.2,112,0,2.0
SEG_10,2023-09-22,6.0,53.6,26.8,113,0,2.0
SEG_10,2023-09-23,11.6,59.4,24.7,114,0,2.0
SEG_10,2023-09-24,10.6,28.2,23.5,115,0,2.0
SEG_10,2023-09-25,4.6,26.8,39.1,116,0,2.0
SEG_10,2023-09-26,9.5,24.7,44.1,117,0,2.0
SEG_10,2023-09-27,9.4,23.5,51.1,118,0,1.0
SEG_10,2023-09-28,20.1,39.1,39.1,119,0,0.0
SEG_10,2023-09-29,14.5,44.1,44.1,120,0,0.0
SEG_10,2023-09-30,16.4,51.1,51.1,121,1,0.0
SEG_10,2024-06-01,14.6,14.6,28.2,0,0,1.0
SEG_10,2024-06-02,3.7,18.3,63.9,1,0,1.0
SEG_10,2024-06-03,16.3,34.6,63.0,2,0,1.0
SEG_10,2024-06-04,8.2,28.2,61.0,3,0,1.0
SEG_10,2024-06-05,39.4,63.9,38.8,4,0,1.0
SEG_10,2024-06-06,15.4,63.0,35.7,5,0,1.0
SEG_10,2024-06-07,6.2,61.0,54.5,6,0,1.0
SEG_10,2024-06-08,17.2,38.8,44.0,7,0,1.0
SEG_10,2024-06-09,12.3,35.7,47.1,8,0,1.0
SEG_10,2024-06-10,25.0,54.5,24.4,9,0,1.0
SEG_10,2024-06-11,6.8,44.0,28.9,10,0,1.0
SEG_10,2024-06-12,15.4,47.1,17.1,11,0,1.0
SEG_10,2024-06-13,2.2,24.4,26.8,12,0,1.0
SEG_10,2024-06-14,11.3,28.9,29.6,13,0,1.0
SEG_10,2024-06-15,3.6,17.1,41.0,14,0,0.0
SEG_10,2024-06-16,12.0,26.8,35.7,15,0,0.0
SEG_10,2024-06-17,14.0,29.6,33.2,16,0,0.0
SEG_10,2024-06-18,14.9,41.0,41.2,17,0,0.0
SEG_10,2024-06-19,6.8,35.7,66.6,18,0,0.0
SEG_10,2024-06-20,11.5,33.2,66.9,19,0,0.0
SEG_10,2024-06-21,22.9,41.2,67.4,20,0,0.0
SEG_10,2024-06-22,32.2,66.6,40.0,21,0,0.0
SEG_10,2024-06-23,11.8,66.9,35.9,22,0,0.0
SEG_10,2024-06-24,23.3,67.4,25.4,23,0,0.0
SEG_10,2024-06-25,4.9,40.0,30.3,24,0,0.0
SEG_10,2024-06-26,7.7,35.9,31.6,25,0,0.0
SEG_10,2024-06-27,12.8,25.4,40.4,26,0,0.0
SEG_10,2024-06-28,9.8,30.3,34.8,27,0,0.0
SEG_10,2024-06-29,9.0,31.6,30.4,28,0,0.0
SEG_10,2024-06-30,21.7,40.4,11.8,29,0,0.0
SEG_10,2024-07-01,4.2,34.8,20.7,30,0,0.0
SEG_10,2024-07-02,4.6,30.4,24.4,31,0,0.0
SEG_10,2024-07-03,3.0,11.8,41.5,32,0,0.0
SEG_10,2024-07-04,13.1,20.7,40.7,33,0,0.0
SEG_10,2024-07-05,8.2,24.4,39.1,34,0,0.0
SEG_10,2024-07-06,20.2,41.5,24.7,35,0,0.0
SEG_10,2024-07-07,12.3,40.7,21.7,36,0,0.0
SEG_10,2024-07-08,6.6,39.1,18.7,37,0,0.0
SEG_10,2024-07-09,5.8,24.7,35.0,38,0,0.0
SEG_10,2024-07-10,9.3,21.7,33.5,39,0,0.0
SEG_10,2024-07-11,3.6,18.7,32.4,40,0,0.0
SEG_10,2024-07-12,22.0,35.0,35.5,41,0,0.0
SEG_10,2024-07-13,7.9,33.5,37.0,42,1,0.0
SEG_10,2024-07-14,2.5,32.4,50.7,43,1,1.0
SEG_10,2024-07-15,25.1,35.5,32.4,44,0,2.0
SEG_10,2024-07-16,9.4,37.0,48.6,45,0,2.0
SEG_10,2024-07-17,16.2,50.7,37.5,46,0,2.0
SEG_10,2024-07-18,6.7,32.4,39.0,47,0,2.0
SEG_10,2024-07-19,25.7,48.6,15.0,48,0,2.0
SEG_10,2024-07-20,5.1,37.5,35.2,49,0,2.0
SEG_10,2024-07-21,8.2,39.0,33.0,50,0,2.0
SEG_10,2024-07-22,1.7,15.0,44.6,51,0,2.0
SEG_10,2024-07-23,25.3,35.2,34.1,52,0,2.0
SEG_10,2024-07-24,6.0,33.0,50.6,53,0,2.0
SEG_10,2024-07-25,13.4,44.6,49.9,54,0,2.0
SEG_10,2024-07-26,14.8,34.1,45.0,55,0,2.0
SEG_10,2024-07-27,22.5,50.6,43.4,56,0,2.0
SEG_10,2024-07-28,12.6,49.9,45.4,57,0,1.0
SEG_10,2024-07-29,9.9,45.0,44.2,58,0,0.0
SEG_10,2024-07-30,20.9,43.4,49.3,59,0,0.0
SEG_10,2024-07-31,14.6,45.4,50.2,60,0,0.0
SEG_10,2024-08-01,8.7,44.2,44.8,61,0,0.0
SEG_10,2024-08-02,26.0,49.3,48.0,62,0,0.0
SEG_10,2024-08-03,15.4,50.2,39.1,63,0,0.0
SEG_10,2024-08-04,3.3,44.8,58.2,64,0,0.0
SEG_10,2024-08-05,29.3,48.0,31.5,65,0,0.0
SEG_10,2024-08-06,6.6,39.1,45.8,66,0,0.0
SEG_10,2024-08-07,22.4,58.2,26.9,67,0,0.0
SEG_10,2024-08-08,2.6,31.5,36.7,68,0,0.0
SEG_10,2024-08-09,20.8,45.8,31.0,69,0,0.0
SEG_10,2024-08-10,3.5,26.9,36.3,70,0,0.0
SEG_10,2024-08-11,12.4,36.7,34.8,71,0,0.0
SEG_10,2024-08-12,15.1,31.0,24.0,72,0,0.0
SEG_10,2024-08-13,8.9,36.3,34.5,73,0,0.0
SEG_10,2024-08-14,10.8,34.8,36.5,74,0,0.0
SEG_10,2024-08-15,4.3,24.0,37.3,75,0,0.0
SEG_10,2024-08-16,19.3,34.5,31.2,76,0,0.0
SEG_10,2024-08-17,12.9,36.5,31.8,77,0,0.0
SEG_10,2024-08-18,5.1,37.3,38.0,78,0,0.0
SEG_10,2024-08-19,13.2,31.2,25.4,79,0,0.0
SEG_10,2024-08-20,13.5,31.8,19.8,80,0,0.0
SEG_10,2024-08-21,11.2,38.0,27.7,81,0,0.0
SEG_10,2024-08-22,0.7,25.4,42.7,82,0,0.0
SEG_10,2024-08-23,7.9,19.8,50.3,83,0,0.0
SEG_10,2024-08-24,19.1,27.7,43.9,84,0,0.0
SEG_10,2024-08-25,15.7,42.7,48.9,85,0,0.0
SEG_10,2024-08-26,15.4,50.3,40.0,86,0,0.0
SEG_10,2024-08-27,12.8,43.9,32.6,87,0,0.0
SEG_10,2024-08-28,20.7,48.9,46.2,88,0,0.0
SEG_10,2024-08-29,6.5,40.0,45.6,89,0,0.0
SEG_10,2024-08-30,5.4,32.6,43.4,90,0,0.0
SEG_10,2024-08-31,34.2,46.2,17.9,91,0,0.0
SEG_10,2024-09-01,5.9,45.6,23.5,92,0,0.0
SEG_10,2024-09-02,3.2,43.4,41.1,93,0,0.0
SEG_10,2024-09-03,8.7,17.9,40.2,94,0,0.0
SEG_10,2024-09-04,11.5,23.5,36.5,95,0,0.0
SEG_10,2024-09-05,20.8,41.1,26.4,96,0,0.0
SEG_10,2024-09-06,7.9,40.2,25.4,97,0,0.0
SEG_10,2024-09-07,7.8,36.5,20.1,98,0,0.0
SEG_10,2024-09-08,10.7,26.4,12.9,99,0,0.0
SEG_10,2024-09-09,6.8,25.4,30.8,100,0,0.0
SEG_10,2024-09-10,2.6,20.1,46.0,101,0,0.0
SEG_10,2024-09-11,3.5,12.9,52.9,102,0,0.0
SEG_10,2024-09-12,24.7,30.8,43.9,103,0,0.0
SEG_10,2024-09-13,17.8,46.0,44.3,104,0,0.0
SEG_10,2024-09-14,10.4,52.9,40.1,105,0,0.0
SEG_10,2024-09-15,15.7,43.9,28.7,106,0,0.0
SEG_10,2024-09-16,18.2,44.3,33.5,107,0,0.0
SEG_10,2024-09-17,6.2,40.1,28.2,108,0,0.0
SEG_10,2024-09-18,4.3,28.7,39.8,109,0,0.0
SEG_10,2024-09-19,23.0,33.5,29.1,110,0,0.0
SEG_10,2024-09-20,1.0,28.2,49.6,111,0,0.0
SEG_10,2024-09-21,15.9,39.8,50.0,112,0,0.0
SEG_10,2024-09-22,12.2,29.1,53.4,113,0,0.0
SEG_10,2024-09-23,21.4,49.6,36.6,114,0,0.0
SEG_10,2024-09-24,16.3,50.0,39.0,115,0,0.0
SEG_10,2024-09-25,15.6,53.4,37.8,116,0,0.0
SEG_10,2024-09-26,4.7,36.6,38.4,117,0,0.0
SEG_10,2024-09-27,18.6,39.0,32.1,118,0,0.0
SEG_10,2024-09-28,14.5,37.8,37.8,119,0,0.0
SEG_10,2024-09-29,5.3,38.4,38.4,120,0,0.0
SEG_10,2024-09-30,12.3,32.1,32.1,121,0,0.0
SEG_10,2025-06-01,10.3,10.3,11.8,0,0,0.0
SEG_10,2025-06-02,1.8,12.1,15.6,1,0,0.0
SEG_10,2025-06-03,4.5,16.6,15.2,2,0,0.0
SEG_10,2025-06-04,5.5,11.8,19.8,3,0,0.0
SEG_10,2025-06-05,5.6,15.6,21.8,4,0,0.0
SEG_10,2025-06-06,4.2,15.2,21.9,5,0,0.0
SEG_10,2025-06-07,10.0,19.8,20.2,6,0,0.0
SEG_10,2025-06-08,7.6,21.8,23.8,7,0,0.0
SEG_10,2025-06-09,4.3,21.9,29.5,8,0,0.0
SEG_10,2025-06-10,8.3,20.2,35.3,9,0,0.0
SEG_10,2025-06-11,11.2,23.8,33.9,10,0,0.0
SEG_10,2025-06-12,10.0,29.5,26.8,11,0,0.0
SEG_10,2025-06-13,14.1,35.3,13.7,12,0,0.0
SEG_10,2025-06-14,9.9,33.9,5.4,13,0,0.0
SEG_10,2025-06-15,2.9,26.8,9.5,14,0,0.0
SEG_10,2025-06-16,1.0,13.7,14.8,15,1,0.0
SEG_10,2025-06-17,1.5,5.4,16.0,16,1,1.0
SEG_10,2025-06-18,7.0,9.5,12.1,17,0,2.0
SEG_10,2025-06-19,6.2,14.8,7.3,18,0,2.0
SEG_10,2025-06-20,2.8,16.0,8.5,19,0,2.0
SEG_10,2025-06-21,3.1,12.1,17.3,20,0,2.0
SEG_10,2025-06-22,1.4,7.3,27.1,21,0,2.0
SEG_10,2025-06-23,4.0,8.5,27.4,22,0,2.0
SEG_10,2025-06-24,11.9,17.3,24.7,23,0,2.0
SEG_10,2025-06-25,11.2,27.1,32.6,24,0,2.0
SEG_10,2025-06-26,4.3,27.4,33.6,25,0,2.0
SEG_10,2025-06-27,9.3,24.7,28.6,26,0,2.0
SEG_10,2025-06-28,19.1,32.6,13.4,27,0,2.0
SEG_10,2025-06-29,5.2,33.6,16.8,28,0,2.0
SEG_10,2025-06-30,4.3,28.6,16.6,29,0,2.0
SEG_10,2025-07-01,3.9,13.4,17.7,30,0,1.0
SEG_10,2025-07-02,8.6,16.8,17.4,31,0,0.0
SEG_10,2025-07-03,4.2,16.6,19.1,32,0,0.0
SEG_10,2025-07-04,4.9,17.7,24.4,33,0,0.0
SEG_10,2025-07-05,8.3,17.4,19.5,34,0,0.0
SEG_10,2025-07-06,5.9,19.1,21.6,35,0,0.0
SEG_10,2025-07-07,10.2,24.4,16.4,36,0,0.0
SEG_10,2025-07-08,3.4,19.5,27.8,37,0,0.0
SEG_10,2025-07-09,8.0,21.6,20.5,38,0,0.0
SEG_10,2025-07-10,5.0,16.4,21.0,39,0,0.0
SEG_10,2025-07-11,14.8,27.8,20.0,40,1,0.0
SEG_10,2025-07-12,0.7,20.5,32.0,41,1,1.0
SEG_10,2025-07-13,5.4,21.0,28.3,42,1,2.0
SEG_10,2025-07-14,13.9,20.0,26.3,43,1,3.0
SEG_10,2025-07-15,12.8,32.0,16.7,44,0,4.0
SEG_10,2025-07-16,1.7,28.3,19.0,45,0,4.0
SEG_10,2025-07-17,11.8,26.3,20.5,46,0,4.0
SEG_10,2025-07-18,3.1,16.7,22.7,47,0,4.0
SEG_10,2025-07-19,4.0,19.0,20.3,48,0,4.0
SEG_10,2025-07-20,13.3,20.5,9.4,49,0,4.0
SEG_10,2025-07-21,5.3,22.7,11.2,50,0,4.0
SEG_10,2025-07-22,1.6,20.3,14.8,51,0,4.0
SEG_10,2025-07-23,2.5,9.4,17.5,52,0,4.0
SEG_10,2025-07-24,7.2,11.2,20.4,53,0,4.0
SEG_10,2025-07-25,5.2,14.8,24.0,54,0,4.0
SEG_10,2025-07-26,5.1,17.5,24.4,55,0,3.0
SEG_10,2025-07-27,10.1,20.4,27.2,56,0,2.0
SEG_10,2025-07-28,8.8,24.0,28.5,57,0,1.0
SEG_10,2025-07-29,5.5,24.4,31.5,58,0,0.0
SEG_10,2025-07-30,12.9,27.2,23.1,59,1,0.0
SEG_10,2025-07-31,10.1,28.5,27.3,60,0,1.0
SEG_10,2025-08-01,8.4,31.5,23.9,61,0,1.0
SEG_10,2025-08-02,4.5,23.1,24.8,62,0,1.0
SEG_10,2025-08-03,14.3,27.3,29.8,63,0,1.0
SEG_10,2025-08-04,5.1,23.9,28.0,64,0,1.0
SEG_10,2025-08-05,5.4,24.8,25.9,65,0,1.0
SEG_10,2025-08-06,19.3,29.8,12.2,66,0,1.0
SEG_10,2025-08-07,3.3,28.0,11.6,67,0,1.0
SEG_10,2025-08-08,3.3,25.9,11.1,68,0,1.0
SEG_10,2025-08-09,5.6,12.2,24.4,69,0,1.0
SEG_10,2025-08-10,2.7,11.6,27.2,70,0,1.0
SEG_10,2025-08-11,2.8,11.1,33.1,71,0,1.0
SEG_10,2025-08-12,18.9,24.4,16.0,72,0,1.0
SEG_10,2025-08-13,5.5,27.2,13.6,73,0,1.0
SEG_10,2025-08-14,8.6,33.1,25.6,74,0,0.0
SEG_10,2025-08-15,1.9,16.0,26.5,75,0,0.0
SEG_10,2025-08-16,3.1,13.6,32.2,76,0,0.0
SEG_10,2025-08-17,20.7,25.6,11.8,77,0,0.0
SEG_10,2025-08-18,2.7,26.5,10.8,78,0,0.0
SEG_10,2025-08-19,8.8,32.2,7.5,79,0,0.0
SEG_10,2025-08-20,0.3,11.8,19.8,80,0,0.0
SEG_10,2025-08-21,1.7,10.8,25.0,81,1,0.0
SEG_10,2025-08-22,5.5,7.5,25.4,82,0,1.0
SEG_10,2025-08-23,12.6,19.8,23.4,83,0,1.0
SEG_10,2025-08-24,6.9,25.0,24.5,84,0,1.0
SEG_10,2025-08-25,5.9,25.4,20.0,85,0,1.0
SEG_10,2025-08-26,10.7,23.4,15.8,86,0,1.0
SEG_10,2025-08-27,7.9,24.5,12.5,87,0,1.0
SEG_10,2025-08-28,1.3,20.0,16.8,88,0,1.0
SEG_10,2025-08-29,6.5,15.8,14.8,89,0,1.0
SEG_10,2025-08-30,4.6,12.5,16.8,90,0,1.0
SEG_10,2025-08-31,5.7,16.8,20.2,91,0,1.0
SEG_10,2025-09-01,4.5,14.8,17.8,92,0,1.0
SEG_10,2025-09-02,6.6,16.8,14.9,93,0,1.0
SEG_10,2025-09-03,9.0,20.2,16.4,94,0,1.0
SEG_10,2025-09-04,2.1,17.8,25.7,95,0,1.0
SEG_10,2025-09-05,3.8,14.9,39.0,96,0,0.0
SEG_10,2025-09-06,10.5,16.4,35.5,97,0,0.0
SEG_10,2025-09-07,11.4,25.7,27.7,98,0,0.0
SEG_10,2025-09-08,17.2,39.0,14.4,99,0,0.0
SEG_10,2025-09-09,7.0,35.5,14.2,100,0,0.0
SEG_10,2025-09-10,3.6,27.7,13.7,101,0,0.0
SEG_10,2025-09-11,3.8,14.4,26.2,102,0,0.0
SEG_10,2025-09-12,6.8,14.2,23.9,103,0,0.0
SEG_10,2025-09-13,3.0,13.7,35.7,104,0,0.0
SEG_10,2025-09-14,16.4,26.2,22.0,105,0,0.0
SEG_10,2025-09-15,4.5,23.9,23.2,106,0,0.0
SEG_10,2025-09-16,14.8,35.7,13.5,107,0,0.0
SEG_10,2025-09-17,2.7,22.0,12.6,108,0,0.0
SEG_10,2025-09-18,5.7,23.2,12.2,109,0,0.0
SEG_10,2025-09-19,5.0,13.5,15.1,110,0,0.0
SEG_10,2025-09-20,1.8,12.6,14.0,111,0,0.0
SEG_10,2025-09-21,5.4,12.2,18.2,112,0,0.0
SEG_10,2025-09-22,7.9,15.1,18.7,113,0,0.0
SEG_10,2025-09-23,0.7,14.0,24.6,114,0,0.0
SEG_10,2025-09-24,9.7,18.2,26.0,115,0,0.0
SEG_10,2025-09-25,8.4,18.7,29.1,116,0,0.0
SEG_10,2025-09-26,6.5,24.6,55.3,117,1,0.0
SEG_10,2025-09-27,11.1,26.0,46.0,118,1,1.0
SEG_10,2025-09-28,11.6,29.1,29.1,119,0,2.0
SEG_10,2025-09-29,32.7,55.3,55.3,120,0,2.0
SEG_10,2025-09-30,1.7,46.0,46.0,121,0,2.0
SEG_11,2023-06-01,1.0,1.0,38.0,0,0,0.0
SEG_11,2023-06-02,24.6,25.6,28.1,1,0,0.0
SEG_11,2023-06-03,2.8,28.4,31.2,2,0,0.0
SEG_11,2023-06-04,10.7,38.0,42.3,3,0,0.0
SEG_11,2023-06-05,14.6,28.1,44.2,4,0,0.0
SEG_11,2023-06-06,5.8,31.2,64.0,5,0,0.0
SEG_11,2023-06-07,21.8,42.3,55.7,6,0,0.0
SEG_11,2023-06-08,16.5,44.2,40.3,7,0,0.0
SEG_11,2023-06-09,25.7,64.0,20.0,8,0,0.0
SEG_11,2023-06-10,13.5,55.7,22.7,9,0,0.0
SEG_11,2023-06-11,1.2,40.3,48.9,10,0,0.0
SEG_11,2023-06-12,5.4,20.0,54.5,11,0,0.0
SEG_11,2023-06-13,16.1,22.7,61.8,12,0,0.0
SEG_11,2023-06-14,27.4,48.9,45.6,13,0,0.0
SEG_11,2023-06-15,11.0,54.5,50.9,14,0,0.0
SEG_11,2023-06-16,23.4,61.8,37.4,15,0,0.0
SEG_11,2023-06-17,11.2,45.6,50.9,16,0,0.0
SEG_11,2023-06-18,16.3,50.9,67.4,17,0,0.0
SEG_11,2023-06-19,9.9,37.4,88.7,18,0,0.0
SEG_11,2023-06-20,24.7,50.9,132.5,19,0,0.0
SEG_11,2023-06-21,32.8,67.4,105.7,20,0,0.0
SEG_11,2023-06-22,31.2,88.7,89.2,21,0,0.0
SEG_11,2023-06-23,68.5,132.5,26.9,22,0,0.0
SEG_11,2023-06-24,6.1,105.7,44.8,23,0,0.0
SEG_11,2023-06-25,14.6,89.2,34.8,24,0,0.0
SEG_11,2023-06-26,6.2,26.9,53.6,25,0,0.0
SEG_11,2023-06-27,24.0,44.8,42.3,26,0,0.0
SEG_11,2023-06-28,4.6,34.8,47.9,27,0,0.0
SEG_11,2023-06-29,25.0,53.6,34.2,28,1,0.0
SEG_11,2023-06-30,12.7,42.3,25.4,29,1,1.0
SEG_11,2023-07-01,10.3,47.9,19.3,30,1,2.0
SEG_11,2023-07-02,11.2,34.2,21.0,31,1,3.0
SEG_11,2023-07-03,3.9,25.4,30.0,32,0,4.0
SEG_11,2023-07-04,4.2,19.3,32.2,33,0,4.0
SEG_11,2023-07-05,12.9,21.0,28.1,34,0,4.0
SEG_11,2023-07-06,12.8,30.0,30.7,35,0,4.0
SEG_11,2023-07-07,6.4,32.2,29.8,36,0,4.0
SEG_11,2023-07-08,8.8,28.1,22.8,37,0,4.0
SEG_11,2023-07-09,15.5,30.7,36.6,38,0,4.0
SEG_11,2023-07-10,5.5,29.8,44.7,39,0,4.0
SEG_11,2023-07-11,1.8,22.8,50.3,40,0,4.0
SEG_11,2023-07-12,29.3,36.6,27.2,41,0,4.0
SEG_11,2023-07-13,13.6,44.7,19.0,42,0,4.0
SEG_11,2023-07-14,7.4,50.3,35.5,43,0,3.0
SEG_11,2023-07-15,6.2,27.2,32.7,44,0,2.0
SEG_11,2023-07-16,5.5,19.0,41.8,45,0,1.0
SEG_11,2023-07-17,23.9,35.5,32.5,46,0,0.0
SEG_11,2023-07-18,3.3,32.7,47.9,47,0,0.0
SEG_11,2023-07-19,14.6,41.8,41.4,48,0,0.0
SEG_11,2023-07-20,14.6,32.5,54.4,49,0,0.0
SEG_11,2023-07-21,18.8,47.9,54.8,50,0,0.0
SEG_11,2023-07-22,8.0,41.4,54.6,51,0,0.0
SEG_11,2023-07-23,27.7,54.4,32.9,52,0,0.0
SEG_11,2023-07-24,19.1,54.8,23.6,53,0,0.0
SEG_11,2023-07-25,7.8,54.6,23.4,54,0,0.0
SEG_11,2023-07-26,5.9,32.9,22.5,55,0,0.0
SEG_11,2023-07-27,9.8,23.6,24.3,56,0,0.0
SEG_11,2023-07-28,7.6,23.4,25.5,57,0,0.0
SEG_11,2023-07-29,5.1,22.5,52.5,58,0,0.0
SEG_11,2023-07-30,11.6,24.3,48.5,59,0,0.0
SEG_11,2023-07-31,8.8,25.5,45.6,60,0,0.0
SEG_11,2023-08-01,32.1,52.5,24.5,61,0,0.0
SEG_11,2023-08-02,7.6,48.5,30.1,62,0,0.0
SEG_11,2023-08-03,5.9,45.6,38.3,63,0,0.0
SEG_11,2023-08-04,11.0,24.5,41.2,64,0,0.0
SEG_11,2023-08-05,13.3,30.1,39.2,65,0,0.0
SEG_11,2023-08-06,14.0,38.3,35.9,66,0,0.0
SEG_11,2023-08-07,13.9,41.2,38.9,67,0,0.0
SEG_11,2023-08-08,11.3,39.2,32.3,68,0,0.0
SEG_11,2023-08-09,10.7,35.9,27.6,69,0,0.0
SEG_11,2023-08-10,17.0,38.9,13.1,70,0,0.0
SEG_11,2023-08-11,4.7,32.3,13.2,71,0,0.0
SEG_11,2023-08-12,5.9,27.6,29.6,72,0,0.0
SEG_11,2023-08-13,2.5,13.1,43.6,73,0,0.0
SEG_11,2023-08-14,4.8,13.2,73.8,74,0,0.0
SEG_11,2023-08-15,22.3,29.6,81.0,75,0,0.0
SEG_11,2023-08-16,16.5,43.6,81.1,76,0,0.0
SEG_11,2023-08-17,35.0,73.8,58.4,77,0,0.0
SEG_11,2023-08-18,29.6,81.0,40.0,78,0,0.0
SEG_11,2023-08-19,16.6,81.1,24.6,79,0,0.0
SEG_11,2023-08-20,12.2,58.4,22.6,80,0,0.0
SEG_11,2023-08-21,11.2,40.0,18.2,81,0,0.0
SEG_11,2023-08-22,1.2,24.6,22.0,82,0,0.0
SEG_11,2023-08-23,10.2,22.6,26.5,83,0,0.0
SEG_11,2023-08-24,6.8,18.2,29.0,84,0,0.0
SEG_11,2023-08-25,5.0,22.0,35.7,85,0,0.0
SEG_11,2023-08-26,14.7,26.5,25.3,86,0,0.0
SEG_11,2023-08-27,9.3,29.0,35.7,87,0,0.0
SEG_11,2023-08-28,11.7,35.7,31.6,88,0,0.0
SEG_11,2023-08-29,4.3,25.3,41.4,89,0,0.0
SEG_11,2023-08-30,19.7,35.7,29.8,90,0,0.0
SEG_11,2023-08-31,7.5,31.6,23.1,91,0,0.0
SEG_11,2023-09-01,14.2,41.4,24.1,92,0,0.0
SEG_11,2023-09-02,8.1,29.8,25.9,93,0,0.0
SEG_11,2023-09-03,0.9,23.1,27.3,94,0,0.0
SEG_11,2023-09-04,15.2,24.1,16.0,95,0,0.0
SEG_11,2023-09-05,9.8,25.9,26.3,96,0,0.0
SEG_11,2023-09-06,2.3,27.3,26.4,97,0,0.0
SEG_11,2023-09-07,3.8,16.0,30.0,98,0,0.0
SEG_11,2023-09-08,20.1,26.3,46.8,99,0,0.0
SEG_11,2023-09-09,2.5,26.4,59.8,100,0,0.0
SEG_11,2023-09-10,7.4,30.0,70.7,101,0,0.0
SEG_11,2023-09-11,37.0,46.8,42.4,102,0,0.0
SEG_11,2023-09-12,15.4,59.8,29.0,103,0,0.0
SEG_11,2023-09-13,18.2,70.7,23.3,104,0,0.0
SEG_11,2023-09-14,8.7,42.4,18.8,105,0,0.0
SEG_11,2023-09-15,2.1,29.0,20.4,106,0,0.0
SEG_11,2023-09-16,12.5,23.3,19.3,107,0,0.0
SEG_11,2023-09-17,4.1,18.8,19.6,108,0,0.0
SEG_11,2023-09-18,3.7,20.4,26.4,109,0,0.0
SEG_11,2023-09-19,11.5,19.3,21.0,110,0,0.0
SEG_11,2023-09-20,4.4,19.6,26.8,111,0,0.0
SEG_11,2023-09-21,10.5,26.4,23.3,112,0,0.0
SEG_11,2023-09-22,6.1,21.0,27.7,113,0,0.0
SEG_11,2023-09-23,10.2,26.8,45.4,114,0,0.0
SEG_11,2023-09-24,7.0,23.3,57.0,115,1,0.0
SEG_11,2023-09-25,10.5,27.7,56.1,116,0,1.0
SEG_11,2023-09-26,28.0,45.4,53.1,117,0,1.0
SEG_11,2023-09-27,18.5,57.0,48.9,118,0,1.0
SEG_11,2023-09-28,9.6,56.1,56.1,119,0,1.0
SEG_11,2023-09-29,25.0,53.1,53.1,120,0,1.0
SEG_11,2023-09-30,14.3,48.9,48.9,121,0,1.0
SEG_11,2024-06-01,23.8,23.8,27.2,0,0,1.0
SEG_11,2024-06-02,11.0,34.9,30.2,1,0,1.0
SEG_11,2024-06-03,3.4,38.3,41.9,2,0,1.0
SEG_11,2024-06-04,12.8,27.2,42.1,3,0,1.0
SEG_11,2024-06-05,14.0,30.2,54.2,4,0,1.0
SEG_11,2024-06-06,15.1,41.9,43.3,5,0,1.0
SEG_11,2024-06-07,13.0,42.1,30.5,6,0,1.0
SEG_11,2024-06-08,26.1,54.2,6.0,7,0,1.0
SEG_11,2024-06-09,4.2,43.3,5.2,8,0,0.0
SEG_11,2024-06-10,0.2,30.5,26.0,9,0,0.0
SEG_11,2024-06-11,1.6,6.0,33.1,10,0,0.0
SEG_11,2024-06-12,3.4,5.2,62.3,11,0,0.0
SEG_11,2024-06-13,21.0,26.0,45.2,12,0,0.0
SEG_11,2024-06-14,8.7,33.1,68.7,13,0,0.0
SEG_11,2024-06-15,32.6,62.3,41.3,14,0,0.0
SEG_11,2024-06-16,3.9,45.2,47.0,15,0,0.0
SEG_11,2024-06-17,32.1,68.7,16.9,16,0,0.0
SEG_11,2024-06-18,5.2,41.3,41.0,17,0,0.0
SEG_11,2024-06-19,9.7,47.0,42.1,18,0,0.0
SEG_11,2024-06-20,2.0,16.9,85.4,19,0,0.0
SEG_11,2024-06-21,29.3,41.0,80.8,20,0,0.0
SEG_11,2024-06-22,10.8,42.1,79.5,21,0,0.0
SEG_11,2024-06-23,45.4,85.4,40.1,22,0,0.0
SEG_11,2024-06-24,24.6,80.8,37.1,23,0,0.0
SEG_11,2024-06-25,9.5,79.5,39.3,24,0,0.0
SEG_11,2024-06-26,6.0,40.1,39.0,25,0,0.0
SEG_11,2024-06-27,21.7,37.1,29.7,26,0,0.0
SEG_11,2024-06-28,11.7,39.3,19.3,27,0,0.0
SEG_11,2024-06-29,5.7,39.0,29.0,28,0,0.0
SEG_11,2024-06-30,12.3,29.7,34.3,29,0,0.0
SEG_11,2024-07-01,1.3,19.3,36.7,30,0,0.0
SEG_11,2024-07-02,15.4,29.0,47.9,31,0,0.0
SEG_11,2024-07-03,17.6,34.3,53.1,32,0,0.0
SEG_11,2024-07-04,3.8,36.7,63.6,33,0,0.0
SEG_11,2024-07-05,26.5,47.9,41.9,34,0,0.0
SEG_11,2024-07-06,22.7,53.1,37.5,35,0,0.0
SEG_11,2024-07-07,14.3,63.6,31.5,36,0,0.0
SEG_11,2024-07-08,4.8,41.9,39.9,37,0,0.0
SEG_11,2024-07-09,18.4,37.5,41.2,38,0,0.0
SEG_11,2024-07-10,8.3,31.5,35.7,39,0,0.0
SEG_11,2024-07-11,13.2,39.9,24.4,40,0,0.0
SEG_11,2024-07-12,19.6,41.2,12.4,41,0,0.0
SEG_11,2024-07-13,2.8,35.7,49.9,42,0,0.0
SEG_11,2024-07-14,1.9,24.4,94.6,43,0,0.0
SEG_11,2024-07-15,7.6,12.4,102.1,44,0,0.0
SEG_11,2024-07-16,40.3,49.9,85.0,45,0,0.0
SEG_11,2024-07-17,46.7,94.6,49.4,46,0,0.0
SEG_11,2024-07-18,15.1,102.1,46.7,47,0,0.0
SEG_11,2024-07-19,23.2,85.0,33.1,48,0,0.0
SEG_11,2024-07-20,11.1,49.4,47.2,49,0,0.0
SEG_11,2024-07-21,12.3,46.7,67.7,50,0,0.0
SEG_11,2024-07-22,9.7,33.1,70.2,51,0,0.0
SEG_11,2024-07-23,25.2,47.2,57.3,52,0,0.0
SEG_11,2024-07-24,32.8,67.7,34.5,53,0,0.0
SEG_11,2024-07-25,12.1,70.2,55.8,54,0,0.0
SEG_11,2024-07-26,12.3,57.3,64.7,55,0,0.0
SEG_11,2024-07-27,10.1,34.5,59.3,56,0,0.0
SEG_11,2024-07-28,33.4,55.8,65.4,57,0,0.0
SEG_11,2024-07-29,21.2,64.7,44.9,58,0,0.0
SEG_11,2024-07-30,4.7,59.3,71.4,59,0,0.0
SEG_11,2024-07-31,39.5,65.4,55.7,60,0,0.0
SEG_11,2024-08-01,0.7,44.9,67.1,61,0,0.0
SEG_11,2024-08-02,31.2,71.4,47.9,62,0,0.0
SEG_11,2024-08-03,23.8,55.7,34.6,63,0,0.0
SEG_11,2024-08-04,12.2,67.1,27.4,64,0,0.0
SEG_11,2024-08-05,11.9,47.9,52.8,65,0,0.0
SEG_11,2024-08-06,10.5,34.6,54.0,66,0,0.0
SEG_11,2024-08-07,4.9,27.4,53.9,67,0,0.0
SEG_11,2024-08-08,37.4,52.8,52.4,68,0,0.0
SEG_11,2024-08-09,11.6,54.0,57.1,69,0,0.0
SEG_11,2024-08-10,4.9,53.9,69.4,70,0,0.0
SEG_11,2024-08-11,35.9,52.4,74.9,71,0,0.0
SEG_11,2024-08-12,16.4,57.1,77.4,72,0,0.0
SEG_11,2024-08-13,17.1,69.4,67.1,73,0,0.0
SEG_11,2024-08-14,41.4,74.9,44.6,74,0,0.0
SEG_11,2024-08-15,18.9,77.4,31.1,75,0,0.0
SEG_11,2024-08-16,6.8,67.1,32.2,76,0,0.0
SEG_11,2024-08-17,18.9,44.6,28.1,77,0,0.0
SEG_11,2024-08-18,5.4,31.1,45.7,78,0,0.0
SEG_11,2024-08-19,8.0,32.2,44.9,79,0,0.0
SEG_11,2024-08-20,14.7,28.1,40.4,80,0,0.0
SEG_11,2024-08-21,22.9,45.7,27.6,81,0,0.0
SEG_11,2024-08-22,7.2,44.9,46.2,82,0,0.0
SEG_11,2024-08-23,10.2,40.4,47.9,83,0,0.0
SEG_11,2024-08-24,10.2,27.6,76.9,84,0,0.0
SEG_11,2024-08-25,25.8,46.2,59.1,85,0,0.0
SEG_11,2024-08-26,11.9,47.9,54.6,86,0,0.0
SEG_11,2024-08-27,39.2,76.9,46.3,87,1,0.0
SEG_11,2024-08-28,8.0,59.1,56.0,88,1,1.0
SEG_11,2024-08-29,7.5,54.6,78.5,89,1,2.0
SEG_11,2024-08-30,30.8,46.3,51.4,90,0,3.0
SEG_11,2024-08-31,17.8,56.0,45.3,91,0,3.0
SEG_11,2024-09-01,30.0,78.5,30.1,92,0,3.0
SEG_11,2024-09-02,3.7,51.4,40.4,93,0,3.0
SEG_11,2024-09-03,11.7,45.3,39.1,94,0,3.0
SEG_11,2024-09-04,14.7,30.1,38.1,95,0,3.0
SEG_11,2024-09-05,14.0,40.4,38.4,96,0,3.0
SEG_11,2024-09-06,10.4,39.1,35.3,97,0,3.0
SEG_11,2024-09-07,13.7,38.1,46.7,98,0,3.0
SEG_11,2024-09-08,14.3,38.4,68.5,99,0,3.0
SEG_11,2024-09-09,7.3,35.3,81.3,100,1,3.0
SEG_11,2024-09-10,25.1,46.7,72.2,101,0,4.0
SEG_11,2024-09-11,36.2,68.5,47.1,102,0,3.0
SEG_11,2024-09-12,20.0,81.3,41.7,103,0,2.0
SEG_11,2024-09-13,16.0,72.2,41.5,104,0,1.0
SEG_11,2024-09-14,11.1,47.1,35.4,105,0,1.0
SEG_11,2024-09-15,14.6,41.7,44.9,106,0,1.0
SEG_11,2024-09-16,15.8,41.5,37.6,107,0,1.0
SEG_11,2024-09-17,5.0,35.4,64.6,108,0,1.0
SEG_11,2024-09-18,24.2,44.9,53.8,109,0,1.0
SEG_11,2024-09-19,8.5,37.6,69.8,110,0,1.0
SEG_11,2024-09-20,31.9,64.6,57.7,111,0,1.0
SEG_11,2024-09-21,13.4,53.8,48.0,112,0,1.0
SEG_11,2024-09-22,24.5,69.8,53.5,113,0,1.0
SEG_11,2024-09-23,19.8,57.7,39.9,114,0,1.0
SEG_11,2024-09-24,3.7,48.0,44.2,115,0,0.0
SEG_11,2024-09-25,30.0,53.5,22.9,116,0,0.0
SEG_11,2024-09-26,6.2,39.9,19.1,117,0,0.0
SEG_11,2024-09-27,8.0,44.2,24.9,118,0,0.0
SEG_11,2024-09-28,8.6,22.9,22.9,119,0,0.0
SEG_11,2024-09-29,2.4,19.1,19.1,120,0,0.0
SEG_11,2024-09-30,13.9,24.9,24.9,121,0,0.0
SEG_11,2025-06-01,8.4,8.4,40.3,0,0,0.0
SEG_11,2025-06-02,8.3,16.7,35.1,1,0,0.0
SEG_11,2025-06-03,13.9,30.6,46.2,2,0,0.0
SEG_11,2025-06-04,18.0,40.3,39.6,3,0,0.0
SEG_11,2025-06-05,3.1,35.1,41.8,4,0,0.0
SEG_11,2025-06-06,25.1,46.2,24.3,5,0,0.0
SEG_11,2025-06-07,11.4,39.6,24.7,6,0,0.0
SEG_11,2025-06-08,5.4,41.8,31.6,7,0,0.0
SEG_11,2025-06-09,7.5,24.3,27.7,8,0,0.0
SEG_11,2025-06-10,11.8,24.7,23.9,9,1,0.0
SEG_11,2025-06-11,12.2,31.6,21.5,10,1,1.0
SEG_11,2025-06-12,3.6,27.7,36.1,11,0,2.0
SEG_11,2025-06-13,8.1,23.9,47.6,12,0,2.0
SEG_11,2025-06-14,9.8,21.5,40.6,13,0,2.0
SEG_11,2025-06-15,18.2,36.1,31.0,14,0,2.0
SEG_11,2025-06-16,19.6,47.6,16.6,15,0,2.0
SEG_11,2025-06-17,2.8,40.6,25.5,16,0,2.0
SEG_11,2025-06-18,8.7,31.0,50.5,17,0,2.0
SEG_11,2025-06-19,5.1,16.6,62.2,18,0,2.0
SEG_11,2025-06-20,11.6,25.5,62.9,19,0,2.0
SEG_11,2025-06-21,33.8,50.5,44.0,20,0,2.0
SEG_11,2025-06-22,16.8,62.2,49.7,21,0,2.0
SEG_11,2025-06-23,12.4,62.9,53.1,22,0,2.0
SEG_11,2025-06-24,14.9,44.0,41.5,23,0,2.0
SEG_11,2025-06-25,22.4,49.7,45.4,24,0,1.0
SEG_11,2025-06-26,15.8,53.1,38.9,25,0,0.0
SEG_11,2025-06-27,3.3,41.5,47.0,26,0,0.0
SEG_11,2025-06-28,26.3,45.4,40.2,27,0,0.0
SEG_11,2025-06-29,9.3,38.9,63.5,28,0,0.0
SEG_11,2025-06-30,11.3,47.0,58.4,29,0,0.0
SEG_11,2025-07-01,19.5,40.2,57.7,30,0,0.0
SEG_11,2025-07-02,32.7,63.5,30.8,31,0,0.0
SEG_11,2025-07-03,6.1,58.4,35.3,32,1,0.0
SEG_11,2025-07-04,18.8,57.7,18.8,33,1,1.0
SEG_11,2025-07-05,5.8,30.8,18.8,34,1,2.0
SEG_11,2025-07-06,10.6,35.3,18.5,35,0,3.0
SEG_11,2025-07-07,2.3,18.8,29.0,36,0,3.0
SEG_11,2025-07-08,5.9,18.8,35.4,37,0,3.0
SEG_11,2025-07-09,10.2,18.5,42.4,38,0,3.0
SEG_11,2025-07-10,12.8,29.0,36.1,39,0,3.0
SEG_11,2025-07-11,12.3,35.4,31.9,40,0,3.0
SEG_11,2025-07-12,17.2,42.4,23.1,41,0,3.0
SEG_11,2025-07-13,6.6,36.1,23.5,42,0,3.0
SEG_11,2025-07-14,8.1,31.9,19.6,43,0,3.0
SEG_11,2025-07-15,8.4,23.1,20.6,44,0,3.0
SEG_11,2025-07-16,7.0,23.5,28.9,45,0,3.0
SEG_11,2025-07-17,4.2,19.6,35.9,46,0,3.0
SEG_11,2025-07-18,9.4,20.6,32.8,47,0,2.0
SEG_11,2025-07-19,15.3,28.9,27.0,48,0,1.0
SEG_11,2025-07-20,11.1,35.9,21.8,49,0,0.0
SEG_11,2025-07-21,6.3,32.8,28.6,50,0,0.0
SEG_11,2025-07-22,9.5,27.0,34.8,51,0,0.0
SEG_11,2025-07-23,6.0,21.8,44.7,52,0,0.0
SEG_11,2025-07-24,13.1,28.6,39.1,53,0,0.0
SEG_11,2025-07-25,15.7,34.8,29.6,54,0,0.0
SEG_11,2025-07-26,15.9,44.7,30.8,55,0,0.0
SEG_11,2025-07-27,7.5,39.1,30.4,56,0,0.0
SEG_11,2025-07-28,6.1,29.6,33.7,57,0,0.0
SEG_11,2025-07-29,17.2,30.8,27.5,58,0,0.0
SEG_11,2025-07-30,7.1,30.4,29.3,59,0,0.0
SEG_11,2025-07-31,9.4,33.7,34.3,60,0,0.0
SEG_11,2025-08-01,11.0,27.5,25.8,61,0,0.0
SEG_11,2025-08-02,8.8,29.3,29.2,62,0,0.0
SEG_11,2025-08-03,14.4,34.3,19.6,63,0,0.0
SEG_11,2025-08-04,2.6,25.8,23.5,64,0,0.0
SEG_11,2025-08-05,12.2,29.2,21.3,65,0,0.0
SEG_11,2025-08-06,4.7,19.6,18.6,66,0,0.0
SEG_11,2025-08-07,6.5,23.5,19.9,67,0,0.0
SEG_11,2025-08-08,10.1,21.3,16.7,68,0,0.0
SEG_11,2025-08-09,2.0,18.6,22.8,69,0,0.0
SEG_11,2025-08-10,7.8,19.9,21.5,70,0,0.0
SEG_11,2025-08-11,6.8,16.7,24.2,71,0,0.0
SEG_11,2025-08-12,8.1,22.8,21.8,72,0,0.0
SEG_11,2025-08-13,6.6,21.5,23.9,73,0,0.0
SEG_11,2025-08-14,9.5,24.2,24.5,74,0,0.0
SEG_11,2025-08-15,5.8,21.8,36.3,75,0,0.0
SEG_11,2025-08-16,8.6,23.9,47.9,76,0,0.0
SEG_11,2025-08-17,10.1,24.5,40.7,77,0,0.0
SEG_11,2025-08-18,17.6,36.3,41.6,78,0,0.0
SEG_11,2025-08-19,20.2,47.9,25.6,79,0,0.0
SEG_11,2025-08-20,2.8,40.7,31.4,80,0,0.0
SEG_11,2025-08-21,18.6,41.6,15.0,81,0,0.0
SEG_11,2025-08-22,4.2,25.6,12.0,82,0,0.0
SEG_11,2025-08-23,8.7,31.4,35.9,83,0,0.0
SEG_11,2025-08-24,2.2,15.0,42.5,84,0,0.0
SEG_11,2025-08-25,1.2,12.0,48.8,85,0,0.0
SEG_11,2025-08-26,32.5,35.9,27.2,86,0,0.0
SEG_11,2025-08-27,8.8,42.5,25.9,87,0,0.0
SEG_11,2025-08-28,7.5,48.8,34.1,88,0,0.0
SEG_11,2025-08-29,10.9,27.2,33.6,89,0,0.0
SEG_11,2025-08-30,7.6,25.9,39.9,90,0,0.0
SEG_11,2025-08-31,15.6,34.1,29.1,91,0,0.0
SEG_11,2025-09-01,10.5,33.6,21.1,92,0,0.0
SEG_11,2025-09-02,13.9,39.9,24.0,93,0,0.0
SEG_11,2025-09-03,4.8,29.1,30.5,94,0,0.0
SEG_11,2025-09-04,2.5,21.1,31.3,95,0,0.0
SEG_11,2025-09-05,16.8,24.0,17.8,96,0,0.0
SEG_11,2025-09-06,11.2,30.5,16.2,97,0,0.0
SEG_11,2025-09-07,3.3,31.3,26.1,98,0,0.0
SEG_11,2025-09-08,3.3,17.8,26.9,99,0,0.0
SEG_11,2025-09-09,9.6,16.2,40.5,100,0,0.0
SEG_11,2025-09-10,13.2,26.1,41.7,101,0,0.0
SEG_11,2025-09-11,4.2,26.9,55.1,102,0,0.0
SEG_11,2025-09-12,23.2,40.5,41.3,103,0,0.0
SEG_11,2025-09-13,14.3,41.7,35.8,104,0,0.0
SEG_11,2025-09-14,17.6,55.1,21.3,105,0,0.0
SEG_11,2025-09-15,9.4,41.3,16.7,106,0,0.0
SEG_11,2025-09-16,8.9,35.8,15.9,107,0,0.0
SEG_11,2025-09-17,3.0,21.3,24.3,108,0,0.0
SEG_11,2025-09-18,4.8,16.7,29.6,109,0,0.0
SEG_11,2025-09-19,8.1,15.9,23.0,110,0,0.0
SEG_11,2025-09-20,11.4,24.3,15.5,111,0,0.0
SEG_11,2025-09-21,10.0,29.6,16.0,112,0,0.0
SEG_11,2025-09-22,1.5,23.0,26.1,113,0,0.0
SEG_11,2025-09-23,4.0,15.5,28.6,114,0,0.0
SEG_11,2025-09-24,10.5,16.0,31.6,115,0,0.0
SEG_11,2025-09-25,11.7,26.1,33.4,116,0,0.0
SEG_11,2025-09-26,6.5,28.6,58.0,117,0,0.0
SEG_11,2025-09-27,13.5,31.6,53.4,118,0,0.0
SEG_11,2025-09-28,13.4,33.4,33.4,119,0,0.0
SEG_11,2025-09-29,31.1,58.0,58.0,120,0,0.0
SEG_11,2025-09-30,8.9,53.4,53.4,121,0,0.0
SEG_12,2023-06-01,5.0,5.0,34.6,0,0,0.0
SEG_12,2023-06-02,12.1,17.1,46.1,1,0,0.0
SEG_12,2023-06-03,9.3,26.4,43.4,2,0,0.0
SEG_12,2023-06-04,13.2,34.6,67.2,3,0,0.0
SEG_12,2023-06-05,23.6,46.1,59.1,4,0,0.0
SEG_12,2023-06-06,6.6,43.4,73.3,5,0,0.0
SEG_12,2023-06-07,37.0,67.2,55.2,6,0,0.0
SEG_12,2023-06-08,15.5,59.1,54.7,7,0,0.0
SEG_12,2023-06-09,20.8,73.3,51.1,8,0,0.0
SEG_12,2023-06-10,18.9,55.2,32.3,9,1,0.0
SEG_12,2023-06-11,15.1,54.7,36.1,10,1,1.0
SEG_12,2023-06-12,17.1,51.1,24.3,11,1,2.0
SEG_12,2023-06-13,0.1,32.3,35.2,12,0,3.0
SEG_12,2023-06-14,18.8,36.1,31.4,13,0,3.0
SEG_12,2023-06-15,5.4,24.3,50.3,14,0,3.0
SEG_12,2023-06-16,11.0,35.2,44.7,15,0,3.0
SEG_12,2023-06-17,15.0,31.4,37.8,16,0,3.0
SEG_12,2023-06-18,24.3,50.3,22.3,17,0,3.0
SEG_12,2023-06-19,5.4,44.7,30.3,18,0,3.0
SEG_12,2023-06-20,8.0,37.8,31.6,19,0,3.0
SEG_12,2023-06-21,8.9,22.3,39.9,20,0,3.0
SEG_12,2023-06-22,13.3,30.3,28.7,21,0,3.0
SEG_12,2023-06-23,9.4,31.6,29.6,22,0,3.0
SEG_12,2023-06-24,17.2,39.9,45.0,23,0,3.0
SEG_12,2023-06-25,2.1,28.7,52.3,24,0,2.0
SEG_12,2023-06-26,10.3,29.6,57.5,25,0,1.0
SEG_12,2023-06-27,32.6,45.0,46.8,26,0,0.0
SEG_12,2023-06-28,9.4,52.3,52.6,27,0,0.0
SEG_12,2023-06-29,15.6,57.5,76.2,28,0,0.0
SEG_12,2023-06-30,21.8,46.8,66.7,29,0,0.0
SEG_12,2023-07-01,15.2,52.6,69.3,30,0,0.0
SEG_12,2023-07-02,39.2,76.2,43.8,31,0,0.0
SEG_12,2023-07-03,12.3,66.7,59.8,32,0,0.0
SEG_12,2023-07-04,17.8,69.3,50.4,33,0,0.0
SEG_12,2023-07-05,13.7,43.8,77.9,34,0,0.0
SEG_12,2023-07-06,28.3,59.8,56.4,35,0,0.0
SEG_12,2023-07-07,8.3,50.4,82.7,36,0,0.0
SEG_12,2023-07-08,41.3,77.9,46.3,37,0,0.0
SEG_12,2023-07-09,6.8,56.4,57.7,38,0,0.0
SEG_12,2023-07-10,34.7,82.7,34.6,39,0,0.0
SEG_12,2023-07-11,4.8,46.3,51.2,40,0,0.0
SEG_12,2023-07-12,18.2,57.7,48.9,41,0,0.0
SEG_12,2023-07-13,11.5,34.6,58.1,42,1,0.0
SEG_12,2023-07-14,21.5,51.2,41.3,43,0,1.0
SEG_12,2023-07-15,15.8,48.9,27.9,44,0,1.0
SEG_12,2023-07-16,20.7,58.1,11.2,45,0,1.0
SEG_12,2023-07-17,4.7,41.3,10.4,46,0,1.0
SEG_12,2023-07-18,2.5,27.9,12.6,47,0,1.0
SEG_12,2023-07-19,4.0,11.2,15.7,48,0,1.0
SEG_12,2023-07-20,3.9,10.4,18.9,49,0,1.0
SEG_12,2023-07-21,4.6,12.6,26.0,50,0,1.0
SEG_12,2023-07-22,7.1,15.7,24.6,51,0,1.0
SEG_12,2023-07-23,7.1,18.9,23.6,52,0,1.0
SEG_12,2023-07-24,11.7,26.0,21.7,53,0,1.0
SEG_12,2023-07-25,5.7,24.6,39.6,54,0,1.0
SEG_12,2023-07-26,6.1,23.6,41.6,55,0,1.0
SEG_12,2023-07-27,9.8,21.7,42.9,56,0,1.0
SEG_12,2023-07-28,23.6,39.6,31.9,57,0,0.0
SEG_12,2023-07-29,8.2,41.6,28.8,58,0,0.0
SEG_12,2023-07-30,11.1,42.9,26.6,59,0,0.0
SEG_12,2023-07-31,12.6,31.9,20.6,60,0,0.0
SEG_12,2023-08-01,5.1,28.8,37.5,61,0,0.0
SEG_12,2023-08-02,8.9,26.6,49.5,62,0,0.0
SEG_12,2023-08-03,6.6,20.6,48.9,63,0,0.0
SEG_12,2023-08-04,22.1,37.5,37.8,64,0,0.0
SEG_12,2023-08-05,20.8,49.5,34.8,65,1,0.0
SEG_12,2023-08-06,6.0,48.9,43.4,66,1,1.0
SEG_12,2023-08-07,11.0,37.8,48.2,67,1,2.0
SEG_12,2023-08-08,17.8,34.8,35.6,68,1,3.0
SEG_12,2023-08-09,14.6,43.4,54.8,69,1,4.0
SEG_12,2023-08-10,15.8,48.2,46.0,70,0,5.0
SEG_12,2023-08-11,5.2,35.6,47.7,71,0,5.0
SEG_12,2023-08-12,33.8,54.8,17.4,72,0,5.0
SEG_12,2023-08-13,7.0,46.0,20.6,73,0,5.0
SEG_12,2023-08-14,6.9,47.7,39.0,74,0,5.0
SEG_12,2023-08-15,3.6,17.4,50.0,75,0,5.0
SEG_12,2023-08-16,10.2,20.6,50.6,76,0,5.0
SEG_12,2023-08-17,25.3,39.0,45.1,77,0,5.0
SEG_12,2023-08-18,14.5,50.0,55.5,78,0,5.0
SEG_12,2023-08-19,10.8,50.6,65.5,79,0,5.0
SEG_12,2023-08-20,19.8,45.1,47.5,80,0,4.0
SEG_12,2023-08-21,24.9,55.5,42.5,81,0,3.0
SEG_12,2023-08-22,20.8,65.5,37.9,82,0,2.0
SEG_12,2023-08-23,1.8,47.5,42.0,83,0,1.0
SEG_12,2023-08-24,19.9,42.5,38.4,84,0,0.0
SEG_12,2023-08-25,16.2,37.9,47.5,85,0,0.0
SEG_12,2023-08-26,5.9,42.0,48.9,86,0,0.0
SEG_12,2023-08-27,16.3,38.4,54.4,87,1,0.0
SEG_12,2023-08-28,25.3,47.5,43.9,88,1,1.0
SEG_12,2023-08-29,7.3,48.9,36.9,89,0,2.0
SEG_12,2023-08-30,21.8,54.4,26.5,90,0,2.0
SEG_12,2023-08-31,14.7,43.9,26.0,91,0,2.0
SEG_12,2023-09-01,0.3,36.9,34.9,92,0,2.0
SEG_12,2023-09-02,11.4,26.5,38.6,93,0,2.0
SEG_12,2023-09-03,14.3,26.0,34.8,94,0,2.0
SEG_12,2023-09-04,9.2,34.9,72.5,95,0,2.0
SEG_12,2023-09-05,15.1,38.6,66.0,96,0,2.0
SEG_12,2023-09-06,10.5,34.8,61.5,97,0,2.0
SEG_12,2023-09-07,46.8,72.5,35.8,98,0,2.0
SEG_12,2023-09-08,8.7,66.0,36.7,99,0,2.0
SEG_12,2023-09-09,6.1,61.5,41.6,100,0,2.0
SEG_12,2023-09-10,21.1,35.8,30.8,101,1,2.0
SEG_12,2023-09-11,9.6,36.7,41.5,102,1,2.0
SEG_12,2023-09-12,11.0,41.6,35.1,103,0,2.0
SEG_12,2023-09-13,10.2,30.8,46.7,104,0,2.0
SEG_12,2023-09-14,20.3,41.5,43.6,105,0,2.0
SEG_12,2023-09-15,4.6,35.1,76.1,106,0,2.0
SEG_12,2023-09-16,21.8,46.7,67.8,107,0,2.0
SEG_12,2023-09-17,17.2,43.6,55.5,108,0,2.0
SEG_12,2023-09-18,37.1,76.1,32.1,109,0,2.0
SEG_12,2023-09-19,13.5,67.8,33.4,110,0,2.0
SEG_12,2023-09-20,4.9,55.5,55.3,111,0,2.0
SEG_12,2023-09-21,13.6,32.1,46.6,112,0,2.0
SEG_12,2023-09-22,14.9,33.4,34.5,113,0,2.0
SEG_12,2023-09-23,26.8,55.3,21.5,114,0,2.0
SEG_12,2023-09-24,4.9,46.6,54.7,115,0,2.0
SEG_12,2023-09-25,2.7,34.5,71.0,116,0,1.0
SEG_12,2023-09-26,13.8,21.5,76.9,117,0,0.0
SEG_12,2023-09-27,38.2,54.7,42.2,118,0,0.0
SEG_12,2023-09-28,19.0,71.0,71.0,119,0,0.0
SEG_12,2023-09-29,19.8,76.9,76.9,120,0,0.0
SEG_12,2023-09-30,3.5,42.2,42.2,121,0,0.0
SEG_12,2024-06-01,2.7,2.7,30.3,0,0,0.0
SEG_12,2024-06-02,4.8,7.5,34.2,1,0,0.0
SEG_12,2024-06-03,1.9,9.4,41.1,2,0,0.0
SEG_12,2024-06-04,23.6,30.3,20.4,3,0,0.0
SEG_12,2024-06-05,8.7,34.2,12.2,4,0,0.0
SEG_12,2024-06-06,8.8,41.1,8.1,5,0,0.0
SEG_12,2024-06-07,3.0,20.4,9.0,6,0,0.0
SEG_12,2024-06-08,0.4,12.2,9.5,7,0,0.0
SEG_12,2024-06-09,4.6,8.1,9.8,8,0,0.0
SEG_12,2024-06-10,3.9,9.0,12.4,9,0,0.0
SEG_12,2024-06-11,0.9,9.5,20.6,10,0,0.0
SEG_12,2024-06-12,4.9,9.8,16.2,11,0,0.0
SEG_12,2024-06-13,6.5,12.4,11.6,12,0,0.0
SEG_12,2024-06-14,9.1,20.6,5.6,13,0,0.0
SEG_12,2024-06-15,0.5,16.2,18.7,14,0,0.0
SEG_12,2024-06-16,2.0,11.6,30.1,15,0,0.0
SEG_12,2024-06-17,3.1,5.6,35.4,16,0,0.0
SEG_12,2024-06-18,13.6,18.7,26.6,17,0,0.0
SEG_12,2024-06-19,13.4,30.1,27.4,18,0,0.0
SEG_12,2024-06-20,8.3,35.4,26.6,19,0,0.0
SEG_12,2024-06-21,4.8,26.6,35.5,20,0,0.0
SEG_12,2024-06-22,14.2,27.4,29.9,21,0,0.0
SEG_12,2024-06-23,7.6,26.6,23.4,22,0,0.0
SEG_12,2024-06-24,13.7,35.5,10.2,23,0,0.0
SEG_12,2024-06-25,8.6,29.9,5.9,24,0,0.0
SEG_12,2024-06-26,1.1,23.4,16.5,25,0,0.0
SEG_12,2024-06-27,0.4,10.2,20.0,26,0,0.0
SEG_12,2024-06-28,4.4,5.9,31.7,27,0,0.0
SEG_12,2024-06-29,11.6,16.5,30.9,28,0,0.0
SEG_12,2024-06-30,3.9,20.0,42.2,29,0,0.0
SEG_12,2024-07-01,16.1,31.7,30.6,30,0,0.0
SEG_12,2024-07-02,10.9,30.9,22.3,31,0,0.0
SEG_12,2024-07-03,15.2,42.2,9.4,32,0,0.0
SEG_12,2024-07-04,4.5,30.6,14.1,33,0,0.0
SEG_12,2024-07-05,2.6,22.3,12.7,34,0,0.0
SEG_12,2024-07-06,2.2,9.4,11.8,35,0,0.0
SEG_12,2024-07-07,9.2,14.1,6.2,36,0,0.0
SEG_12,2024-07-08,1.2,12.7,12.4,37,0,0.0
SEG_12,2024-07-09,1.3,11.8,14.2,38,0,0.0
SEG_12,2024-07-10,3.7,6.2,24.0,39,0,0.0
SEG_12,2024-07-11,7.4,12.4,31.9,40,0,0.0
SEG_12,2024-07-12,3.1,14.2,29.0,41,1,0.0
SEG_12,2024-07-13,13.5,24.0,24.3,42,1,1.0
SEG_12,2024-07-14,15.3,31.9,12.9,43,1,2.0
SEG_12,2024-07-15,0.2,29.0,24.7,44,0,3.0
SEG_12,2024-07-16,8.8,24.3,24.9,45,0,3.0
SEG_12,2024-07-17,3.9,12.9,28.1,46,0,3.0
SEG_12,2024-07-18,12.0,24.7,21.7,47,1,3.0
SEG_12,2024-07-19,9.0,24.9,14.1,48,1,4.0
SEG_12,2024-07-20,7.1,28.1,33.1,49,0,5.0
SEG_12,2024-07-21,5.6,21.7,29.4,50,0,5.0
SEG_12,2024-07-22,1.3,14.1,47.4,51,1,5.0
SEG_12,2024-07-23,26.2,33.1,31.5,52,0,6.0
SEG_12,2024-07-24,2.0,29.4,33.6,53,0,6.0
SEG_12,2024-07-25,19.3,47.4,17.9,54,0,6.0
SEG_12,2024-07-26,10.3,31.5,8.9,55,1,6.0
SEG_12,2024-07-27,4.1,33.6,11.2,56,1,6.0
SEG_12,2024-07-28,3.6,17.9,8.9,57,1,6.0
SEG_12,2024-07-29,1.2,8.9,21.6,58,0,6.0
SEG_12,2024-07-30,6.4,11.2,22.9,59,0,6.0
SEG_12,2024-07-31,1.2,8.9,27.8,60,0,6.0
SEG_12,2024-08-01,14.0,21.6,20.5,61,0,6.0
SEG_12,2024-08-02,7.7,22.9,20.7,62,0,5.0
SEG_12,2024-08-03,6.1,27.8,19.4,63,0,4.0
SEG_12,2024-08-04,6.7,20.5,17.9,64,0,4.0
SEG_12,2024-08-05,7.9,20.7,30.7,65,0,4.0
SEG_12,2024-08-06,4.7,19.4,39.0,66,0,3.0
SEG_12,2024-08-07,5.3,17.9,43.7,67,0,3.0
SEG_12,2024-08-08,20.7,30.7,27.1,68,0,3.0
SEG_12,2024-08-09,13.0,39.0,14.8,69,0,3.0
SEG_12,2024-08-10,10.0,43.7,14.0,70,0,2.0
SEG_12,2024-08-11,4.1,27.1,16.6,71,0,1.0
SEG_12,2024-08-12,0.7,14.8,21.0,72,0,0.0
SEG_12,2024-08-13,9.1,14.0,17.7,73,0,0.0
SEG_12,2024-08-14,6.7,16.6,13.1,74,0,0.0
SEG_12,2024-08-15,5.2,21.0,10.7,75,0,0.0
SEG_12,2024-08-16,5.9,17.7,17.9,76,0,0.0
SEG_12,2024-08-17,2.1,13.1,16.3,77,0,0.0
SEG_12,2024-08-18,2.7,10.7,25.3,78,0,0.0
SEG_12,2024-08-19,13.1,17.9,28.9,79,0,0.0
SEG_12,2024-08-20,0.5,16.3,37.4,80,0,0.0
SEG_12,2024-08-21,11.8,25.3,34.3,81,0,0.0
SEG_12,2024-08-22,16.6,28.9,20.4,82,0,0.0
SEG_12,2024-08-23,9.0,37.4,14.5,83,0,0.0
SEG_12,2024-08-24,8.7,34.3,10.2,84,0,0.0
SEG_12,2024-08-25,2.7,20.4,9.1,85,0,0.0
SEG_12,2024-08-26,3.1,14.5,8.9,86,0,0.0
SEG_12,2024-08-27,4.4,10.2,11.2,87,1,0.0
SEG_12,2024-08-28,1.6,9.1,13.7,88,1,1.0
SEG_12,2024-08-29,2.9,8.9,18.0,89,0,2.0
SEG_12,2024-08-30,6.7,11.2,24.3,90,0,2.0
SEG_12,2024-08-31,4.2,13.7,27.3,91,0,2.0
SEG_12,2024-09-01,7.2,18.0,28.9,92,0,2.0
SEG_12,2024-09-02,13.0,24.3,17.0,93,0,2.0
SEG_12,2024-09-03,7.1,27.3,22.8,94,0,2.0
SEG_12,2024-09-04,8.7,28.9,15.2,95,0,2.0
SEG_12,2024-09-05,1.2,17.0,17.9,96,0,2.0
SEG_12,2024-09-06,12.9,22.8,7.2,97,0,2.0
SEG_12,2024-09-07,1.1,15.2,6.8,98,0,2.0
SEG_12,2024-09-08,3.9,17.9,9.8,99,0,2.0
SEG_12,2024-09-09,2.2,7.2,16.9,100,0,2.0
SEG_12,2024-09-10,0.7,6.8,33.1,101,0,2.0
SEG_12,2024-09-11,6.8,9.8,33.8,102,0,1.0
SEG_12,2024-09-12,9.3,16.9,27.4,103,0,0.0
SEG_12,2024-09-13,16.9,33.1,14.5,104,0,0.0
SEG_12,2024-09-14,7.6,33.8,7.8,105,0,0.0
SEG_12,2024-09-15,2.9,27.4,9.4,106,0,0.0
SEG_12,2024-09-16,4.1,14.5,11.4,107,1,0.0
SEG_12,2024-09-17,0.9,7.8,19.5,108,1,1.0
SEG_12,2024-09-18,4.4,9.4,25.9,109,1,2.0
SEG_12,2024-09-19,6.0,11.4,28.7,110,0,3.0
SEG_12,2024-09-20,9.0,19.5,22.3,111,0,3.0
SEG_12,2024-09-21,10.9,25.9,13.3,112,0,3.0
SEG_12,2024-09-22,8.8,28.7,14.8,113,0,3.0
SEG_12,2024-09-23,2.6,22.3,12.9,114,0,3.0
SEG_12,2024-09-24,1.9,13.3,33.6,115,1,3.0
SEG_12,2024-09-25,10.3,14.8,26.4,116,1,4.0
SEG_12,2024-09-26,0.7,12.9,39.9,117,0,5.0
SEG_12,2024-09-27,22.6,33.6,20.9,118,0,5.0
SEG_12,2024-09-28,3.1,26.4,26.4,119,0,5.0
SEG_12,2024-09-29,14.1,39.9,39.9,120,0,5.0
SEG_12,2024-09-30,3.7,20.9,20.9,121,0,5.0
SEG_12,2025-06-01,4.6,4.6,16.8,0,0,4.0
SEG_12,2025-06-02,10.1,14.7,12.1,1,0,3.0
SEG_12,2025-06-03,0.6,15.3,13.1,2,0,2.0
SEG_12,2025-06-04,6.1,16.8,18.7,3,0,2.0
SEG_12,2025-06-05,5.5,12.1,17.4,4,0,2.0
SEG_12,2025-06-06,1.5,13.1,25.5,5,0,2.0
SEG_12,2025-06-07,11.7,18.7,20.8,6,0,2.0
SEG_12,2025-06-08,4.1,17.4,27.3,7,0,2.0
SEG_12,2025-06-09,9.7,25.5,19.1,8,0,1.0
SEG_12,2025-06-10,7.0,20.8,15.0,9,0,0.0
SEG_12,2025-06-11,10.6,27.3,10.2,10,0,0.0
SEG_12,2025-06-12,1.5,19.1,14.6,11,0,0.0
SEG_12,2025-06-13,2.8,15.0,18.7,12,0,0.0
SEG_12,2025-06-14,5.9,10.2,20.9,13,0,0.0
SEG_12,2025-06-15,5.9,14.6,20.7,14,0,0.0
SEG_12,2025-06-16,6.9,18.7,14.1,15,1,0.0
SEG_12,2025-06-17,8.1,20.9,19.1,16,1,1.0
SEG_12,2025-06-18,5.7,20.7,20.6,17,1,2.0
SEG_12,2025-06-19,0.3,14.1,23.8,18,1,3.0
SEG_12,2025-06-20,13.1,19.1,23.1,19,0,4.0
SEG_12,2025-06-21,7.2,20.6,21.6,20,0,4.0
SEG_12,2025-06-22,3.5,23.8,20.5,21,1,4.0
SEG_12,2025-06-23,12.4,23.1,16.2,22,1,5.0
SEG_12,2025-06-24,5.7,21.6,14.3,23,0,6.0
SEG_12,2025-06-25,2.5,20.5,13.8,24,0,6.0
SEG_12,2025-06-26,8.0,16.2,7.7,25,0,6.0
SEG_12,2025-06-27,3.8,14.3,7.5,26,0,6.0
SEG_12,2025-06-28,2.0,13.8,11.6,27,0,6.0
SEG_12,2025-06-29,1.9,7.7,11.3,28,0,6.0
SEG_12,2025-06-30,3.6,7.5,9.9,29,0,6.0
SEG_12,2025-07-01,6.1,11.6,16.5,30,0,5.0
SEG_12,2025-07-02,1.6,11.3,30.0,31,1,4.0
SEG_12,2025-07-03,2.2,9.9,34.8,32,1,4.0
SEG_12,2025-07-04,12.7,16.5,30.0,33,1,4.0
SEG_12,2025-07-05,15.1,30.0,27.4,34,0,5.0
SEG_12,2025-07-06,7.0,34.8,24.1,35,0,5.0
SEG_12,2025-07-07,7.8,30.0,17.0,36,0,4.0
SEG_12,2025-07-08,12.5,27.4,18.5,37,0,3.0
SEG_12,2025-07-09,3.8,24.1,29.5,38,0,3.0
SEG_12,2025-07-10,0.8,17.0,52.6,39,0,3.0
SEG_12,2025-07-11,14.0,18.5,56.4,40,1,3.0
SEG_12,2025-07-12,14.8,29.5,46.7,41,1,4.0
SEG_12,2025-07-13,23.8,52.6,27.2,42,1,5.0
SEG_12,2025-07-14,17.8,56.4,16.6,43,0,6.0
SEG_12,2025-07-15,5.1,46.7,12.7,44,0,6.0
SEG_12,2025-07-16,4.3,27.2,10.8,45,1,6.0
SEG_12,2025-07-17,7.3,16.6,7.3,46,1,6.0
SEG_12,2025-07-18,1.1,12.7,15.3,47,1,6.0
SEG_12,2025-07-19,2.4,10.8,22.3,48,0,6.0
SEG_12,2025-07-20,3.8,7.3,22.5,49,0,6.0
SEG_12,2025-07-21,9.1,15.3,14.6,50,0,6.0
SEG_12,2025-07-22,9.4,22.3,13.0,51,0,6.0
SEG_12,2025-07-23,4.0,22.5,10.2,52,0,6.0
SEG_12,2025-07-24,1.3,14.6,11.7,53,0,6.0
SEG_12,2025-07-25,7.8,13.0,9.0,54,1,6.0
SEG_12,2025-07-26,1.2,10.2,8.8,55,1,6.0
SEG_12,2025-07-27,2.7,11.7,8.3,56,1,6.0
SEG_12,2025-07-28,5.1,9.0,11.9,57,1,6.0
SEG_12,2025-07-29,1.0,8.8,18.1,58,0,7.0
SEG_12,2025-07-30,2.2,8.3,17.3,59,0,7.0
SEG_12,2025-07-31,8.6,11.9,14.2,60,0,6.0
SEG_12,2025-08-01,7.3,18.1,7.7,61,0,5.0
SEG_12,2025-08-02,1.4,17.3,13.0,62,0,4.0
SEG_12,2025-08-03,5.5,14.2,9.9,63,0,4.0
SEG_12,2025-08-04,0.7,7.7,12.8,64,0,4.0
SEG_12,2025-08-05,6.7,13.0,10.6,65,0,4.0
SEG_12,2025-08-06,2.4,9.9,9.8,66,0,4.0
SEG_12,2025-08-07,3.6,12.8,8.4,67,0,4.0
SEG_12,2025-08-08,4.6,10.6,16.6,68,0,4.0
SEG_12,2025-08-09,1.5,9.8,18.5,69,0,3.0
SEG_12,2025-08-10,2.3,8.4,21.0,70,0,2.0
SEG_12,2025-08-11,12.8,16.6,13.1,71,0,1.0
SEG_12,2025-08-12,3.4,18.5,20.0,72,0,0.0
SEG_12,2025-08-13,4.8,21.0,22.8,73,0,0.0
SEG_12,2025-08-14,4.9,13.1,19.6,74,0,0.0
SEG_12,2025-08-15,10.4,20.0,20.5,75,0,0.0
SEG_12,2025-08-16,7.6,22.8,27.0,76,1,0.0
SEG_12,2025-08-17,1.6,19.6,27.0,77,1,1.0
SEG_12,2025-08-18,11.3,20.5,18.9,78,0,2.0
SEG_12,2025-08-19,14.1,27.0,8.8,79,0,2.0
SEG_12,2025-08-20,1.6,27.0,10.5,80,0,2.0
SEG_12,2025-08-21,3.2,18.9,14.0,81,0,2.0
SEG_12,2025-08-22,3.9,8.8,13.8,82,0,2.0
SEG_12,2025-08-23,3.3,10.5,13.2,83,0,2.0
SEG_12,2025-08-24,6.8,14.0,13.4,84,0,2.0
SEG_12,2025-08-25,3.6,13.8,10.3,85,0,2.0
SEG_12,2025-08-26,2.8,13.2,12.6,86,0,2.0
SEG_12,2025-08-27,7.0,13.4,11.8,87,0,2.0
SEG_12,2025-08-28,0.5,10.3,22.1,88,0,2.0
SEG_12,2025-08-29,5.1,12.6,21.5,89,0,2.0
SEG_12,2025-08-30,6.2,11.8,16.1,90,0,2.0
SEG_12,2025-08-31,10.8,22.1,10.1,91,0,1.0
SEG_12,2025-09-01,4.5,21.5,6.3,92,0,0.0
SEG_12,2025-09-02,0.8,16.1,11.2,93,1,0.0
SEG_12,2025-09-03,4.7,10.1,16.0,94,1,1.0
SEG_12,2025-09-04,0.7,6.3,19.4,95,1,2.0
SEG_12,2025-09-05,5.7,11.2,17.3,96,0,3.0
SEG_12,2025-09-06,9.5,16.0,15.2,97,0,3.0
SEG_12,2025-09-07,4.1,19.4,16.7,98,0,3.0
SEG_12,2025-09-08,3.6,17.3,20.2,99,1,3.0
SEG_12,2025-09-09,7.5,15.2,30.2,100,0,4.0
SEG_12,2025-09-10,5.6,16.7,27.6,101,0,4.0
SEG_12,2025-09-11,7.1,20.2,26.5,102,0,4.0
SEG_12,2025-09-12,17.6,30.2,20.3,103,0,4.0
SEG_12,2025-09-13,2.9,27.6,28.9,104,0,4.0
SEG_12,2025-09-14,6.0,26.5,29.3,105,1,4.0
SEG_12,2025-09-15,11.4,20.3,21.5,106,1,5.0
SEG_12,2025-09-16,11.5,28.9,17.0,107,1,6.0
SEG_12,2025-09-17,6.4,29.3,17.7,108,0,6.0
SEG_12,2025-09-18,3.5,21.5,22.2,109,0,5.0
SEG_12,2025-09-19,7.0,17.0,16.8,110,0,4.0
SEG_12,2025-09-20,7.1,17.7,23.6,111,0,4.0
SEG_12,2025-09-21,8.0,22.2,27.0,112,0,4.0
SEG_12,2025-09-22,1.7,16.8,29.5,113,0,4.0
SEG_12,2025-09-23,13.9,23.6,26.3,114,0,3.0
SEG_12,2025-09-24,11.4,27.0,18.8,115,0,3.0
SEG_12,2025-09-25,4.2,29.5,27.0,116,0,3.0
SEG_12,2025-09-26,10.7,26.3,21.1,117,0,3.0
SEG_12,2025-09-27,4.0,18.8,19.2,118,0,3.0
SEG_12,2025-09-28,12.4,27.0,27.0,119,0,3.0
SEG_12,2025-09-29,4.7,21.1,21.1,120,0,2.0
SEG_12,2025-09-30,2.0,19.2,19.2,121,0,1.0
SEG_13,2023-06-01,19.9,19.9,28.2,0,0,0.0
SEG_13,2023-06-02,7.5,27.3,46.3,1,0,0.0
SEG_13,2023-06-03,5.8,33.2,42.4,2,0,0.0
SEG_13,2023-06-04,14.9,28.2,41.6,3,0,0.0
SEG_13,2023-06-05,25.6,46.3,24.7,4,0,0.0
SEG_13,2023-06-06,1.9,42.4,35.9,5,0,0.0
SEG_13,2023-06-07,14.1,41.6,24.8,6,0,0.0
SEG_13,2023-06-08,8.7,24.7,41.7,7,0,0.0
SEG_13,2023-06-09,13.2,35.9,58.9,8,0,0.0
SEG_13,2023-06-10,2.9,24.8,74.6,9,0,0.0
SEG_13,2023-06-11,25.6,41.7,83.6,10,0,0.0
SEG_13,2023-06-12,30.4,58.9,61.5,11,0,0.0
SEG_13,2023-06-13,18.6,74.6,56.8,12,0,0.0
SEG_13,2023-06-14,34.6,83.6,41.0,13,0,0.0
SEG_13,2023-06-15,8.3,61.5,47.6,14,0,0.0
SEG_13,2023-06-16,13.8,56.8,43.0,15,0,0.0
SEG_13,2023-06-17,18.8,41.0,34.3,16,0,0.0
SEG_13,2023-06-18,15.0,47.6,47.8,17,0,0.0
SEG_13,2023-06-19,9.2,43.0,49.8,18,0,0.0
SEG_13,2023-06-20,10.0,34.3,64.4,19,0,0.0
SEG_13,2023-06-21,28.6,47.8,46.5,20,0,0.0
SEG_13,2023-06-22,11.2,49.8,59.9,21,0,0.0
SEG_13,2023-06-23,24.6,64.4,47.4,22,0,0.0
SEG_13,2023-06-24,10.7,46.5,54.3,23,0,0.0
SEG_13,2023-06-25,24.5,59.9,36.3,24,0,0.0
SEG_13,2023-06-26,12.1,47.4,38.0,25,0,0.0
SEG_13,2023-06-27,17.7,54.3,26.9,26,0,0.0
SEG_13,2023-06-28,6.5,36.3,28.6,27,0,0.0
SEG_13,2023-06-29,13.8,38.0,23.5,28,0,0.0
SEG_13,2023-06-30,6.6,26.9,26.8,29,0,0.0
SEG_13,2023-07-01,8.2,28.6,41.2,30,0,0.0
SEG_13,2023-07-02,8.7,23.5,40.4,31,0,0.0
SEG_13,2023-07-03,9.9,26.8,43.3,32,0,0.0
SEG_13,2023-07-04,22.6,41.2,45.2,33,0,0.0
SEG_13,2023-07-05,7.9,40.4,54.8,34,0,0.0
SEG_13,2023-07-06,12.8,43.3,44.0,35,0,0.0
SEG_13,2023-07-07,24.6,45.2,22.2,36,0,0.0
SEG_13,2023-07-08,17.4,54.8,20.0,37,0,0.0
SEG_13,2023-07-09,2.0,44.0,25.6,38,0,0.0
SEG_13,2023-07-10,2.8,22.2,25.2,39,0,0.0
SEG_13,2023-07-11,15.2,20.0,17.1,40,0,0.0
SEG_13,2023-07-12,7.6,25.6,25.2,41,0,0.0
SEG_13,2023-07-13,2.4,25.2,31.4,42,0,0.0
SEG_13,2023-07-14,7.1,17.1,36.1,43,0,0.0
SEG_13,2023-07-15,15.6,25.2,29.8,44,0,0.0
SEG_13,2023-07-16,8.6,31.4,27.4,45,0,0.0
SEG_13,2023-07-17,11.9,36.1,29.2,46,0,0.0
SEG_13,2023-07-18,9.3,29.8,22.1,47,0,0.0
SEG_13,2023-07-19,6.3,27.4,21.4,48,0,0.0
SEG_13,2023-07-20,13.6,29.2,27.6,49,0,0.0
SEG_13,2023-07-21,2.2,22.1,28.4,50,0,0.0
SEG_13,2023-07-22,5.6,21.4,34.1,51,0,0.0
SEG_13,2023-07-23,19.8,27.6,22.4,52,0,0.0
SEG_13,2023-07-24,2.9,28.4,27.0,53,0,0.0
SEG_13,2023-07-25,11.4,34.1,36.7,54,0,0.0
SEG_13,2023-07-26,8.1,22.4,52.7,55,0,0.0
SEG_13,2023-07-27,7.5,27.0,49.7,56,0,0.0
SEG_13,2023-07-28,21.1,36.7,38.5,57,0,0.0
SEG_13,2023-07-29,24.1,52.7,16.0,58,0,0.0
SEG_13,2023-07-30,4.5,49.7,31.8,59,0,0.0
SEG_13,2023-07-31,10.0,38.5,32.8,60,0,0.0
SEG_13,2023-08-01,1.5,16.0,34.0,61,0,0.0
SEG_13,2023-08-02,20.3,31.8,19.5,62,0,0.0
SEG_13,2023-08-03,11.0,32.8,12.7,63,0,0.0
SEG_13,2023-08-04,2.7,34.0,15.5,64,0,0.0
SEG_13,2023-08-05,5.9,19.5,11.4,65,0,0.0
SEG_13,2023-08-06,4.1,12.7,35.7,66,0,0.0
SEG_13,2023-08-07,5.6,15.5,34.7,67,0,0.0
SEG_13,2023-08-08,1.7,11.4,44.4,68,0,0.0
SEG_13,2023-08-09,28.4,35.7,31.5,69,0,0.0
SEG_13,2023-08-10,4.6,34.7,51.0,70,0,0.0
SEG_13,2023-08-11,11.4,44.4,51.3,71,0,0.0
SEG_13,2023-08-12,15.5,31.5,45.0,72,0,0.0
SEG_13,2023-08-13,24.1,51.0,32.9,73,0,0.0
SEG_13,2023-08-14,11.7,51.3,25.7,74,0,0.0
SEG_13,2023-08-15,9.2,45.0,21.3,75,0,0.0
SEG_13,2023-08-16,12.1,32.9,18.2,76,0,0.0
SEG_13,2023-08-17,4.4,25.7,14.8,77,0,0.0
SEG_13,2023-08-18,4.8,21.3,16.5,78,0,0.0
SEG_13,2023-08-19,9.0,18.2,15.2,79,0,0.0
SEG_13,2023-08-20,1.1,14.8,52.2,80,0,0.0
SEG_13,2023-08-21,6.4,16.5,72.0,81,0,0.0
SEG_13,2023-08-22,7.7,15.2,79.8,82,0,0.0
SEG_13,2023-08-23,38.1,52.2,62.4,83,0,0.0
SEG_13,2023-08-24,26.2,72.0,40.9,84,0,0.0
SEG_13,2023-08-25,15.5,79.8,37.7,85,0,0.0
SEG_13,2023-08-26,20.7,62.4,36.0,86,0,0.0
SEG_13,2023-08-27,4.7,40.9,36.0,87,0,0.0
SEG_13,2023-08-28,12.3,37.7,26.5,88,0,0.0
SEG_13,2023-08-29,18.9,36.0,21.9,89,0,0.0
SEG_13,2023-08-30,4.8,36.0,20.4,90,0,0.0
SEG_13,2023-08-31,2.8,26.5,34.1,91,0,0.0
SEG_13,2023-09-01,14.3,21.9,43.5,92,0,0.0
SEG_13,2023-09-02,3.2,20.4,45.3,93,0,0.0
SEG_13,2023-09-03,16.5,34.1,34.0,94,0,0.0
SEG_13,2023-09-04,23.8,43.5,33.5,95,0,0.0
SEG_13,2023-09-05,4.9,45.3,40.4,96,0,0.0
SEG_13,2023-09-06,5.3,34.0,56.3,97,0,0.0
SEG_13,2023-09-07,23.3,33.5,42.2,98,0,0.0
SEG_13,2023-09-08,11.7,40.4,40.3,99,0,0.0
SEG_13,2023-09-09,21.2,56.3,30.6,100,0,0.0
SEG_13,2023-09-10,9.3,42.2,54.4,101,0,0.0
SEG_13,2023-09-11,9.8,40.3,64.6,102,0,0.0
SEG_13,2023-09-12,11.5,30.6,59.4,103,0,0.0
SEG_13,2023-09-13,33.0,54.4,39.3,104,0,0.0
SEG_13,2023-09-14,20.1,64.6,28.0,105,0,0.0
SEG_13,2023-09-15,6.2,59.4,29.2,106,0,0.0
SEG_13,2023-09-16,13.0,39.3,32.4,107,0,0.0
SEG_13,2023-09-17,8.8,28.0,37.6,108,0,0.0
SEG_13,2023-09-18,7.5,29.2,35.1,109,0,0.0
SEG_13,2023-09-19,16.2,32.4,30.4,110,0,0.0
SEG_13,2023-09-20,13.9,37.6,23.8,111,0,0.0
SEG_13,2023-09-21,5.0,35.1,34.3,112,0,0.0
SEG_13,2023-09-22,11.5,30.4,29.8,113,0,0.0
SEG_13,2023-09-23,7.3,23.8,32.4,114,0,0.0
SEG_13,2023-09-24,15.5,34.3,24.5,115,0,0.0
SEG_13,2023-09-25,7.0,29.8,19.6,116,0,0.0
SEG_13,2023-09-26,9.9,32.4,41.7,117,0,0.0
SEG_13,2023-09-27,7.6,24.5,45.5,118,0,0.0
SEG_13,2023-09-28,2.1,19.6,19.6,119,0,0.0
SEG_13,2023-09-29,32.0,41.7,41.7,120,0,0.0
SEG_13,2023-09-30,11.4,45.5,45.5,121,0,0.0
SEG_13,2024-06-01,2.2,2.2,71.6,0,0,0.0
SEG_13,2024-06-02,22.5,24.7,75.5,1,0,0.0
SEG_13,2024-06-03,29.7,54.4,50.1,2,0,0.0
SEG_13,2024-06-04,19.4,71.6,56.7,3,0,0.0
SEG_13,2024-06-05,26.3,75.5,44.7,4,0,0.0
SEG_13,2024-06-06,4.3,50.1,45.1,5,0,0.0
SEG_13,2024-06-07,26.0,56.7,26.9,6,0,0.0
SEG_13,2024-06-08,14.3,44.7,21.3,7,0,0.0
SEG_13,2024-06-09,4.7,45.1,36.7,8,0,0.0
SEG_13,2024-06-10,7.9,26.9,32.8,9,0,0.0
SEG_13,2024-06-11,8.7,21.3,67.0,10,0,0.0
SEG_13,2024-06-12,20.1,36.7,65.0,11,0,0.0
SEG_13,2024-06-13,3.9,32.8,89.0,12,0,0.0
SEG_13,2024-06-14,42.9,67.0,55.4,13,0,0.0
SEG_13,2024-06-15,18.1,65.0,40.1,14,0,0.0
SEG_13,2024-06-16,28.0,89.0,24.5,15,0,0.0
SEG_13,2024-06-17,9.3,55.4,45.7,16,0,0.0
SEG_13,2024-06-18,2.8,40.1,48.1,17,0,0.0
SEG_13,2024-06-19,12.3,24.5,46.8,18,0,0.0
SEG_13,2024-06-20,30.6,45.7,18.1,19,0,0.0
SEG_13,2024-06-21,5.2,48.1,22.9,20,0,0.0
SEG_13,2024-06-22,11.1,46.8,26.9,21,0,0.0
SEG_13,2024-06-23,1.8,18.1,49.0,22,0,0.0
SEG_13,2024-06-24,9.9,22.9,41.0,23,0,0.0
SEG_13,2024-06-25,15.2,26.9,40.7,24,0,0.0
SEG_13,2024-06-26,23.9,49.0,61.5,25,0,0.0
SEG_13,2024-06-27,1.9,41.0,78.5,26,0,0.0
SEG_13,2024-06-28,14.8,40.7,67.9,27,0,0.0
SEG_13,2024-06-29,44.8,61.5,33.1,28,0,0.0
SEG_13,2024-06-30,18.9,78.5,33.6,29,0,0.0
SEG_13,2024-07-01,4.3,67.9,37.1,30,0,0.0
SEG_13,2024-07-02,9.9,33.1,43.3,31,0,0.0
SEG_13,2024-07-03,19.4,33.6,39.4,32,0,0.0
SEG_13,2024-07-04,7.8,37.1,44.1,33,0,0.0
SEG_13,2024-07-05,16.2,43.3,31.8,34,0,0.0
SEG_13,2024-07-06,15.4,39.4,23.5,35,0,0.0
SEG_13,2024-07-07,12.5,44.1,58.7,36,0,0.0
SEG_13,2024-07-08,3.8,31.8,64.3,37,0,0.0
SEG_13,2024-07-09,7.1,23.5,67.6,38,0,0.0
SEG_13,2024-07-10,47.8,58.7,30.1,39,0,0.0
SEG_13,2024-07-11,9.4,64.3,44.2,40,0,0.0
SEG_13,2024-07-12,10.4,67.6,44.7,41,0,0.0
SEG_13,2024-07-13,10.3,30.1,47.1,42,0,0.0
SEG_13,2024-07-14,23.5,44.2,38.4,43,0,0.0
SEG_13,2024-07-15,10.8,44.7,53.0,44,0,0.0
SEG_13,2024-07-16,12.8,47.1,53.0,45,0,0.0
SEG_13,2024-07-17,14.8,38.4,52.1,46,0,0.0
SEG_13,2024-07-18,25.4,53.0,34.9,47,0,0.0
SEG_13,2024-07-19,12.8,53.0,38.5,48,0,0.0
SEG_13,2024-07-20,13.9,52.1,44.6,49,0,0.0
SEG_13,2024-07-21,8.1,34.9,57.5,50,0,0.0
SEG_13,2024-07-22,16.4,38.5,84.1,51,0,0.0
SEG_13,2024-07-23,20.0,44.6,70.7,52,0,0.0
SEG_13,2024-07-24,21.1,57.5,62.8,53,0,0.0
SEG_13,2024-07-25,43.0,84.1,30.7,54,0,0.0
SEG_13,2024-07-26,6.6,70.7,61.9,55,0,0.0
SEG_13,2024-07-27,13.2,62.8,70.4,56,0,0.0
SEG_13,2024-07-28,10.9,30.7,62.2,57,0,0.0
SEG_13,2024-07-29,37.9,61.9,31.9,58,0,0.0
SEG_13,2024-07-30,21.6,70.4,20.1,59,0,0.0
SEG_13,2024-07-31,2.8,62.2,20.6,60,0,0.0
SEG_13,2024-08-01,7.6,31.9,27.1,61,0,0.0
SEG_13,2024-08-02,9.8,20.1,25.7,62,0,0.0
SEG_13,2024-08-03,3.2,20.6,66.7,63,0,0.0
SEG_13,2024-08-04,14.0,27.1,69.0,64,0,0.0
SEG_13,2024-08-05,8.4,25.7,70.1,65,0,0.0
SEG_13,2024-08-06,44.2,66.7,31.4,66,0,0.0
SEG_13,2024-08-07,16.3,69.0,27.4,67,0,0.0
SEG_13,2024-08-08,9.5,70.1,53.5,68,0,0.0
SEG_13,2024-08-09,5.5,31.4,59.0,69,0,0.0
SEG_13,2024-08-10,12.4,27.4,59.1,70,0,0.0
SEG_13,2024-08-11,35.7,53.5,51.3,71,0,0.0
SEG_13,2024-08-12,11.0,59.0,56.3,72,0,0.0
SEG_13,2024-08-13,12.4,59.1,67.0,73,0,0.0
SEG_13,2024-08-14,27.9,51.3,56.4,74,0,0.0
SEG_13,2024-08-15,16.0,56.3,56.9,75,0,0.0
SEG_13,2024-08-16,23.2,67.0,36.3,76,0,0.0
SEG_13,2024-08-17,17.2,56.4,23.9,77,0,0.0
SEG_13,2024-08-18,16.5,56.9,22.1,78,0,0.0
SEG_13,2024-08-19,2.6,36.3,25.5,79,0,0.0
SEG_13,2024-08-20,4.8,23.9,33.1,80,0,0.0
SEG_13,2024-08-21,14.7,22.1,22.7,81,0,0.0
SEG_13,2024-08-22,6.0,25.5,44.8,82,0,0.0
SEG_13,2024-08-23,12.4,33.1,39.0,83,0,0.0
SEG_13,2024-08-24,4.4,22.7,40.2,84,0,0.0
SEG_13,2024-08-25,28.0,44.8,15.6,85,0,0.0
SEG_13,2024-08-26,6.6,39.0,29.8,86,0,0.0
SEG_13,2024-08-27,5.5,40.2,36.7,87,0,0.0
SEG_13,2024-08-28,3.5,15.6,60.6,88,0,0.0
SEG_13,2024-08-29,20.9,29.8,47.9,89,0,0.0
SEG_13,2024-08-30,12.4,36.7,40.2,90,0,0.0
SEG_13,2024-08-31,27.3,60.6,24.8,91,0,0.0
SEG_13,2024-09-01,8.2,47.9,47.7,92,0,0.0
SEG_13,2024-09-02,4.7,40.2,45.6,93,0,0.0
SEG_13,2024-09-03,11.9,24.8,49.4,94,0,0.0
SEG_13,2024-09-04,31.1,47.7,35.2,95,0,0.0
SEG_13,2024-09-05,2.5,45.6,67.3,96,0,0.0
SEG_13,2024-09-06,15.7,49.4,57.8,97,0,0.0
SEG_13,2024-09-07,16.9,35.2,43.2,98,0,0.0
SEG_13,2024-09-08,34.7,67.3,17.4,99,0,0.0
SEG_13,2024-09-09,6.2,57.8,34.2,100,0,0.0
SEG_13,2024-09-10,2.3,43.2,44.8,101,0,0.0
SEG_13,2024-09-11,8.9,17.4,54.2,102,0,0.0
SEG_13,2024-09-12,22.9,34.2,36.2,103,0,0.0
SEG_13,2024-09-13,13.0,44.8,33.7,104,0,0.0
SEG_13,2024-09-14,18.3,54.2,28.8,105,0,0.0
SEG_13,2024-09-15,5.0,36.2,26.8,106,0,0.0
SEG_13,2024-09-16,10.4,33.7,29.6,107,0,0.0
SEG_13,2024-09-17,13.4,28.8,25.9,108,0,0.0
SEG_13,2024-09-18,3.0,26.8,91.7,109,0,0.0
SEG_13,2024-09-19,13.3,29.6,91.0,110,0,0.0
SEG_13,2024-09-20,9.7,25.9,117.3,111,0,0.0
SEG_13,2024-09-21,68.7,91.7,66.7,112,1,0.0
SEG_13,2024-09-22,12.6,91.0,65.5,113,1,1.0
SEG_13,2024-09-23,36.0,117.3,62.0,114,0,2.0
SEG_13,2024-09-24,18.2,66.7,48.1,115,0,2.0
SEG_13,2024-09-25,11.4,65.5,45.4,116,0,2.0
SEG_13,2024-09-26,32.4,62.0,36.9,117,0,2.0
SEG_13,2024-09-27,4.3,48.1,33.7,118,0,2.0
SEG_13,2024-09-28,8.7,45.4,45.4,119,0,2.0
SEG_13,2024-09-29,23.9,36.9,36.9,120,0,2.0
SEG_13,2024-09-30,1.1,33.7,33.7,121,0,2.0
SEG_13,2025-06-01,9.0,9.0,51.8,0,0,2.0
SEG_13,2025-06-02,25.7,34.7,34.2,1,0,2.0
SEG_13,2025-06-03,6.8,41.5,42.1,2,0,2.0
SEG_13,2025-06-04,19.3,51.8,37.6,3,0,2.0
SEG_13,2025-06-05,8.1,34.2,41.4,4,0,2.0
SEG_13,2025-06-06,14.7,42.1,51.8,5,0,1.0
SEG_13,2025-06-07,14.8,37.6,47.1,6,0,0.0
SEG_13,2025-06-08,11.9,41.4,42.6,7,0,0.0
SEG_13,2025-06-09,25.2,51.8,26.2,8,0,0.0
SEG_13,2025-06-10,10.0,47.1,19.6,9,0,0.0
SEG_13,2025-06-11,7.4,42.6,32.3,10,0,0.0
SEG_13,2025-06-12,8.8,26.2,27.2,11,0,0.0
SEG_13,2025-06-13,3.4,19.6,32.3,12,0,0.0
SEG_13,2025-06-14,20.0,32.3,28.3,13,0,0.0
SEG_13,2025-06-15,3.8,27.2,29.7,14,0,0.0
SEG_13,2025-06-16,8.5,32.3,27.3,15,0,0.0
SEG_13,2025-06-17,16.1,28.3,12.6,16,0,0.0
SEG_13,2025-06-18,5.2,29.7,9.6,17,0,0.0
SEG_13,2025-06-19,6.0,27.3,8.3,18,0,0.0
SEG_13,2025-06-20,1.4,12.6,8.5,19,0,0.0
SEG_13,2025-06-21,2.2,9.6,20.9,20,0,0.0
SEG_13,2025-06-22,4.7,8.3,23.5,21,0,0.0
SEG_13,2025-06-23,1.6,8.5,28.0,22,0,0.0
SEG_13,2025-06-24,14.6,20.9,16.7,23,0,0.0
SEG_13,2025-06-25,7.3,23.5,24.2,24,0,0.0
SEG_13,2025-06-26,6.1,28.0,31.4,25,1,0.0
SEG_13,2025-06-27,3.3,16.7,45.5,26,1,1.0
SEG_13,2025-06-28,14.8,24.2,33.6,27,1,2.0
SEG_13,2025-06-29,13.3,31.4,39.3,28,1,3.0
SEG_13,2025-06-30,17.3,45.5,26.9,29,0,4.0
SEG_13,2025-07-01,2.9,33.6,31.1,30,0,4.0
SEG_13,2025-07-02,19.0,39.3,18.9,31,0,4.0
SEG_13,2025-07-03,4.9,26.9,26.8,32,0,4.0
SEG_13,2025-07-04,7.2,31.1,22.7,33,0,4.0
SEG_13,2025-07-05,6.8,18.9,35.2,34,0,4.0
SEG_13,2025-07-06,12.9,26.8,25.6,35,0,4.0
SEG_13,2025-07-07,3.1,22.7,46.5,36,0,4.0
SEG_13,2025-07-08,19.3,35.2,35.5,37,0,4.0
SEG_13,2025-07-09,3.2,25.6,40.9,38,0,4.0
SEG_13,2025-07-10,24.0,46.5,27.9,39,0,4.0
SEG_13,2025-07-11,8.2,35.5,22.1,40,0,3.0
SEG_13,2025-07-12,8.7,40.9,31.2,41,0,2.0
SEG_13,2025-07-13,11.0,27.9,30.4,42,0,1.0
SEG_13,2025-07-14,2.4,22.1,37.0,43,0,0.0
SEG_13,2025-07-15,17.8,31.2,29.8,44,0,0.0
SEG_13,2025-07-16,10.2,30.4,23.7,45,0,0.0
SEG_13,2025-07-17,9.0,37.0,22.0,46,0,0.0
SEG_13,2025-07-18,10.6,29.8,22.4,47,0,0.0
SEG_13,2025-07-19,4.1,23.7,28.5,48,0,0.0
SEG_13,2025-07-20,7.3,22.0,21.9,49,0,0.0
SEG_13,2025-07-21,10.9,22.4,13.2,50,0,0.0
SEG_13,2025-07-22,10.3,28.5,12.4,51,0,0.0
SEG_13,2025-07-23,0.7,21.9,37.6,52,0,0.0
SEG_13,2025-07-24,2.2,13.2,61.9,53,0,0.0
SEG_13,2025-07-25,9.6,12.4,69.0,54,0,0.0
SEG_13,2025-07-26,25.8,37.6,46.2,55,0,0.0
SEG_13,2025-07-27,26.5,61.9,27.6,56,0,0.0
SEG_13,2025-07-28,16.7,69.0,14.1,57,0,0.0
SEG_13,2025-07-29,3.0,46.2,14.4,58,0,0.0
SEG_13,2025-07-30,7.9,27.6,9.3,59,0,0.0
SEG_13,2025-07-31,3.2,14.1,9.4,60,0,0.0
SEG_13,2025-08-01,3.2,14.4,18.4,61,0,0.0
SEG_13,2025-08-02,2.9,9.3,20.1,62,0,0.0
SEG_13,2025-08-03,3.3,9.4,21.7,63,0,0.0
SEG_13,2025-08-04,12.3,18.4,24.3,64,0,0.0
SEG_13,2025-08-05,4.5,20.1,37.6,65,0,0.0
SEG_13,2025-08-06,4.9,21.7,38.1,66,0,0.0
SEG_13,2025-08-07,14.8,24.3,29.7,67,0,0.0
SEG_13,2025-08-08,17.9,37.6,25.0,68,0,0.0
SEG_13,2025-08-09,5.3,38.1,23.0,69,0,0.0
SEG_13,2025-08-10,6.5,29.7,17.8,70,0,0.0
SEG_13,2025-08-11,13.2,25.0,33.4,71,0,0.0
SEG_13,2025-08-12,3.4,23.0,44.5,72,0,0.0
SEG_13,2025-08-13,1.3,17.8,52.6,73,0,0.0
SEG_13,2025-08-14,28.8,33.4,30.4,74,0,0.0
SEG_13,2025-08-15,14.5,44.5,30.5,75,0,0.0
SEG_13,2025-08-16,9.3,52.6,32.1,76,0,0.0
SEG_13,2025-08-17,6.5,30.4,27.2,77,0,0.0
SEG_13,2025-08-18,14.7,30.5,14.9,78,0,0.0
SEG_13,2025-08-19,10.9,32.1,17.6,79,0,0.0
SEG_13,2025-08-20,1.6,27.2,20.8,80,0,0.0
SEG_13,2025-08-21,2.4,14.9,33.8,81,0,0.0
SEG_13,2025-08-22,13.6,17.6,27.7,82,0,0.0
SEG_13,2025-08-23,4.8,20.8,37.0,83,0,0.0
SEG_13,2025-08-24,15.5,33.8,22.5,84,0,0.0
SEG_13,2025-08-25,7.5,27.7,18.6,85,0,0.0
SEG_13,2025-08-26,14.0,37.0,8.5,86,0,0.0
SEG_13,2025-08-27,1.0,22.5,16.6,87,0,0.0
SEG_13,2025-08-28,3.5,18.6,23.6,88,0,0.0
SEG_13,2025-08-29,3.9,8.5,40.0,89,0,0.0
SEG_13,2025-08-30,9.2,16.6,44.5,90,0,0.0
SEG_13,2025-08-31,10.6,23.6,37.9,91,0,0.0
SEG_13,2025-09-01,20.3,40.0,23.6,92,0,0.0
SEG_13,2025-09-02,13.6,44.5,17.0,93,0,0.0
SEG_13,2025-09-03,4.0,37.9,16.9,94,1,0.0
SEG_13,2025-09-04,5.9,23.6,17.9,95,1,1.0
SEG_13,2025-09-05,7.1,17.0,27.3,96,1,2.0
SEG_13,2025-09-06,3.9,16.9,33.0,97,0,3.0
SEG_13,2025-09-07,7.0,17.9,27.7,98,0,3.0
SEG_13,2025-09-08,16.5,27.3,20.3,99,0,3.0
SEG_13,2025-09-09,9.6,33.0,21.6,100,0,3.0
SEG_13,2025-09-10,1.7,27.7,29.9,101,0,3.0
SEG_13,2025-09-11,9.0,20.3,38.1,102,0,3.0
SEG_13,2025-09-12,10.8,21.6,38.8,103,0,3.0
SEG_13,2025-09-13,10.0,29.9,36.7,104,0,3.0
SEG_13,2025-09-14,17.3,38.1,38.2,105,0,3.0
SEG_13,2025-09-15,11.6,38.8,30.1,106,0,3.0
SEG_13,2025-09-16,7.9,36.7,31.8,107,0,3.0
SEG_13,2025-09-17,18.8,38.2,14.5,108,0,3.0
SEG_13,2025-09-18,3.4,30.1,19.3,109,0,2.0
SEG_13,2025-09-19,9.6,31.8,18.6,110,0,1.0
SEG_13,2025-09-20,1.5,14.5,35.5,111,0,0.0
SEG_13,2025-09-21,8.2,19.3,36.3,112,0,0.0
SEG_13,2025-09-22,9.0,18.6,30.0,113,1,0.0
SEG_13,2025-09-23,18.3,35.5,21.5,114,1,1.0
SEG_13,2025-09-24,9.0,36.3,21.3,115,0,2.0
SEG_13,2025-09-25,2.7,30.0,32.5,116,0,2.0
SEG_13,2025-09-26,9.8,21.5,32.1,117,0,2.0
SEG_13,2025-09-27,8.9,21.3,26.7,118,0,2.0
SEG_13,2025-09-28,13.8,32.5,32.5,119,0,2.0
SEG_13,2025-09-29,9.5,32.1,32.1,120,0,2.0
SEG_13,2025-09-30,3.5,26.7,26.7,121,0,2.0
SEG_14,2023-06-01,20.3,20.3,24.9,0,0,0.0
SEG_14,2023-06-02,6.5,26.8,26.1,1,0,0.0
SEG_14,2023-06-03,6.3,33.1,22.2,2,0,0.0
SEG_14,2023-06-04,12.1,24.9,14.7,3,0,0.0
SEG_14,2023-06-05,7.7,26.1,20.8,4,0,0.0
SEG_14,2023-06-06,2.5,22.2,23.1,5,0,0.0
SEG_14,2023-06-07,4.5,14.7,39.5,6,0,0.0
SEG_14,2023-06-08,13.8,20.8,41.4,7,0,0.0
SEG_14,2023-06-09,4.8,23.1,50.8,8,0,0.0
SEG_14,2023-06-10,21.0,39.5,41.8,9,0,0.0
SEG_14,2023-06-11,15.7,41.4,31.9,10,0,0.0
SEG_14,2023-06-12,14.2,50.8,35.0,11,0,0.0
SEG_14,2023-06-13,11.9,41.8,28.7,12,0,0.0
SEG_14,2023-06-14,5.8,31.9,44.7,13,0,0.0
SEG_14,2023-06-15,17.2,35.0,57.1,14,0,0.0
SEG_14,2023-06-16,5.7,28.7,63.7,15,0,0.0
SEG_14,2023-06-17,21.8,44.7,68.9,16,0,0.0
SEG_14,2023-06-18,29.6,57.1,43.9,17,0,0.0
SEG_14,2023-06-19,12.2,63.7,47.4,18,0,0.0
SEG_14,2023-06-20,27.1,68.9,31.2,19,0,0.0
SEG_14,2023-06-21,4.6,43.9,45.5,20,0,0.0
SEG_14,2023-06-22,15.8,47.4,31.1,21,0,0.0
SEG_14,2023-06-23,10.8,31.2,38.3,22,0,0.0
SEG_14,2023-06-24,18.9,45.5,25.8,23,0,0.0
SEG_14,2023-06-25,1.4,31.1,35.6,24,0,0.0
SEG_14,2023-06-26,18.1,38.3,56.4,25,0,0.0
SEG_14,2023-06-27,6.3,25.8,66.3,26,0,0.0
SEG_14,2023-06-28,11.2,35.6,69.7,27,0,0.0
SEG_14,2023-06-29,38.9,56.4,44.7,28,0,0.0
SEG_14,2023-06-30,16.2,66.3,51.9,29,0,0.0
SEG_14,2023-07-01,14.7,69.7,56.5,30,0,0.0
SEG_14,2023-07-02,13.8,44.7,56.6,31,0,0.0
SEG_14,2023-07-03,23.4,51.9,46.0,32,0,0.0
SEG_14,2023-07-04,19.3,56.5,38.8,33,0,0.0
SEG_14,2023-07-05,13.9,56.6,35.2,34,0,0.0
SEG_14,2023-07-06,12.7,46.0,26.1,35,0,0.0
SEG_14,2023-07-07,12.1,38.8,30.0,36,0,0.0
SEG_14,2023-07-08,10.4,35.2,26.5,37,0,0.0
SEG_14,2023-07-09,3.7,26.1,32.2,38,0,0.0
SEG_14,2023-07-10,15.9,30.0,36.5,39,0,0.0
SEG_14,2023-07-11,6.9,26.5,40.2,40,0,0.0
SEG_14,2023-07-12,9.4,32.2,40.7,41,0,0.0
SEG_14,2023-07-13,20.2,36.5,32.7,42,0,0.0
SEG_14,2023-07-14,10.5,40.2,30.7,43,0,0.0
SEG_14,2023-07-15,9.9,40.7,59.1,44,0,0.0
SEG_14,2023-07-16,12.2,32.7,81.8,45,0,0.0
SEG_14,2023-07-17,8.5,30.7,107.6,46,0,0.0
SEG_14,2023-07-18,38.3,59.1,83.1,47,0,0.0
SEG_14,2023-07-19,34.9,81.8,54.7,48,0,0.0
SEG_14,2023-07-20,34.3,107.6,41.0,49,0,0.0
SEG_14,2023-07-21,13.9,83.1,35.7,50,0,0.0
SEG_14,2023-07-22,6.5,54.7,51.0,51,0,0.0
SEG_14,2023-07-23,20.6,41.0,36.7,52,0,0.0
SEG_14,2023-07-24,8.5,35.7,42.7,53,0,0.0
SEG_14,2023-07-25,21.9,51.0,44.8,54,0,0.0
SEG_14,2023-07-26,6.3,36.7,47.5,55,0,0.0
SEG_14,2023-07-27,14.6,42.7,41.8,56,0,0.0
SEG_14,2023-07-28,24.0,44.8,20.6,57,0,0.0
SEG_14,2023-07-29,8.9,47.5,18.1,58,0,0.0
SEG_14,2023-07-30,8.9,41.8,22.9,59,0,0.0
SEG_14,2023-07-31,2.8,20.6,35.3,60,0,0.0
SEG_14,2023-08-01,6.4,18.1,45.7,61,0,0.0
SEG_14,2023-08-02,13.7,22.9,33.8,62,0,0.0
SEG_14,2023-08-03,15.2,35.3,27.2,63,0,0.0
SEG_14,2023-08-04,16.8,45.7,13.5,64,0,0.0
SEG_14,2023-08-05,1.8,33.8,24.9,65,0,0.0
SEG_14,2023-08-06,8.6,27.2,18.6,66,0,0.0
SEG_14,2023-08-07,3.1,13.5,19.6,67,0,0.0
SEG_14,2023-08-08,13.2,24.9,25.5,68,0,0.0
SEG_14,2023-08-09,2.3,18.6,30.3,69,0,0.0
SEG_14,2023-08-10,4.1,19.6,53.4,70,0,0.0
SEG_14,2023-08-11,19.1,25.5,51.4,71,0,0.0
SEG_14,2023-08-12,7.1,30.3,53.3,72,0,0.0
SEG_14,2023-08-13,27.2,53.4,47.3,73,0,0.0
SEG_14,2023-08-14,17.1,51.4,39.7,74,0,0.0
SEG_14,2023-08-15,9.0,53.3,49.1,75,0,0.0
SEG_14,2023-08-16,21.2,47.3,34.1,76,0,0.0
SEG_14,2023-08-17,9.6,39.7,46.5,77,0,0.0
SEG_14,2023-08-18,18.3,49.1,30.7,78,0,0.0
SEG_14,2023-08-19,6.2,34.1,28.7,79,0,0.0
SEG_14,2023-08-20,22.1,46.5,11.4,80,0,0.0
SEG_14,2023-08-21,2.5,30.7,15.6,81,0,0.0
SEG_14,2023-08-22,4.1,28.7,25.5,82,0,0.0
SEG_14,2023-08-23,4.8,11.4,31.7,83,0,0.0
SEG_14,2023-08-24,6.7,15.6,43.5,84,0,0.0
SEG_14,2023-08-25,14.0,25.5,53.7,85,0,0.0
SEG_14,2023-08-26,11.0,31.7,44.9,86,0,0.0
SEG_14,2023-08-27,18.5,43.5,52.7,87,0,0.0
SEG_14,2023-08-28,24.2,53.7,37.8,88,0,0.0
SEG_14,2023-08-29,2.2,44.9,69.5,89,0,0.0
SEG_14,2023-08-30,26.2,52.7,49.2,90,0,0.0
SEG_14,2023-08-31,9.4,37.8,41.4,91,0,0.0
SEG_14,2023-09-01,33.9,69.5,24.7,92,0,0.0
SEG_14,2023-09-02,5.9,49.2,35.3,93,0,0.0
SEG_14,2023-09-03,1.6,41.4,38.0,94,0,0.0
SEG_14,2023-09-04,17.3,24.7,25.3,95,0,0.0
SEG_14,2023-09-05,16.5,35.3,28.3,96,0,0.0
SEG_14,2023-09-06,4.2,38.0,38.6,97,0,0.0
SEG_14,2023-09-07,4.6,25.3,42.7,98,0,0.0
SEG_14,2023-09-08,19.5,28.3,38.8,99,0,0.0
SEG_14,2023-09-09,14.5,38.6,37.8,100,0,0.0
SEG_14,2023-09-10,8.7,42.7,34.2,101,0,0.0
SEG_14,2023-09-11,15.6,38.8,39.0,102,0,0.0
SEG_14,2023-09-12,13.5,37.8,43.4,103,0,0.0
SEG_14,2023-09-13,5.1,34.2,49.4,104,0,0.0
SEG_14,2023-09-14,20.5,39.0,48.4,105,0,0.0
SEG_14,2023-09-15,17.8,43.4,67.3,106,0,0.0
SEG_14,2023-09-16,11.2,49.4,60.7,107,0,0.0
SEG_14,2023-09-17,19.5,48.4,50.2,108,0,0.0
SEG_14,2023-09-18,36.7,67.3,22.9,109,0,0.0
SEG_14,2023-09-19,4.6,60.7,37.5,110,0,0.0
SEG_14,2023-09-20,9.0,50.2,35.2,111,0,0.0
SEG_14,2023-09-21,9.3,22.9,44.3,112,0,0.0
SEG_14,2023-09-22,19.2,37.5,32.4,113,0,0.0
SEG_14,2023-09-23,6.7,35.2,29.8,114,0,0.0
SEG_14,2023-09-24,18.4,44.3,23.1,115,0,0.0
SEG_14,2023-09-25,7.3,32.4,23.0,116,0,0.0
SEG_14,2023-09-26,4.1,29.8,31.4,117,0,0.0
SEG_14,2023-09-27,11.7,23.1,34.6,118,0,0.0
SEG_14,2023-09-28,7.2,23.0,23.0,119,0,0.0
SEG_14,2023-09-29,12.6,31.4,31.4,120,0,0.0
SEG_14,2023-09-30,14.8,34.6,34.6,121,0,0.0
SEG_14,2024-06-01,1.9,1.9,17.2,0,0,0.0
SEG_14,2024-06-02,5.6,7.6,17.7,1,0,0.0
SEG_14,2024-06-03,9.3,16.9,19.0,2,0,0.0
SEG_14,2024-06-04,2.2,17.2,29.9,3,0,0.0
SEG_14,2024-06-05,6.2,17.7,33.0,4,0,0.0
SEG_14,2024-06-06,10.6,19.0,33.0,5,0,0.0
SEG_14,2024-06-07,13.0,29.9,37.4,6,0,0.0
SEG_14,2024-06-08,9.3,33.0,32.1,7,0,0.0
SEG_14,2024-06-09,10.6,33.0,35.6,8,0,0.0
SEG_14,2024-06-10,17.4,37.4,19.5,9,0,0.0
SEG_14,2024-06-11,4.1,32.1,37.7,10,0,0.0
SEG_14,2024-06-12,14.1,35.6,32.5,11,0,0.0
SEG_14,2024-06-13,1.3,19.5,38.0,12,0,0.0
SEG_14,2024-06-14,22.3,37.7,18.1,13,0,0.0
SEG_14,2024-06-15,8.9,32.5,15.6,14,0,0.0
SEG_14,2024-06-16,6.7,38.0,11.9,15,0,0.0
SEG_14,2024-06-17,2.4,18.1,15.3,16,0,0.0
SEG_14,2024-06-18,6.5,15.6,19.0,17,0,0.0
SEG_14,2024-06-19,2.9,11.9,31.0,18,0,0.0
SEG_14,2024-06-20,5.9,15.3,27.2,19,1,0.0
SEG_14,2024-06-21,10.2,19.0,25.7,20,1,1.0
SEG_14,2024-06-22,14.9,31.0,13.0,21,0,2.0
SEG_14,2024-06-23,2.2,27.2,15.1,22,0,2.0
SEG_14,2024-06-24,8.7,25.7,22.6,23,0,2.0
SEG_14,2024-06-25,2.2,13.0,38.4,24,0,2.0
SEG_14,2024-06-26,4.3,15.1,44.4,25,0,2.0
SEG_14,2024-06-27,16.1,22.6,28.6,26,0,2.0
SEG_14,2024-06-28,18.0,38.4,18.0,27,0,2.0
SEG_14,2024-06-29,10.3,44.4,9.0,28,0,2.0
SEG_14,2024-06-30,0.3,28.6,11.7,29,0,2.0
SEG_14,2024-07-01,7.5,18.0,12.4,30,0,2.0
SEG_14,2024-07-02,1.3,9.0,28.3,31,0,2.0
SEG_14,2024-07-03,3.0,11.7,40.4,32,0,2.0
SEG_14,2024-07-04,8.1,12.4,75.0,33,0,2.0
SEG_14,2024-07-05,17.2,28.3,63.1,34,0,1.0
SEG_14,2024-07-06,15.1,40.4,62.1,35,0,0.0
SEG_14,2024-07-07,42.7,75.0,32.8,36,0,0.0
SEG_14,2024-07-08,5.3,63.1,50.7,37,0,0.0
SEG_14,2024-07-09,14.1,62.1,55.7,38,0,0.0
SEG_14,2024-07-10,13.4,32.8,52.3,39,0,0.0
SEG_14,2024-07-11,23.2,50.7,41.6,40,0,0.0
SEG_14,2024-07-12,19.1,55.7,33.4,41,0,0.0
SEG_14,2024-07-13,10.0,52.3,31.2,42,0,0.0
SEG_14,2024-07-14,12.5,41.6,30.6,43,0,0.0
SEG_14,2024-07-15,10.8,33.4,29.0,44,0,0.0
SEG_14,2024-07-16,7.9,31.2,30.1,45,0,0.0
SEG_14,2024-07-17,11.9,30.6,42.2,46,0,0.0
SEG_14,2024-07-18,9.3,29.0,43.1,47,0,0.0
SEG_14,2024-07-19,9.0,30.1,42.8,48,0,0.0
SEG_14,2024-07-20,23.9,42.2,26.0,49,0,0.0
SEG_14,2024-07-21,10.2,43.1,22.5,50,0,0.0
SEG_14,2024-07-22,8.7,42.8,16.7,51,0,0.0
SEG_14,2024-07-23,7.2,26.0,17.5,52,0,0.0
SEG_14,2024-07-24,6.7,22.5,28.5,53,0,0.0
SEG_14,2024-07-25,2.9,16.7,30.9,54,0,0.0
SEG_14,2024-07-26,7.9,17.5,23.7,55,0,0.0
SEG_14,2024-07-27,17.8,28.5,17.5,56,0,0.0
SEG_14,2024-07-28,5.2,30.9,21.8,57,0,0.0
SEG_14,2024-07-29,0.7,23.7,44.7,58,0,0.0
SEG_14,2024-07-30,11.5,17.5,37.9,59,0,0.0
SEG_14,2024-07-31,9.5,21.8,30.9,60,0,0.0
SEG_14,2024-08-01,23.6,44.7,14.2,61,0,0.0
SEG_14,2024-08-02,4.7,37.9,15.4,62,0,0.0
SEG_14,2024-08-03,2.6,30.9,14.5,63,0,0.0
SEG_14,2024-08-04,6.9,14.2,16.4,64,0,0.0
SEG_14,2024-08-05,6.0,15.4,16.0,65,0,0.0
SEG_14,2024-08-06,1.7,14.5,35.1,66,0,0.0
SEG_14,2024-08-07,8.7,16.4,35.2,67,0,0.0
SEG_14,2024-08-08,5.6,16.0,33.8,68,0,0.0
SEG_14,2024-08-09,20.7,35.1,21.1,69,0,0.0
SEG_14,2024-08-10,8.8,35.2,21.6,70,0,0.0
SEG_14,2024-08-11,4.2,33.8,29.8,71,0,0.0
SEG_14,2024-08-12,8.0,21.1,30.1,72,0,0.0
SEG_14,2024-08-13,9.4,21.6,50.7,73,0,0.0
SEG_14,2024-08-14,12.4,29.8,41.1,74,0,0.0
SEG_14,2024-08-15,8.3,30.1,38.3,75,0,0.0
SEG_14,2024-08-16,30.0,50.7,12.6,76,0,0.0
SEG_14,2024-08-17,2.8,41.1,16.0,77,0,0.0
SEG_14,2024-08-18,5.5,38.3,20.7,78,0,0.0
SEG_14,2024-08-19,4.2,12.6,26.2,79,0,0.0
SEG_14,2024-08-20,6.3,16.0,32.1,80,0,0.0
SEG_14,2024-08-21,10.3,20.7,30.7,81,0,0.0
SEG_14,2024-08-22,9.7,26.2,30.2,82,0,0.0
SEG_14,2024-08-23,12.1,32.1,27.0,83,0,0.0
SEG_14,2024-08-24,8.8,30.7,23.9,84,0,0.0
SEG_14,2024-08-25,9.2,30.2,20.2,85,0,0.0
SEG_14,2024-08-26,8.9,27.0,15.4,86,0,0.0
SEG_14,2024-08-27,5.8,23.9,22.2,87,0,0.0
SEG_14,2024-08-28,5.4,20.2,17.7,88,0,0.0
SEG_14,2024-08-29,4.2,15.4,22.6,89,0,0.0
SEG_14,2024-08-30,12.6,22.2,24.3,90,0,0.0
SEG_14,2024-08-31,0.9,17.7,40.3,91,0,0.0
SEG_14,2024-09-01,9.1,22.6,31.8,92,0,0.0
SEG_14,2024-09-02,14.3,24.3,23.4,93,0,0.0
SEG_14,2024-09-03,16.9,40.3,10.9,94,0,0.0
SEG_14,2024-09-04,0.6,31.8,15.8,95,0,0.0
SEG_14,2024-09-05,5.9,23.4,29.3,96,0,0.0
SEG_14,2024-09-06,4.4,10.9,29.3,97,0,0.0
SEG_14,2024-09-07,5.5,15.8,38.0,98,0,0.0
SEG_14,2024-09-08,19.4,29.3,27.8,99,0,0.0
SEG_14,2024-09-09,4.4,29.3,28.7,100,0,0.0
SEG_14,2024-09-10,14.2,38.0,19.4,101,0,0.0
SEG_14,2024-09-11,9.2,27.8,20.1,102,0,0.0
SEG_14,2024-09-12,5.3,28.7,22.5,103,0,0.0
SEG_14,2024-09-13,4.9,19.4,19.1,104,0,0.0
SEG_14,2024-09-14,9.9,20.1,12.8,105,0,0.0
SEG_14,2024-09-15,7.7,22.5,15.1,106,0,0.0
SEG_14,2024-09-16,1.5,19.1,16.3,107,0,0.0
SEG_14,2024-09-17,3.6,12.8,28.4,108,0,0.0
SEG_14,2024-09-18,10.1,15.1,20.3,109,0,0.0
SEG_14,2024-09-19,2.7,16.3,24.2,110,0,0.0
SEG_14,2024-09-20,15.7,28.4,21.4,111,0,0.0
SEG_14,2024-09-21,2.0,20.3,22.7,112,0,0.0
SEG_14,2024-09-22,6.6,24.2,18.7,113,0,0.0
SEG_14,2024-09-23,12.9,21.4,17.1,114,0,0.0
SEG_14,2024-09-24,3.3,22.7,28.3,115,0,0.0
SEG_14,2024-09-25,2.5,18.7,32.8,116,0,0.0
SEG_14,2024-09-26,11.3,17.1,27.3,117,0,0.0
SEG_14,2024-09-27,14.6,28.3,14.6,118,0,0.0
SEG_14,2024-09-28,6.9,32.8,32.8,119,0,0.0
SEG_14,2024-09-29,5.8,27.3,27.3,120,0,0.0
SEG_14,2024-09-30,1.9,14.6,14.6,121,0,0.0
SEG_14,2025-06-01,1.1,1.1,46.6,0,0,0.0
SEG_14,2025-06-02,14.9,16.0,46.4,1,0,0.0
SEG_14,2025-06-03,25.6,41.6,47.0,2,0,0.0
SEG_14,2025-06-04,6.1,46.6,56.0,3,0,0.0
SEG_14,2025-06-05,14.7,46.4,49.7,4,0,0.0
SEG_14,2025-06-06,26.3,47.0,24.5,5,0,0.0
SEG_14,2025-06-07,15.0,56.0,16.0,6,0,0.0
SEG_14,2025-06-08,8.5,49.7,12.6,7,0,0.0
SEG_14,2025-06-09,1.0,24.5,14.5,8,0,0.0
SEG_14,2025-06-10,6.5,16.0,8.8,9,0,0.0
SEG_14,2025-06-11,5.1,12.6,12.6,10,0,0.0
SEG_14,2025-06-12,3.0,14.5,15.1,11,0,0.0
SEG_14,2025-06-13,0.8,8.8,20.0,12,0,0.0
SEG_14,2025-06-14,8.9,12.6,16.8,13,0,0.0
SEG_14,2025-06-15,5.4,15.1,14.8,14,0,0.0
SEG_14,2025-06-16,5.7,20.0,31.5,15,0,0.0
SEG_14,2025-06-17,5.7,16.8,35.7,16,0,0.0
SEG_14,2025-06-18,3.4,14.8,42.8,17,0,0.0
SEG_14,2025-06-19,22.4,31.5,28.7,18,0,0.0
SEG_14,2025-06-20,9.8,35.7,31.5,19,0,0.0
SEG_14,2025-06-21,10.5,42.8,43.2,20,0,0.0
SEG_14,2025-06-22,8.4,28.7,64.2,21,0,0.0
SEG_14,2025-06-23,12.6,31.5,85.9,22,0,0.0
SEG_14,2025-06-24,22.3,43.2,75.4,23,0,0.0
SEG_14,2025-06-25,29.3,64.2,51.6,24,0,0.0
SEG_14,2025-06-26,34.3,85.9,28.4,25,0,0.0
SEG_14,2025-06-27,11.8,75.4,34.5,26,0,0.0
SEG_14,2025-06-28,5.5,51.6,47.0,27,0,0.0
SEG_14,2025-06-29,11.1,28.4,55.7,28,0,0.0
SEG_14,2025-06-30,17.9,34.5,60.2,29,0,0.0
SEG_14,2025-07-01,18.0,47.0,51.6,30,0,0.0
SEG_14,2025-07-02,19.9,55.7,62.8,31,0,0.0
SEG_14,2025-07-03,22.4,60.2,57.3,32,0,0.0
SEG_14,2025-07-04,9.3,51.6,49.4,33,0,0.0
SEG_14,2025-07-05,31.1,62.8,31.8,34,0,0.0
SEG_14,2025-07-06,16.9,57.3,28.3,35,0,0.0
SEG_14,2025-07-07,1.4,49.4,30.4,36,0,0.0
SEG_14,2025-07-08,13.4,31.8,30.2,37,0,0.0
SEG_14,2025-07-09,13.5,28.3,32.1,38,0,0.0
SEG_14,2025-07-10,3.5,30.4,34.8,39,0,0.0
SEG_14,2025-07-11,13.3,30.2,32.1,40,0,0.0
SEG_14,2025-07-12,15.3,32.1,25.4,41,0,0.0
SEG_14,2025-07-13,6.2,34.8,44.1,42,0,0.0
SEG_14,2025-07-14,10.6,32.1,44.0,43,0,0.0
SEG_14,2025-07-15,8.7,25.4,65.3,44,0,0.0
SEG_14,2025-07-16,24.9,44.1,57.4,45,0,0.0
SEG_14,2025-07-17,10.4,44.0,57.3,46,0,0.0
SEG_14,2025-07-18,30.0,65.3,43.5,47,0,0.0
SEG_14,2025-07-19,17.0,57.4,34.8,48,0,0.0
SEG_14,2025-07-20,10.3,57.3,29.6,49,0,0.0
SEG_14,2025-07-21,16.2,43.5,24.9,50,0,0.0
SEG_14,2025-07-22,8.3,34.8,34.3,51,0,0.0
SEG_14,2025-07-23,5.1,29.6,39.6,52,0,0.0
SEG_14,2025-07-24,11.5,24.9,29.7,53,0,0.0
SEG_14,2025-07-25,17.6,34.3,49.7,54,0,0.0
SEG_14,2025-07-26,10.5,39.6,57.1,55,0,0.0
SEG_14,2025-07-27,1.7,29.7,63.9,56,0,0.0
SEG_14,2025-07-28,37.5,49.7,35.9,57,0,0.0
SEG_14,2025-07-29,17.9,57.1,31.6,58,0,0.0
SEG_14,2025-07-30,8.4,63.9,33.9,59,0,0.0
SEG_14,2025-07-31,9.6,35.9,53.2,60,0,0.0
SEG_14,2025-08-01,13.6,31.6,53.3,61,0,0.0
SEG_14,2025-08-02,10.8,33.9,54.8,62,0,0.0
SEG_14,2025-08-03,28.8,53.2,28.4,63,0,0.0
SEG_14,2025-08-04,13.7,53.3,17.0,64,0,0.0
SEG_14,2025-08-05,12.2,54.8,27.0,65,0,0.0
SEG_14,2025-08-06,2.5,28.4,44.3,66,0,0.0
SEG_14,2025-08-07,2.3,17.0,47.7,67,0,0.0
SEG_14,2025-08-08,22.2,27.0,29.3,68,0,0.0
SEG_14,2025-08-09,19.8,44.3,36.7,69,0,0.0
SEG_14,2025-08-10,5.7,47.7,35.1,70,0,0.0
SEG_14,2025-08-11,3.8,29.3,34.2,71,0,0.0
SEG_14,2025-08-12,27.2,36.7,11.1,72,0,0.0
SEG_14,2025-08-13,4.0,35.1,20.3,73,0,0.0
SEG_14,2025-08-14,2.9,34.2,55.7,74,0,0.0
SEG_14,2025-08-15,4.2,11.1,57.6,75,0,0.0
SEG_14,2025-08-16,13.2,20.3,66.4,76,0,0.0
SEG_14,2025-08-17,38.4,55.7,38.7,77,0,0.0
SEG_14,2025-08-18,6.0,57.6,33.9,78,0,0.0
SEG_14,2025-08-19,22.0,66.4,18.1,79,0,0.0
SEG_14,2025-08-20,10.7,38.7,27.4,80,0,0.0
SEG_14,2025-08-21,1.3,33.9,45.4,81,0,0.0
SEG_14,2025-08-22,6.2,18.1,44.6,82,0,0.0
SEG_14,2025-08-23,20.0,27.4,41.0,83,0,0.0
SEG_14,2025-08-24,19.2,45.4,30.7,84,0,0.0
SEG_14,2025-08-25,5.5,44.6,38.0,85,0,0.0
SEG_14,2025-08-26,16.4,41.0,44.5,86,0,0.0
SEG_14,2025-08-27,8.9,30.7,41.3,87,0,0.0
SEG_14,2025-08-28,12.8,38.0,35.6,88,0,0.0
SEG_14,2025-08-29,22.8,44.5,35.9,89,0,0.0
SEG_14,2025-08-30,5.7,41.3,66.1,90,0,0.0
SEG_14,2025-08-31,7.1,35.6,77.2,91,0,0.0
SEG_14,2025-09-01,23.1,35.9,66.3,92,0,0.0
SEG_14,2025-09-02,35.8,66.1,48.7,93,0,0.0
SEG_14,2025-09-03,18.3,77.2,36.5,94,0,0.0
SEG_14,2025-09-04,12.2,66.3,34.5,95,0,0.0
SEG_14,2025-09-05,18.2,48.7,18.7,96,0,0.0
SEG_14,2025-09-06,6.2,36.5,18.8,97,0,0.0
SEG_14,2025-09-07,10.2,34.5,22.0,98,0,0.0
SEG_14,2025-09-08,2.3,18.7,31.0,99,0,0.0
SEG_14,2025-09-09,6.3,18.8,25.5,100,0,0.0
SEG_14,2025-09-10,13.4,22.0,20.2,101,0,0.0
SEG_14,2025-09-11,11.3,31.0,20.0,102,0,0.0
SEG_14,2025-09-12,0.8,25.5,30.7,103,0,0.0
SEG_14,2025-09-13,8.1,20.2,25.5,104,0,0.0
SEG_14,2025-09-14,11.2,20.0,31.0,105,0,0.0
SEG_14,2025-09-15,11.5,30.7,51.9,106,0,0.0
SEG_14,2025-09-16,2.9,25.5,67.1,107,0,0.0
SEG_14,2025-09-17,16.6,31.0,60.7,108,0,0.0
SEG_14,2025-09-18,32.5,51.9,55.9,109,0,0.0
SEG_14,2025-09-19,18.0,67.1,44.1,110,0,0.0
SEG_14,2025-09-20,10.2,60.7,49.0,111,0,0.0
SEG_14,2025-09-21,27.7,55.9,30.7,112,0,0.0
SEG_14,2025-09-22,6.2,44.1,52.4,113,0,0.0
SEG_14,2025-09-23,15.1,49.0,41.6,114,0,0.0
SEG_14,2025-09-24,9.4,30.7,36.5,115,0,0.0
SEG_14,2025-09-25,27.9,52.4,32.1,116,0,0.0
SEG_14,2025-09-26,4.3,41.6,42.1,117,0,0.0
SEG_14,2025-09-27,4.3,36.5,62.6,118,0,0.0
SEG_14,2025-09-28,23.5,32.1,32.1,119,0,0.0
SEG_14,2025-09-29,14.3,42.1,42.1,120,0,0.0
SEG_14,2025-09-30,24.8,62.6,62.6,121,0,0.0
SEG_15,2023-06-01,1.2,1.2,37.4,0,0,0.0
SEG_15,2023-06-02,10.1,11.2,34.6,1,0,0.0
SEG_15,2023-06-03,14.1,25.3,37.1,2,0,0.0
SEG_15,2023-06-04,13.3,37.4,45.7,3,0,0.0
SEG_15,2023-06-05,7.2,34.6,40.7,4,0,0.0
SEG_15,2023-06-06,16.6,37.1,26.2,5,0,0.0
SEG_15,2023-06-07,21.9,45.7,17.9,6,0,0.0
SEG_15,2023-06-08,2.3,40.7,33.2,7,0,0.0
SEG_15,2023-06-09,2.1,26.2,37.5,8,0,0.0
SEG_15,2023-06-10,13.6,17.9,25.2,9,0,0.0
SEG_15,2023-06-11,17.6,33.2,17.9,10,0,0.0
SEG_15,2023-06-12,6.4,37.5,24.9,11,0,0.0
SEG_15,2023-06-13,1.2,25.2,31.8,12,0,0.0
SEG_15,2023-06-14,10.2,17.9,41.8,13,0,0.0
SEG_15,2023-06-15,13.4,24.9,41.3,14,0,0.0
SEG_15,2023-06-16,8.2,31.8,38.9,15,0,0.0
SEG_15,2023-06-17,20.2,41.8,25.1,16,0,0.0
SEG_15,2023-06-18,12.8,41.3,22.6,17,0,0.0
SEG_15,2023-06-19,5.9,38.9,24.5,18,0,0.0
SEG_15,2023-06-20,6.4,25.1,20.1,19,0,0.0
SEG_15,2023-06-21,10.4,22.6,21.8,20,0,0.0
SEG_15,2023-06-22,7.8,24.5,20.5,21,0,0.0
SEG_15,2023-06-23,1.9,20.1,26.0,22,0,0.0
SEG_15,2023-06-24,12.1,21.8,18.1,23,0,0.0
SEG_15,2023-06-25,6.5,20.5,39.2,24,0,0.0
SEG_15,2023-06-26,7.4,26.0,47.4,25,0,0.0
SEG_15,2023-06-27,4.2,18.1,75.3,26,0,0.0
SEG_15,2023-06-28,27.6,39.2,55.9,27,1,0.0
SEG_15,2023-06-29,15.6,47.4,56.5,28,1,1.0
SEG_15,2023-06-30,32.1,75.3,36.6,29,1,2.0
SEG_15,2023-07-01,8.2,55.9,34.5,30,0,3.0
SEG_15,2023-07-02,16.2,56.5,26.4,31,0,3.0
SEG_15,2023-07-03,12.2,36.6,29.8,32,0,3.0
SEG_15,2023-07-04,6.1,34.5,27.9,33,0,3.0
SEG_15,2023-07-05,8.1,26.4,40.1,34,0,3.0
SEG_15,2023-07-06,15.6,29.8,36.0,35,0,3.0
SEG_15,2023-07-07,4.2,27.9,50.5,36,0,3.0
SEG_15,2023-07-08,20.4,40.1,43.6,37,0,3.0
SEG_15,2023-07-09,11.5,36.0,34.4,38,0,3.0
SEG_15,2023-07-10,18.6,50.5,25.8,39,0,3.0
SEG_15,2023-07-11,13.5,43.6,33.0,40,0,3.0
SEG_15,2023-07-12,2.3,34.4,42.1,41,0,3.0
SEG_15,2023-07-13,10.1,25.8,42.3,42,0,2.0
SEG_15,2023-07-14,20.7,33.0,33.0,43,0,1.0
SEG_15,2023-07-15,11.4,42.1,23.4,44,0,0.0
SEG_15,2023-07-16,10.3,42.3,35.2,45,0,0.0
SEG_15,2023-07-17,11.4,33.0,24.7,46,0,0.0
SEG_15,2023-07-18,1.8,23.4,48.1,47,0,0.0
SEG_15,2023-07-19,22.1,35.2,33.8,48,0,0.0
SEG_15,2023-07-20,0.9,24.7,47.0,49,0,0.0
SEG_15,2023-07-21,25.2,48.1,23.4,50,0,0.0
SEG_15,2023-07-22,7.7,33.8,33.1,51,0,0.0
SEG_15,2023-07-23,14.1,47.0,34.5,52,0,0.0
SEG_15,2023-07-24,1.6,23.4,47.7,53,0,0.0
SEG_15,2023-07-25,17.4,33.1,31.8,54,0,0.0
SEG_15,2023-07-26,15.4,34.5,21.7,55,0,0.0
SEG_15,2023-07-27,14.8,47.7,20.4,56,1,0.0
SEG_15,2023-07-28,1.5,31.8,40.6,57,1,1.0
SEG_15,2023-07-29,5.4,21.7,39.9,58,0,2.0
SEG_15,2023-07-30,13.5,20.4,31.2,59,0,2.0
SEG_15,2023-07-31,21.7,40.6,22.4,60,0,2.0
SEG_15,2023-08-01,4.7,39.9,61.0,61,0,2.0
SEG_15,2023-08-02,4.8,31.2,62.3,62,0,2.0
SEG_15,2023-08-03,12.9,22.4,57.1,63,0,2.0
SEG_15,2023-08-04,43.3,61.0,20.6,64,0,2.0
SEG_15,2023-08-05,6.1,62.3,23.8,65,0,2.0
SEG_15,2023-08-06,7.6,57.1,39.0,66,0,2.0
SEG_15,2023-08-07,6.8,20.6,41.9,67,0,2.0
SEG_15,2023-08-08,9.3,23.8,78.6,68,0,2.0
SEG_15,2023-08-09,22.8,39.0,66.8,69,0,2.0
SEG_15,2023-08-10,9.7,41.9,81.4,70,0,2.0
SEG_15,2023-08-11,46.0,78.6,43.5,71,0,1.0
SEG_15,2023-08-12,11.1,66.8,35.8,72,0,0.0
SEG_15,2023-08-13,24.3,81.4,21.2,73,0,0.0
SEG_15,2023-08-14,8.1,43.5,28.1,74,0,0.0
SEG_15,2023-08-15,3.4,35.8,30.1,75,0,0.0
SEG_15,2023-08-16,9.7,21.2,42.2,76,0,0.0
SEG_15,2023-08-17,15.0,28.1,34.3,77,0,0.0
SEG_15,2023-08-18,5.4,30.1,33.0,78,0,0.0
SEG_15,2023-08-19,21.8,42.2,51.7,79,0,0.0
SEG_15,2023-08-20,7.0,34.3,49.9,80,0,0.0
SEG_15,2023-08-21,4.2,33.0,52.6,81,0,0.0
SEG_15,2023-08-22,40.5,51.7,28.8,82,0,0.0
SEG_15,2023-08-23,5.2,49.9,31.5,83,0,0.0
SEG_15,2023-08-24,6.9,52.6,28.9,84,0,0.0
SEG_15,2023-08-25,16.7,28.8,18.5,85,0,0.0
SEG_15,2023-08-26,7.9,31.5,44.1,86,0,0.0
SEG_15,2023-08-27,4.3,28.9,55.1,87,0,0.0
SEG_15,2023-08-28,6.3,18.5,66.3,88,0,0.0
SEG_15,2023-08-29,33.4,44.1,45.3,89,0,0.0
SEG_15,2023-08-30,15.3,55.1,43.9,90,0,0.0
SEG_15,2023-08-31,17.5,66.3,33.8,91,0,0.0
SEG_15,2023-09-01,12.4,45.3,32.7,92,0,0.0
SEG_15,2023-09-02,14.0,43.9,20.1,93,0,0.0
SEG_15,2023-09-03,7.4,33.8,32.5,94,0,0.0
SEG_15,2023-09-04,11.3,32.7,28.5,95,0,0.0
SEG_15,2023-09-05,1.4,20.1,30.8,96,0,0.0
SEG_15,2023-09-06,19.8,32.5,22.9,97,0,0.0
SEG_15,2023-09-07,7.4,28.5,24.3,98,0,0.0
SEG_15,2023-09-08,3.7,30.8,39.9,99,0,0.0
SEG_15,2023-09-09,11.8,22.9,38.0,100,0,0.0
SEG_15,2023-09-10,8.8,24.3,35.4,101,0,0.0
SEG_15,2023-09-11,19.3,39.9,26.1,102,1,0.0
SEG_15,2023-09-12,9.9,38.0,42.4,103,1,1.0
SEG_15,2023-09-13,6.2,35.4,55.9,104,1,2.0
SEG_15,2023-09-14,10.1,26.1,61.2,105,0,3.0
SEG_15,2023-09-15,26.2,42.4,55.3,106,0,3.0
SEG_15,2023-09-16,19.7,55.9,51.8,107,0,3.0
SEG_15,2023-09-17,15.3,61.2,41.3,108,0,3.0
SEG_15,2023-09-18,20.3,55.3,38.6,109,1,3.0
SEG_15,2023-09-19,16.1,51.8,44.4,110,1,4.0
SEG_15,2023-09-20,4.9,41.3,62.3,111,1,5.0
SEG_15,2023-09-21,17.6,38.6,48.7,112,0,6.0
SEG_15,2023-09-22,21.9,44.4,33.7,113,0,6.0
SEG_15,2023-09-23,22.8,62.3,17.0,114,0,6.0
SEG_15,2023-09-24,4.0,48.7,21.0,115,0,6.0
SEG_15,2023-09-25,6.9,33.7,28.3,116,0,6.0
SEG_15,2023-09-26,6.1,17.0,33.8,117,0,5.0
SEG_15,2023-09-27,8.0,21.0,37.4,118,0,4.0
SEG_15,2023-09-28,14.2,28.3,28.3,119,0,3.0
SEG_15,2023-09-29,11.6,33.8,33.8,120,0,3.0
SEG_15,2023-09-30,11.6,37.4,37.4,121,0,3.0
SEG_15,2024-06-01,3.3,3.3,44.2,0,0,3.0
SEG_15,2024-06-02,22.9,26.2,31.4,1,0,3.0
SEG_15,2024-06-03,12.8,39.0,20.6,2,0,2.0
SEG_15,2024-06-04,8.6,44.2,17.9,3,0,1.0
SEG_15,2024-06-05,10.1,31.4,23.9,4,0,0.0
SEG_15,2024-06-06,1.9,20.6,23.8,5,0,0.0
SEG_15,2024-06-07,5.9,17.9,19.7,6,0,0.0
SEG_15,2024-06-08,16.2,23.9,16.3,7,0,0.0
SEG_15,2024-06-09,1.8,23.8,24.2,8,0,0.0
SEG_15,2024-06-10,1.7,19.7,24.2,9,0,0.0
SEG_15,2024-06-11,12.8,16.3,16.9,10,0,0.0
SEG_15,2024-06-12,9.6,24.2,15.8,11,0,0.0
SEG_15,2024-06-13,1.8,24.2,21.9,12,0,0.0
SEG_15,2024-06-14,5.5,16.9,25.4,13,0,0.0
SEG_15,2024-06-15,8.6,15.8,22.0,14,0,0.0
SEG_15,2024-06-16,7.8,21.9,22.3,15,0,0.0
SEG_15,2024-06-17,9.1,25.4,24.1,16,0,0.0
SEG_15,2024-06-18,5.2,22.0,29.2,17,0,0.0
SEG_15,2024-06-19,8.1,22.3,26.3,18,0,0.0
SEG_15,2024-06-20,10.8,24.1,27.0,19,0,0.0
SEG_15,2024-06-21,10.2,29.2,19.8,20,0,0.0
SEG_15,2024-06-22,5.3,26.3,18.5,21,0,0.0
SEG_15,2024-06-23,11.5,27.0,19.8,22,0,0.0
SEG_15,2024-06-24,3.0,19.8,28.2,23,0,0.0
SEG_15,2024-06-25,4.0,18.5,29.8,24,0,0.0
SEG_15,2024-06-26,12.8,19.8,21.0,25,0,0.0
SEG_15,2024-06-27,11.4,28.2,14.0,26,0,0.0
SEG_15,2024-06-28,5.7,29.8,18.8,27,0,0.0
SEG_15,2024-06-29,3.9,21.0,24.0,28,0,0.0
SEG_15,2024-06-30,4.4,14.0,23.3,29,0,0.0
SEG_15,2024-07-01,10.5,18.8,24.2,30,0,0.0
SEG_15,2024-07-02,9.1,24.0,20.5,31,0,0.0
SEG_15,2024-07-03,3.7,23.3,19.9,32,0,0.0
SEG_15,2024-07-04,11.3,24.2,13.3,33,0,0.0
SEG_15,2024-07-05,5.5,20.5,15.1,34,0,0.0
SEG_15,2024-07-06,3.1,19.9,23.1,35,0,0.0
SEG_15,2024-07-07,4.8,13.3,28.9,36,0,0.0
SEG_15,2024-07-08,7.3,15.1,27.9,37,0,0.0
SEG_15,2024-07-09,11.0,23.1,24.8,38,0,0.0
SEG_15,2024-07-10,10.5,28.9,20.1,39,0,0.0
SEG_15,2024-07-11,6.3,27.9,17.6,40,0,0.0
SEG_15,2024-07-12,7.9,24.8,16.1,41,0,0.0
SEG_15,2024-07-13,5.9,20.1,11.4,42,0,0.0
SEG_15,2024-07-14,3.7,17.6,25.3,43,0,0.0
SEG_15,2024-07-15,6.5,16.1,26.6,44,0,0.0
SEG_15,2024-07-16,1.2,11.4,34.8,45,0,0.0
SEG_15,2024-07-17,17.7,25.3,21.1,46,0,0.0
SEG_15,2024-07-18,7.8,26.6,21.0,47,0,0.0
SEG_15,2024-07-19,9.4,34.8,20.3,48,0,0.0
SEG_15,2024-07-20,3.9,21.1,22.1,49,0,0.0
SEG_15,2024-07-21,7.7,21.0,20.3,50,0,0.0
SEG_15,2024-07-22,8.7,20.3,13.8,51,0,0.0
SEG_15,2024-07-23,5.7,22.1,29.6,52,0,0.0
SEG_15,2024-07-24,5.9,20.3,27.5,53,0,0.0
SEG_15,2024-07-25,2.2,13.8,29.6,54,0,0.0
SEG_15,2024-07-26,21.5,29.6,26.5,55,0,0.0
SEG_15,2024-07-27,3.8,27.5,32.4,56,0,0.0
SEG_15,2024-07-28,4.2,29.6,39.2,57,0,0.0
SEG_15,2024-07-29,18.4,26.5,22.8,58,0,0.0
SEG_15,2024-07-30,9.7,32.4,20.8,59,0,0.0
SEG_15,2024-07-31,11.1,39.2,11.8,60,0,0.0
SEG_15,2024-08-01,2.0,22.8,13.1,61,0,0.0
SEG_15,2024-08-02,7.7,20.8,29.0,62,0,0.0
SEG_15,2024-08-03,2.1,11.8,29.8,63,0,0.0
SEG_15,2024-08-04,3.4,13.1,37.1,64,0,0.0
SEG_15,2024-08-05,23.6,29.0,16.7,65,0,0.0
SEG_15,2024-08-06,2.8,29.8,17.3,66,0,0.0
SEG_15,2024-08-07,10.7,37.1,39.6,67,0,0.0
SEG_15,2024-08-08,3.1,16.7,42.8,68,0,0.0
SEG_15,2024-08-09,3.4,17.3,41.3,69,0,0.0
SEG_15,2024-08-10,33.0,39.6,19.3,70,0,0.0
SEG_15,2024-08-11,6.3,42.8,28.4,71,0,0.0
SEG_15,2024-08-12,1.9,41.3,38.2,72,0,0.0
SEG_15,2024-08-13,11.1,19.3,33.1,73,0,0.0
SEG_15,2024-08-14,15.4,28.4,23.7,74,0,0.0
SEG_15,2024-08-15,11.8,38.2,16.4,75,0,0.0
SEG_15,2024-08-16,5.9,33.1,13.1,76,0,0.0
SEG_15,2024-08-17,6.1,23.7,15.6,77,0,0.0
SEG_15,2024-08-18,4.5,16.4,16.8,78,0,0.0
SEG_15,2024-08-19,2.5,13.1,16.4,79,0,0.0
SEG_15,2024-08-20,8.6,15.6,14.2,80,0,0.0
SEG_15,2024-08-21,5.7,16.8,12.4,81,0,0.0
SEG_15,2024-08-22,2.1,16.4,18.6,82,0,0.0
SEG_15,2024-08-23,6.4,14.2,19.8,83,0,0.0
SEG_15,2024-08-24,3.8,12.4,21.1,84,0,0.0
SEG_15,2024-08-25,8.3,18.6,19.5,85,0,0.0
SEG_15,2024-08-26,7.7,19.8,18.9,86,0,0.0
SEG_15,2024-08-27,5.1,21.1,26.6,87,0,0.0
SEG_15,2024-08-28,6.7,19.5,26.4,88,0,0.0
SEG_15,2024-08-29,7.1,18.9,23.8,89,0,0.0
SEG_15,2024-08-30,12.8,26.6,16.5,90,0,0.0
SEG_15,2024-08-31,6.5,26.4,30.5,91,0,0.0
SEG_15,2024-09-01,4.6,23.8,29.1,92,0,0.0
SEG_15,2024-09-02,5.5,16.5,29.4,93,0,0.0
SEG_15,2024-09-03,20.5,30.5,14.7,94,0,0.0
SEG_15,2024-09-04,3.2,29.1,17.4,95,0,0.0
SEG_15,2024-09-05,5.8,29.4,14.1,96,0,0.0
SEG_15,2024-09-06,5.7,14.7,13.8,97,0,0.0
SEG_15,2024-09-07,5.9,17.4,12.3,98,0,0.0
SEG_15,2024-09-08,2.5,14.1,18.1,99,0,0.0
SEG_15,2024-09-09,5.5,13.8,26.7,100,0,0.0
SEG_15,2024-09-10,4.4,12.3,31.0,101,0,0.0
SEG_15,2024-09-11,8.2,18.1,30.1,102,0,0.0
SEG_15,2024-09-12,14.1,26.7,25.3,103,0,0.0
SEG_15,2024-09-13,8.7,31.0,24.4,104,0,0.0
SEG_15,2024-09-14,7.3,30.1,23.8,105,0,0.0
SEG_15,2024-09-15,9.3,25.3,26.9,106,0,0.0
SEG_15,2024-09-16,7.8,24.4,24.5,107,0,0.0
SEG_15,2024-09-17,6.6,23.8,20.3,108,0,0.0
SEG_15,2024-09-18,12.5,26.9,12.0,109,0,0.0
SEG_15,2024-09-19,5.4,24.5,10.5,110,0,0.0
SEG_15,2024-09-20,2.4,20.3,32.2,111,0,0.0
SEG_15,2024-09-21,4.3,12.0,42.5,112,0,0.0
SEG_15,2024-09-22,3.8,10.5,46.1,113,0,0.0
SEG_15,2024-09-23,24.1,32.2,25.9,114,0,0.0
SEG_15,2024-09-24,14.6,42.5,23.6,115,0,0.0
SEG_15,2024-09-25,7.4,46.1,23.4,116,0,0.0
SEG_15,2024-09-26,3.9,25.9,24.9,117,0,0.0
SEG_15,2024-09-27,12.4,23.6,19.7,118,0,0.0
SEG_15,2024-09-28,7.2,23.4,23.4,119,0,0.0
SEG_15,2024-09-29,5.4,24.9,24.9,120,0,0.0
SEG_15,2024-09-30,7.2,19.7,19.7,121,0,0.0
SEG_15,2025-06-01,12.6,12.6,36.9,0,0,0.0
SEG_15,2025-06-02,11.6,24.2,52.6,1,0,0.0
SEG_15,2025-06-03,23.6,47.7,30.3,2,0,0.0
SEG_15,2025-06-04,1.8,36.9,67.8,3,0,0.0
SEG_15,2025-06-05,27.2,52.6,78.7,4,0,0.0
SEG_15,2025-06-06,1.2,30.3,94.7,5,0,0.0
SEG_15,2025-06-07,39.3,67.8,82.6,6,0,0.0
SEG_15,2025-06-08,38.1,78.7,85.7,7,0,0.0
SEG_15,2025-06-09,17.3,94.7,82.0,8,0,0.0
SEG_15,2025-06-10,27.2,82.6,88.3,9,0,0.0
SEG_15,2025-06-11,41.2,85.7,50.4,10,0,0.0
SEG_15,2025-06-12,13.6,82.0,70.9,11,0,0.0
SEG_15,2025-06-13,33.5,88.3,45.5,12,0,0.0
SEG_15,2025-06-14,3.4,50.4,53.3,13,0,0.0
SEG_15,2025-06-15,34.0,70.9,25.6,14,0,0.0
SEG_15,2025-06-16,8.1,45.5,34.5,15,0,0.0
SEG_15,2025-06-17,11.1,53.3,61.7,16,0,0.0
SEG_15,2025-06-18,6.3,25.6,61.0,17,0,0.0
SEG_15,2025-06-19,17.1,34.5,58.1,18,0,0.0
SEG_15,2025-06-20,38.3,61.7,24.4,19,0,0.0
SEG_15,2025-06-21,5.6,61.0,36.6,20,0,0.0
SEG_15,2025-06-22,14.2,58.1,88.7,21,0,0.0
SEG_15,2025-06-23,4.6,24.4,101.0,22,0,0.0
SEG_15,2025-06-24,17.8,36.6,88.9,23,0,0.0
SEG_15,2025-06-25,66.4,88.7,26.2,24,0,0.0
SEG_15,2025-06-26,16.9,101.0,23.1,25,0,0.0
SEG_15,2025-06-27,5.7,88.9,35.5,26,0,0.0
SEG_15,2025-06-28,3.7,26.2,57.7,27,0,0.0
SEG_15,2025-06-29,13.7,23.1,65.4,28,0,0.0
SEG_15,2025-06-30,18.1,35.5,68.3,29,0,0.0
SEG_15,2025-07-01,25.9,57.7,51.8,30,0,0.0
SEG_15,2025-07-02,21.4,65.4,32.9,31,0,0.0
SEG_15,2025-07-03,21.0,68.3,23.7,32,0,0.0
SEG_15,2025-07-04,9.4,51.8,19.4,33,0,0.0
SEG_15,2025-07-05,2.5,32.9,53.9,34,0,0.0
SEG_15,2025-07-06,11.9,23.7,46.2,35,0,0.0
SEG_15,2025-07-07,5.1,19.4,59.5,36,0,0.0
SEG_15,2025-07-08,36.9,53.9,29.4,37,0,0.0
SEG_15,2025-07-09,4.2,46.2,53.9,38,0,0.0
SEG_15,2025-07-10,18.4,59.5,42.8,39,0,0.0
SEG_15,2025-07-11,6.8,29.4,49.6,40,0,0.0
SEG_15,2025-07-12,28.7,53.9,31.6,41,0,0.0
SEG_15,2025-07-13,7.3,42.8,54.4,42,0,0.0
SEG_15,2025-07-14,13.6,49.6,50.5,43,0,0.0
SEG_15,2025-07-15,10.7,31.6,67.9,44,0,0.0
SEG_15,2025-07-16,30.0,54.4,42.8,45,0,0.0
SEG_15,2025-07-17,9.8,50.5,46.1,46,0,0.0
SEG_15,2025-07-18,28.1,67.9,36.1,47,0,0.0
SEG_15,2025-07-19,4.9,42.8,39.9,48,0,0.0
SEG_15,2025-07-20,13.0,46.1,30.0,49,0,0.0
SEG_15,2025-07-21,18.2,36.1,29.0,50,0,0.0
SEG_15,2025-07-22,8.7,39.9,29.3,51,0,0.0
SEG_15,2025-07-23,3.2,30.0,52.2,52,0,0.0
SEG_15,2025-07-24,17.1,29.0,49.1,53,0,0.0
SEG_15,2025-07-25,9.0,29.3,51.5,54,0,0.0
SEG_15,2025-07-26,26.2,52.2,35.0,55,1,0.0
SEG_15,2025-07-27,14.0,49.1,31.2,56,1,1.0
SEG_15,2025-07-28,11.4,51.5,22.9,57,0,2.0
SEG_15,2025-07-29,9.6,35.0,18.2,58,0,2.0
SEG_15,2025-07-30,10.2,31.2,15.3,59,1,2.0
SEG_15,2025-07-31,3.1,22.9,63.9,60,0,3.0
SEG_15,2025-08-01,4.9,18.2,68.5,61,0,3.0
SEG_15,2025-08-02,7.3,15.3,63.4,62,0,3.0
SEG_15,2025-08-03,51.7,63.9,38.7,63,0,3.0
SEG_15,2025-08-04,9.5,68.5,57.3,64,0,3.0
SEG_15,2025-08-05,2.1,63.4,59.7,65,0,3.0
SEG_15,2025-08-06,27.1,38.7,43.6,66,0,3.0
SEG_15,2025-08-07,28.1,57.3,32.2,67,0,3.0
SEG_15,2025-08-08,4.5,59.7,37.1,68,0,3.0
SEG_15,2025-08-09,11.1,43.6,47.2,69,0,3.0
SEG_15,2025-08-10,16.7,32.2,46.1,70,0,2.0
SEG_15,2025-08-11,9.3,37.1,57.7,71,0,1.0
SEG_15,2025-08-12,21.2,47.2,64.1,72,0,1.0
SEG_15,2025-08-13,15.6,46.1,50.4,73,0,1.0
SEG_15,2025-08-14,21.0,57.7,32.8,74,0,0.0
SEG_15,2025-08-15,27.5,64.1,17.8,75,0,0.0
SEG_15,2025-08-16,1.9,50.4,33.8,76,0,0.0
SEG_15,2025-08-17,3.4,32.8,41.1,77,0,0.0
SEG_15,2025-08-18,12.5,17.8,85.4,78,0,0.0
SEG_15,2025-08-19,18.0,33.8,75.3,79,0,0.0
SEG_15,2025-08-20,10.6,41.1,84.1,80,0,0.0
SEG_15,2025-08-21,56.8,85.4,58.2,81,0,0.0
SEG_15,2025-08-22,7.9,75.3,56.8,82,0,0.0
SEG_15,2025-08-23,19.4,84.1,42.9,83,0,0.0
SEG_15,2025-08-24,30.9,58.2,22.9,84,0,0.0
SEG_15,2025-08-25,6.5,56.8,23.8,85,0,0.0
SEG_15,2025-08-26,5.5,42.9,27.1,86,0,0.0
SEG_15,2025-08-27,11.0,22.9,30.2,87,0,0.0
SEG_15,2025-08-28,7.3,23.8,32.2,88,0,0.0
SEG_15,2025-08-29,8.8,27.1,37.6,89,0,0.0
SEG_15,2025-08-30,14.1,30.2,28.4,90,0,0.0
SEG_15,2025-08-31,9.3,32.2,48.3,91,0,0.0
SEG_15,2025-09-01,14.3,37.6,55.0,92,0,0.0
SEG_15,2025-09-02,4.9,28.4,97.6,93,0,0.0
SEG_15,2025-09-03,29.1,48.3,75.9,94,0,0.0
SEG_15,2025-09-04,21.0,55.0,78.5,95,0,0.0
SEG_15,2025-09-05,47.4,97.6,35.7,96,0,0.0
SEG_15,2025-09-06,7.5,75.9,42.5,97,0,0.0
SEG_15,2025-09-07,23.5,78.5,35.5,98,0,0.0
SEG_15,2025-09-08,4.7,35.7,33.9,99,0,0.0
SEG_15,2025-09-09,14.3,42.5,51.8,100,0,0.0
SEG_15,2025-09-10,16.5,35.5,61.6,101,0,0.0
SEG_15,2025-09-11,3.1,33.9,79.5,102,0,0.0
SEG_15,2025-09-12,32.2,51.8,52.3,103,0,0.0
SEG_15,2025-09-13,26.3,61.6,34.1,104,0,0.0
SEG_15,2025-09-14,21.0,79.5,41.7,105,0,0.0
SEG_15,2025-09-15,5.0,52.3,50.9,106,0,0.0
SEG_15,2025-09-16,8.2,34.1,54.8,107,0,0.0
SEG_15,2025-09-17,28.5,41.7,60.9,108,0,0.0
SEG_15,2025-09-18,14.2,50.9,62.7,109,0,0.0
SEG_15,2025-09-19,12.1,54.8,56.1,110,0,0.0
SEG_15,2025-09-20,34.6,60.9,49.7,111,0,0.0
SEG_15,2025-09-21,16.1,62.7,38.4,112,0,0.0
SEG_15,2025-09-22,5.4,56.1,47.3,113,0,0.0
SEG_15,2025-09-23,28.3,49.7,36.9,114,0,0.0
SEG_15,2025-09-24,4.8,38.4,56.3,115,0,0.0
SEG_15,2025-09-25,14.3,47.3,45.7,116,0,0.0
SEG_15,2025-09-26,17.8,36.9,29.0,117,0,0.0
SEG_15,2025-09-27,24.2,56.3,6.0,118,0,0.0
SEG_15,2025-09-28,3.7,45.7,45.7,119,0,0.0
SEG_15,2025-09-29,1.1,29.0,29.0,120,0,0.0
SEG_15,2025-09-30,1.2,6.0,6.0,121,0,0.0
SEG_16,2023-06-01,6.7,6.7,19.7,0,0,0.0
SEG_16,2023-06-02,6.8,13.5,17.9,1,0,0.0
SEG_16,2023-06-03,10.5,24.1,8.4,2,0,0.0
SEG_16,2023-06-04,2.3,19.7,16.0,3,0,0.0
SEG_16,2023-06-05,5.0,17.9,13.7,4,0,0.0
SEG_16,2023-06-06,1.1,8.4,24.2,5,0,0.0
SEG_16,2023-06-07,9.9,16.0,26.3,6,0,0.0
SEG_16,2023-06-08,2.7,13.7,29.0,7,1,0.0
SEG_16,2023-06-09,11.7,24.2,22.4,8,1,1.0
SEG_16,2023-06-10,11.9,26.3,12.1,9,1,2.0
SEG_16,2023-06-11,5.3,29.0,12.9,10,0,3.0
SEG_16,2023-06-12,5.1,22.4,18.3,11,0,3.0
SEG_16,2023-06-13,1.6,12.1,24.1,12,0,3.0
SEG_16,2023-06-14,6.2,12.9,32.8,13,0,3.0
SEG_16,2023-06-15,10.5,18.3,26.9,14,0,3.0
SEG_16,2023-06-16,7.5,24.1,23.9,15,0,3.0
SEG_16,2023-06-17,14.9,32.8,11.9,16,0,3.0
SEG_16,2023-06-18,4.5,26.9,28.9,17,0,3.0
SEG_16,2023-06-19,4.5,23.9,26.0,18,0,3.0
SEG_16,2023-06-20,2.9,11.9,33.1,19,0,3.0
SEG_16,2023-06-21,21.5,28.9,22.2,20,0,3.0
SEG_16,2023-06-22,1.6,26.0,30.9,21,1,3.0
SEG_16,2023-06-23,10.0,33.1,24.0,22,1,3.0
SEG_16,2023-06-24,10.6,22.2,18.7,23,0,3.0
SEG_16,2023-06-25,10.3,30.9,17.4,24,0,2.0
SEG_16,2023-06-26,3.1,24.0,18.0,25,0,2.0
SEG_16,2023-06-27,5.3,18.7,17.5,26,0,2.0
SEG_16,2023-06-28,9.0,17.4,12.2,27,0,2.0
SEG_16,2023-06-29,3.7,18.0,15.0,28,0,2.0
SEG_16,2023-06-30,4.8,17.5,16.4,29,0,2.0
SEG_16,2023-07-01,3.7,12.2,29.3,30,0,2.0
SEG_16,2023-07-02,6.5,15.0,32.0,31,0,2.0
SEG_16,2023-07-03,6.2,16.4,27.8,32,0,2.0
SEG_16,2023-07-04,16.7,29.3,13.3,33,0,2.0
SEG_16,2023-07-05,9.1,32.0,14.2,34,0,2.0
SEG_16,2023-07-06,2.0,27.8,18.4,35,0,2.0
SEG_16,2023-07-07,2.2,13.3,36.9,36,0,1.0
SEG_16,2023-07-08,10.1,14.2,47.4,37,0,0.0
SEG_16,2023-07-09,6.1,18.4,44.2,38,0,0.0
SEG_16,2023-07-10,20.7,36.9,31.0,39,0,0.0
SEG_16,2023-07-11,20.6,47.4,12.6,40,0,0.0
SEG_16,2023-07-12,2.8,44.2,19.7,41,0,0.0
SEG_16,2023-07-13,7.5,31.0,30.4,42,0,0.0
SEG_16,2023-07-14,2.2,12.6,35.0,43,0,0.0
SEG_16,2023-07-15,10.0,19.7,29.4,44,0,0.0
SEG_16,2023-07-16,18.2,30.4,19.3,45,0,0.0
SEG_16,2023-07-17,6.8,35.0,23.9,46,0,0.0
SEG_16,2023-07-18,4.4,29.4,31.0,47,0,0.0
SEG_16,2023-07-19,8.1,19.3,27.3,48,0,0.0
SEG_16,2023-07-20,11.4,23.9,19.5,49,0,0.0
SEG_16,2023-07-21,11.5,31.0,15.3,50,0,0.0
SEG_16,2023-07-22,4.4,27.3,15.5,51,0,0.0
SEG_16,2023-07-23,3.6,19.5,25.7,52,0,0.0
SEG_16,2023-07-24,7.2,15.3,23.1,53,0,0.0
SEG_16,2023-07-25,4.7,15.5,24.8,54,0,0.0
SEG_16,2023-07-26,13.8,25.7,19.0,55,0,0.0
SEG_16,2023-07-27,4.6,23.1,16.1,56,0,0.0
SEG_16,2023-07-28,6.4,24.8,13.5,57,0,0.0
SEG_16,2023-07-29,8.0,19.0,25.6,58,0,0.0
SEG_16,2023-07-30,1.7,16.1,35.0,59,0,0.0
SEG_16,2023-07-31,3.9,13.5,35.8,60,0,0.0
SEG_16,2023-08-01,20.1,25.6,25.7,61,0,0.0
SEG_16,2023-08-02,11.1,35.0,28.2,62,0,0.0
SEG_16,2023-08-03,4.6,35.8,28.8,63,0,0.0
SEG_16,2023-08-04,10.0,25.7,29.5,64,0,0.0
SEG_16,2023-08-05,13.6,28.2,25.6,65,0,0.0
SEG_16,2023-08-06,5.2,28.8,22.7,66,0,0.0
SEG_16,2023-08-07,10.7,29.5,17.1,67,0,0.0
SEG_16,2023-08-08,9.7,25.6,24.3,68,0,0.0
SEG_16,2023-08-09,2.2,22.7,41.8,69,0,0.0
SEG_16,2023-08-10,5.2,17.1,47.8,70,0,0.0
SEG_16,2023-08-11,16.9,24.3,34.6,71,0,0.0
SEG_16,2023-08-12,19.7,41.8,15.5,72,0,0.0
SEG_16,2023-08-13,11.2,47.8,7.7,73,0,0.0
SEG_16,2023-08-14,3.8,34.6,5.9,74,0,0.0
SEG_16,2023-08-15,0.6,15.5,23.1,75,0,0.0
SEG_16,2023-08-16,3.3,7.7,20.8,76,0,0.0
SEG_16,2023-08-17,1.9,5.9,21.1,77,0,0.0
SEG_16,2023-08-18,17.8,23.1,10.5,78,0,0.0
SEG_16,2023-08-19,1.1,20.8,15.5,79,0,0.0
SEG_16,2023-08-20,2.3,21.1,29.6,80,0,0.0
SEG_16,2023-08-21,7.1,10.5,31.8,81,0,0.0
SEG_16,2023-08-22,6.1,15.5,31.2,82,0,0.0
SEG_16,2023-08-23,16.4,29.6,28.7,83,1,0.0
SEG_16,2023-08-24,9.3,31.8,23.9,84,1,1.0
SEG_16,2023-08-25,5.5,31.2,35.7,85,1,2.0
SEG_16,2023-08-26,13.9,28.7,24.7,86,0,3.0
SEG_16,2023-08-27,4.5,23.9,26.2,87,0,3.0
SEG_16,2023-08-28,17.3,35.7,9.6,88,1,3.0
SEG_16,2023-08-29,3.0,24.7,18.2,89,1,4.0
SEG_16,2023-08-30,5.9,26.2,19.1,90,0,5.0
SEG_16,2023-08-31,0.7,9.6,35.7,91,0,5.0
SEG_16,2023-09-01,11.6,18.2,29.2,92,0,5.0
SEG_16,2023-09-02,6.8,19.1,24.0,93,0,5.0
SEG_16,2023-09-03,17.3,35.7,15.2,94,0,5.0
SEG_16,2023-09-04,5.0,29.2,14.1,95,0,5.0
SEG_16,2023-09-05,1.6,24.0,22.9,96,0,5.0
SEG_16,2023-09-06,8.5,15.2,17.4,97,0,5.0
SEG_16,2023-09-07,4.0,14.1,28.8,98,0,4.0
SEG_16,2023-09-08,10.4,22.9,24.8,99,0,3.0
SEG_16,2023-09-09,3.0,17.4,27.2,100,0,2.0
SEG_16,2023-09-10,15.3,28.8,26.6,101,0,2.0
SEG_16,2023-09-11,6.4,24.8,31.8,102,0,2.0
SEG_16,2023-09-12,5.5,27.2,29.7,103,0,1.0
SEG_16,2023-09-13,14.6,26.6,26.5,104,0,0.0
SEG_16,2023-09-14,11.7,31.8,24.7,105,0,0.0
SEG_16,2023-09-15,3.4,29.7,27.0,106,0,0.0
SEG_16,2023-09-16,11.4,26.5,26.4,107,0,0.0
SEG_16,2023-09-17,9.9,24.7,31.8,108,0,0.0
SEG_16,2023-09-18,5.7,27.0,31.9,109,0,0.0
SEG_16,2023-09-19,10.8,26.4,27.0,110,0,0.0
SEG_16,2023-09-20,15.3,31.8,17.4,111,0,0.0
SEG_16,2023-09-21,5.9,31.9,14.8,112,0,0.0
SEG_16,2023-09-22,5.9,27.0,14.7,113,0,0.0
SEG_16,2023-09-23,5.6,17.4,14.4,114,0,0.0
SEG_16,2023-09-24,3.3,14.8,16.2,115,0,0.0
SEG_16,2023-09-25,5.8,14.7,15.5,116,0,0.0
SEG_16,2023-09-26,5.3,14.4,12.4,117,0,0.0
SEG_16,2023-09-27,5.1,16.2,19.8,118,0,0.0
SEG_16,2023-09-28,5.0,15.5,15.5,119,1,0.0
SEG_16,2023-09-29,2.3,12.4,12.4,120,1,1.0
SEG_16,2023-09-30,12.5,19.8,19.8,121,0,2.0
SEG_16,2024-06-01,1.6,1.6,17.7,0,0,2.0
SEG_16,2024-06-02,6.7,8.3,13.4,1,0,2.0
SEG_16,2024-06-03,3.8,12.1,18.2,2,0,2.0
SEG_16,2024-06-04,7.2,17.7,16.9,3,0,2.0
SEG_16,2024-06-05,2.3,13.4,20.4,4,0,2.0
SEG_16,2024-06-06,8.6,18.2,24.6,5,0,2.0
SEG_16,2024-06-07,6.0,16.9,26.8,6,0,2.0
SEG_16,2024-06-08,5.8,20.4,24.8,7,0,2.0
SEG_16,2024-06-09,12.9,24.6,40.1,8,0,2.0
SEG_16,2024-06-10,8.2,26.8,68.2,9,0,2.0
SEG_16,2024-06-11,3.8,24.8,66.9,10,0,2.0
SEG_16,2024-06-12,28.2,40.1,45.2,11,1,2.0
SEG_16,2024-06-13,36.3,68.2,15.2,12,1,2.0
SEG_16,2024-06-14,2.4,66.9,16.3,13,0,2.0
SEG_16,2024-06-15,6.5,45.2,25.3,14,1,2.0
SEG_16,2024-06-16,6.2,15.2,20.1,15,0,3.0
SEG_16,2024-06-17,3.5,16.3,40.1,16,0,3.0
SEG_16,2024-06-18,15.5,25.3,32.8,17,0,3.0
SEG_16,2024-06-19,1.1,20.1,58.4,18,0,3.0
SEG_16,2024-06-20,23.5,40.1,42.5,19,0,3.0
SEG_16,2024-06-21,8.2,32.8,40.5,20,0,3.0
SEG_16,2024-06-22,26.6,58.4,30.3,21,0,3.0
SEG_16,2024-06-23,7.7,42.5,49.1,22,0,3.0
SEG_16,2024-06-24,6.2,40.5,66.6,23,0,3.0
SEG_16,2024-06-25,16.4,30.3,51.9,24,0,3.0
SEG_16,2024-06-26,26.5,49.1,45.1,25,0,3.0
SEG_16,2024-06-27,23.7,66.6,27.3,26,0,2.0
SEG_16,2024-06-28,1.6,51.9,32.8,27,0,1.0
SEG_16,2024-06-29,19.7,45.1,18.9,28,0,1.0
SEG_16,2024-06-30,6.0,27.3,17.8,29,0,0.0
SEG_16,2024-07-01,7.1,32.8,17.3,30,0,0.0
SEG_16,2024-07-02,5.9,18.9,14.8,31,0,0.0
SEG_16,2024-07-03,4.8,17.8,29.8,32,0,0.0
SEG_16,2024-07-04,6.6,17.3,36.2,33,0,0.0
SEG_16,2024-07-05,3.4,14.8,42.2,34,0,0.0
SEG_16,2024-07-06,19.8,29.8,28.3,35,0,0.0
SEG_16,2024-07-07,13.0,36.2,20.3,36,0,0.0
SEG_16,2024-07-08,9.4,42.2,21.8,37,0,0.0
SEG_16,2024-07-09,5.9,28.3,25.6,38,0,0.0
SEG_16,2024-07-10,5.1,20.3,37.7,39,0,0.0
SEG_16,2024-07-11,10.9,21.8,31.9,40,1,0.0
SEG_16,2024-07-12,9.6,25.6,27.0,41,1,1.0
SEG_16,2024-07-13,17.2,37.7,22.5,42,1,2.0
SEG_16,2024-07-14,5.1,31.9,31.9,43,0,3.0
SEG_16,2024-07-15,4.7,27.0,61.7,44,0,3.0
SEG_16,2024-07-16,12.6,22.5,50.6,45,0,3.0
SEG_16,2024-07-17,14.6,31.9,56.6,46,0,3.0
SEG_16,2024-07-18,34.5,61.7,30.9,47,0,3.0
SEG_16,2024-07-19,1.6,50.6,34.7,48,0,3.0
SEG_16,2024-07-20,20.5,56.6,25.2,49,0,3.0
SEG_16,2024-07-21,8.8,30.9,27.1,50,0,3.0
SEG_16,2024-07-22,5.4,34.7,27.3,51,1,3.0
SEG_16,2024-07-23,11.0,25.2,17.9,52,1,4.0
SEG_16,2024-07-24,10.7,27.1,27.8,53,1,5.0
SEG_16,2024-07-25,5.5,27.3,26.7,54,0,6.0
SEG_16,2024-07-26,1.7,17.9,28.8,55,0,5.0
SEG_16,2024-07-27,20.6,27.8,13.0,56,0,4.0
SEG_16,2024-07-28,4.4,26.7,22.7,57,0,3.0
SEG_16,2024-07-29,3.8,28.8,24.9,58,0,3.0
SEG_16,2024-07-30,4.8,13.0,25.0,59,0,3.0
SEG_16,2024-07-31,14.1,22.7,21.4,60,0,3.0
SEG_16,2024-08-01,6.1,24.9,24.8,61,0,3.0
SEG_16,2024-08-02,4.8,25.0,24.9,62,0,3.0
SEG_16,2024-08-03,10.5,21.4,16.0,63,0,3.0
SEG_16,2024-08-04,9.4,24.8,20.4,64,0,3.0
SEG_16,2024-08-05,4.9,24.9,25.1,65,0,3.0
SEG_16,2024-08-06,1.7,16.0,24.6,66,0,2.0
SEG_16,2024-08-07,13.8,20.4,33.3,67,0,1.0
SEG_16,2024-08-08,9.6,25.1,24.8,68,1,0.0
SEG_16,2024-08-09,1.1,24.6,27.8,69,1,1.0
SEG_16,2024-08-10,22.6,33.3,9.5,70,1,2.0
SEG_16,2024-08-11,1.1,24.8,13.4,71,1,3.0
SEG_16,2024-08-12,4.1,27.8,14.2,72,0,4.0
SEG_16,2024-08-13,4.3,9.5,12.5,73,0,4.0
SEG_16,2024-08-14,5.0,13.4,16.4,74,0,4.0
SEG_16,2024-08-15,4.9,14.2,27.0,75,1,4.0
SEG_16,2024-08-16,2.6,12.5,33.2,76,0,5.0
SEG_16,2024-08-17,8.9,16.4,34.3,77,0,5.0
SEG_16,2024-08-18,15.5,27.0,24.9,78,0,5.0
SEG_16,2024-08-19,8.8,33.2,24.7,79,0,5.0
SEG_16,2024-08-20,10.0,34.3,25.2,80,0,5.0
SEG_16,2024-08-21,6.2,24.9,32.1,81,0,5.0
SEG_16,2024-08-22,8.6,24.7,28.1,82,0,5.0
SEG_16,2024-08-23,10.5,25.2,21.6,83,0,4.0
SEG_16,2024-08-24,13.0,32.1,9.3,84,0,3.0
SEG_16,2024-08-25,4.5,28.1,31.8,85,0,2.0
SEG_16,2024-08-26,4.1,21.6,53.6,86,0,1.0
SEG_16,2024-08-27,0.7,9.3,60.4,87,0,1.0
SEG_16,2024-08-28,27.0,31.8,41.2,88,0,1.0
SEG_16,2024-08-29,25.9,53.6,36.8,89,0,1.0
SEG_16,2024-08-30,7.5,60.4,32.1,90,0,0.0
SEG_16,2024-08-31,7.8,41.2,27.9,91,0,0.0
SEG_16,2024-09-01,21.5,36.8,28.8,92,1,0.0
SEG_16,2024-09-02,2.7,32.1,32.2,93,1,1.0
SEG_16,2024-09-03,3.7,27.9,31.8,94,0,2.0
SEG_16,2024-09-04,22.4,28.8,20.3,95,0,2.0
SEG_16,2024-09-05,6.1,32.2,18.8,96,0,2.0
SEG_16,2024-09-06,3.3,31.8,35.4,97,0,2.0
SEG_16,2024-09-07,10.9,20.3,33.0,98,0,2.0
SEG_16,2024-09-08,4.6,18.8,33.1,99,0,2.0
SEG_16,2024-09-09,19.9,35.4,18.2,100,0,2.0
SEG_16,2024-09-10,8.5,33.0,20.2,101,0,2.0
SEG_16,2024-09-11,4.7,33.1,22.2,102,0,2.0
SEG_16,2024-09-12,4.9,18.2,23.3,103,0,2.0
SEG_16,2024-09-13,10.6,20.2,26.1,104,0,2.0
SEG_16,2024-09-14,6.7,22.2,41.1,105,0,2.0
SEG_16,2024-09-15,6.0,23.3,47.2,106,0,2.0
SEG_16,2024-09-16,13.4,26.1,38.1,107,0,1.0
SEG_16,2024-09-17,21.7,41.1,19.4,108,0,0.0
SEG_16,2024-09-18,12.1,47.2,20.2,109,0,0.0
SEG_16,2024-09-19,4.3,38.1,28.0,110,0,0.0
SEG_16,2024-09-20,3.1,19.4,30.6,111,0,0.0
SEG_16,2024-09-21,12.8,20.2,24.6,112,0,0.0
SEG_16,2024-09-22,12.1,28.0,17.0,113,1,0.0
SEG_16,2024-09-23,5.7,30.6,14.4,114,0,1.0
SEG_16,2024-09-24,6.8,24.6,12.4,115,0,1.0
SEG_16,2024-09-25,4.5,17.0,8.4,116,0,1.0
SEG_16,2024-09-26,3.1,14.4,22.7,117,0,1.0
SEG_16,2024-09-27,4.8,12.4,20.2,118,0,1.0
SEG_16,2024-09-28,0.5,8.4,8.4,119,0,1.0
SEG_16,2024-09-29,17.4,22.7,22.7,120,0,1.0
SEG_16,2024-09-30,2.3,20.2,20.2,121,0,1.0
SEG_16,2025-06-01,12.3,12.3,17.4,0,0,1.0
SEG_16,2025-06-02,10.2,22.5,23.9,1,1,1.0
SEG_16,2025-06-03,3.5,26.1,56.9,2,0,2.0
SEG_16,2025-06-04,3.7,17.4,64.1,3,0,2.0
SEG_16,2025-06-05,16.7,23.9,58.2,4,0,2.0
SEG_16,2025-06-06,36.5,56.9,42.7,5,0,2.0
SEG_16,2025-06-07,10.9,64.1,61.3,6,0,1.0
SEG_16,2025-06-08,10.8,58.2,58.6,7,0,1.0
SEG_16,2025-06-09,21.1,42.7,42.5,8,0,1.0
SEG_16,2025-06-10,29.4,61.3,25.1,9,0,1.0
SEG_16,2025-06-11,8.1,58.6,35.6,10,0,1.0
SEG_16,2025-06-12,5.0,42.5,31.7,11,0,1.0
SEG_16,2025-06-13,12.1,25.1,28.7,12,0,1.0
SEG_16,2025-06-14,18.6,35.6,21.2,13,0,1.0
SEG_16,2025-06-15,1.0,31.7,30.1,14,0,1.0
SEG_16,2025-06-16,9.1,28.7,24.2,15,0,1.0
SEG_16,2025-06-17,11.1,21.2,22.2,16,1,0.0
SEG_16,2025-06-18,9.9,30.1,23.5,17,0,1.0
SEG_16,2025-06-19,3.2,24.2,26.2,18,0,1.0
SEG_16,2025-06-20,9.1,22.2,32.6,19,0,1.0
SEG_16,2025-06-21,11.3,23.5,44.7,20,0,1.0
SEG_16,2025-06-22,5.8,26.2,62.8,21,0,1.0
SEG_16,2025-06-23,15.5,32.6,54.4,22,0,1.0
SEG_16,2025-06-24,23.3,44.7,49.4,23,0,1.0
SEG_16,2025-06-25,23.9,62.8,42.6,24,0,1.0
SEG_16,2025-06-26,7.1,54.4,77.5,25,0,1.0
SEG_16,2025-06-27,18.3,49.4,77.6,26,0,1.0
SEG_16,2025-06-28,17.2,42.6,79.6,27,0,1.0
SEG_16,2025-06-29,42.0,77.5,64.3,28,0,1.0
SEG_16,2025-06-30,18.4,77.6,49.9,29,0,1.0
SEG_16,2025-07-01,19.2,79.6,44.1,30,0,1.0
SEG_16,2025-07-02,26.7,64.3,55.4,31,0,0.0
SEG_16,2025-07-03,4.0,49.9,89.9,32,0,0.0
SEG_16,2025-07-04,13.3,44.1,85.7,33,0,0.0
SEG_16,2025-07-05,38.0,55.4,85.0,34,0,0.0
SEG_16,2025-07-06,38.6,89.9,56.7,35,1,0.0
SEG_16,2025-07-07,9.1,85.7,63.6,36,1,1.0
SEG_16,2025-07-08,37.3,85.0,28.9,37,0,2.0
SEG_16,2025-07-09,10.2,56.7,50.7,38,0,2.0
SEG_16,2025-07-10,16.0,63.6,44.6,39,0,2.0
SEG_16,2025-07-11,2.6,28.9,45.2,40,0,2.0
SEG_16,2025-07-12,32.1,50.7,24.6,41,0,2.0
SEG_16,2025-07-13,9.8,44.6,15.4,42,1,2.0
SEG_16,2025-07-14,3.3,45.2,32.6,43,1,3.0
SEG_16,2025-07-15,11.5,24.6,49.2,44,0,4.0
SEG_16,2025-07-16,0.7,15.4,53.7,45,0,4.0
SEG_16,2025-07-17,20.4,32.6,38.2,46,1,4.0
SEG_16,2025-07-18,28.1,49.2,29.5,47,1,5.0
SEG_16,2025-07-19,5.2,53.7,45.4,48,1,6.0
SEG_16,2025-07-20,5.0,38.2,47.9,49,1,7.0
SEG_16,2025-07-21,19.4,29.5,34.4,50,0,7.0
SEG_16,2025-07-22,21.1,45.4,38.0,51,0,6.0
SEG_16,2025-07-23,7.4,47.9,33.5,52,0,6.0
SEG_16,2025-07-24,5.8,34.4,36.3,53,0,6.0
SEG_16,2025-07-25,24.7,38.0,17.3,54,0,6.0
SEG_16,2025-07-26,2.9,33.5,33.5,55,0,6.0
SEG_16,2025-07-27,8.7,36.3,31.0,56,0,6.0
SEG_16,2025-07-28,5.7,17.3,52.3,57,0,5.0
SEG_16,2025-07-29,19.1,33.5,41.6,58,0,4.0
SEG_16,2025-07-30,6.1,31.0,52.2,59,0,4.0
SEG_16,2025-07-31,27.1,52.3,31.4,60,0,4.0
SEG_16,2025-08-01,8.4,41.6,37.4,61,0,3.0
SEG_16,2025-08-02,16.7,52.2,27.6,62,0,2.0
SEG_16,2025-08-03,6.2,31.4,26.1,63,0,1.0
SEG_16,2025-08-04,14.4,37.4,32.7,64,0,0.0
SEG_16,2025-08-05,7.0,27.6,31.8,65,0,0.0
SEG_16,2025-08-06,4.7,26.1,33.2,66,0,0.0
SEG_16,2025-08-07,21.0,32.7,25.7,67,0,0.0
SEG_16,2025-08-08,6.1,31.8,35.0,68,0,0.0
SEG_16,2025-08-09,6.2,33.2,33.4,69,0,0.0
SEG_16,2025-08-10,13.5,25.7,37.9,70,0,0.0
SEG_16,2025-08-11,15.3,35.0,29.1,71,0,0.0
SEG_16,2025-08-12,4.5,33.4,28.0,72,0,0.0
SEG_16,2025-08-13,18.0,37.9,19.7,73,0,0.0
SEG_16,2025-08-14,6.5,29.1,22.8,74,0,0.0
SEG_16,2025-08-15,3.5,28.0,36.2,75,0,0.0
SEG_16,2025-08-16,9.7,19.7,69.6,76,0,0.0
SEG_16,2025-08-17,9.6,22.8,73.4,77,0,0.0
SEG_16,2025-08-18,17.0,36.2,75.1,78,0,0.0
SEG_16,2025-08-19,43.1,69.6,34.6,79,0,0.0
SEG_16,2025-08-20,13.3,73.4,49.2,80,0,0.0
SEG_16,2025-08-21,18.7,75.1,41.5,81,0,0.0
SEG_16,2025-08-22,2.6,34.6,42.8,82,0,0.0
SEG_16,2025-08-23,27.9,49.2,42.0,83,0,0.0
SEG_16,2025-08-24,11.0,41.5,42.4,84,0,0.0
SEG_16,2025-08-25,3.8,42.8,62.8,85,0,0.0
SEG_16,2025-08-26,27.2,42.0,81.8,86,0,0.0
SEG_16,2025-08-27,11.4,42.4,73.3,87,0,0.0
SEG_16,2025-08-28,24.2,62.8,55.4,88,0,0.0
SEG_16,2025-08-29,46.2,81.8,30.4,89,0,0.0
SEG_16,2025-08-30,2.9,73.3,39.6,90,0,0.0
SEG_16,2025-08-31,6.3,55.4,34.0,91,0,0.0
SEG_16,2025-09-01,21.2,30.4,21.7,92,0,0.0
SEG_16,2025-09-02,12.0,39.6,19.7,93,0,0.0
SEG_16,2025-09-03,0.8,34.0,30.3,94,0,0.0
SEG_16,2025-09-04,8.8,21.7,27.6,95,0,0.0
SEG_16,2025-09-05,10.1,19.7,50.4,96,0,0.0
SEG_16,2025-09-06,11.4,30.3,41.6,97,0,0.0
SEG_16,2025-09-07,6.1,27.6,51.5,98,0,0.0
SEG_16,2025-09-08,32.9,50.4,26.1,99,0,0.0
SEG_16,2025-09-09,2.6,41.6,30.6,100,0,0.0
SEG_16,2025-09-10,16.1,51.5,44.5,101,0,0.0
SEG_16,2025-09-11,7.5,26.1,46.6,102,0,0.0
SEG_16,2025-09-12,7.0,30.6,55.7,103,0,0.0
SEG_16,2025-09-13,30.0,44.5,48.0,104,0,0.0
SEG_16,2025-09-14,9.6,46.6,50.9,105,0,0.0
SEG_16,2025-09-15,16.1,55.7,65.0,106,0,0.0
SEG_16,2025-09-16,22.3,48.0,46.1,107,0,0.0
SEG_16,2025-09-17,12.5,50.9,50.5,108,0,0.0
SEG_16,2025-09-18,30.2,65.0,63.7,109,0,0.0
SEG_16,2025-09-19,3.4,46.1,76.1,110,0,0.0
SEG_16,2025-09-20,16.9,50.5,61.2,111,0,0.0
SEG_16,2025-09-21,43.4,63.7,35.1,112,0,0.0
SEG_16,2025-09-22,15.8,76.1,53.1,113,0,0.0
SEG_16,2025-09-23,1.9,61.2,60.1,114,0,0.0
SEG_16,2025-09-24,17.3,35.1,51.6,115,1,0.0
SEG_16,2025-09-25,33.8,53.1,38.4,116,1,1.0
SEG_16,2025-09-26,8.9,60.1,47.5,117,1,2.0
SEG_16,2025-09-27,8.8,51.6,51.4,118,1,3.0
SEG_16,2025-09-28,20.6,38.4,38.4,119,0,4.0
SEG_16,2025-09-29,18.0,47.5,47.5,120,0,4.0
SEG_16,2025-09-30,12.8,51.4,51.4,121,1,4.0
SEG_17,2023-06-01,8.4,8.4,158.3,0,0,0.0
SEG_17,2023-06-02,58.8,67.2,122.6,1,0,0.0
SEG_17,2023-06-03,76.7,143.9,79.6,2,0,0.0
SEG_17,2023-06-04,22.8,158.3,76.6,3,0,0.0
SEG_17,2023-06-05,23.1,122.6,63.0,4,0,0.0
SEG_17,2023-06-06,33.7,79.6,36.2,5,0,0.0
SEG_17,2023-06-07,19.8,76.6,91.4,6,0,0.0
SEG_17,2023-06-08,9.4,63.0,86.7,7,0,0.0
SEG_17,2023-06-09,7.0,36.2,107.9,8,0,0.0
SEG_17,2023-06-10,75.0,91.4,38.4,9,0,0.0
SEG_17,2023-06-11,4.7,86.7,54.2,10,0,0.0
SEG_17,2023-06-12,28.2,107.9,42.8,11,0,0.0
SEG_17,2023-06-13,5.4,38.4,43.8,12,0,0.0
SEG_17,2023-06-14,20.5,54.2,57.8,13,0,0.0
SEG_17,2023-06-15,16.9,42.8,49.7,14,0,0.0
SEG_17,2023-06-16,6.3,43.8,48.9,15,0,0.0
SEG_17,2023-06-17,34.6,57.8,51.6,16,0,0.0
SEG_17,2023-06-18,8.8,49.7,59.7,17,0,0.0
SEG_17,2023-06-19,5.5,48.9,66.2,18,0,0.0
SEG_17,2023-06-20,37.2,51.6,67.7,19,0,0.0
SEG_17,2023-06-21,17.0,59.7,59.2,20,0,0.0
SEG_17,2023-06-22,12.0,66.2,51.5,21,0,0.0
SEG_17,2023-06-23,38.8,67.7,63.7,22,0,0.0
SEG_17,2023-06-24,8.4,59.2,123.5,23,0,0.0
SEG_17,2023-06-25,4.2,51.5,139.5,24,0,0.0
SEG_17,2023-06-26,51.1,63.7,108.3,25,0,0.0
SEG_17,2023-06-27,68.2,123.5,80.4,26,1,0.0
SEG_17,2023-06-28,20.1,139.5,108.0,27,1,1.0
SEG_17,2023-06-29,19.9,108.3,97.4,28,1,2.0
SEG_17,2023-06-30,40.4,80.4,74.6,29,1,3.0
SEG_17,2023-07-01,47.7,108.0,53.6,30,0,4.0
SEG_17,2023-07-02,9.3,97.4,83.1,31,0,4.0
SEG_17,2023-07-03,17.6,74.6,101.4,32,1,4.0
SEG_17,2023-07-04,26.7,53.6,106.8,33,0,5.0
SEG_17,2023-07-05,38.8,83.1,115.7,34,0,5.0
SEG_17,2023-07-06,36.0,101.4,100.9,35,0,5.0
SEG_17,2023-07-07,32.1,106.8,128.0,36,0,5.0
SEG_17,2023-07-08,47.6,115.7,94.6,37,1,5.0
SEG_17,2023-07-09,21.2,100.9,109.8,38,1,6.0
SEG_17,2023-07-10,59.1,128.0,66.6,39,1,7.0
SEG_17,2023-07-11,14.3,94.6,72.7,40,0,8.0
SEG_17,2023-07-12,36.4,109.8,59.2,41,0,7.0
SEG_17,2023-07-13,16.0,66.6,58.5,42,0,6.0
SEG_17,2023-07-14,20.4,72.7,87.1,43,0,5.0
SEG_17,2023-07-15,22.8,59.2,80.9,44,0,4.0
SEG_17,2023-07-16,15.3,58.5,87.6,45,0,4.0
SEG_17,2023-07-17,49.0,87.1,72.0,46,0,4.0
SEG_17,2023-07-18,16.6,80.9,151.8,47,0,3.0
SEG_17,2023-07-19,22.0,87.6,164.2,48,1,3.0
SEG_17,2023-07-20,33.5,72.0,154.2,49,1,4.0
SEG_17,2023-07-21,96.4,151.8,61.2,50,0,5.0
SEG_17,2023-07-22,34.3,164.2,46.9,51,0,5.0
SEG_17,2023-07-23,23.4,154.2,36.6,52,0,4.0
SEG_17,2023-07-24,3.5,61.2,50.5,53,0,3.0
SEG_17,2023-07-25,20.0,46.9,46.3,54,0,2.0
SEG_17,2023-07-26,13.1,36.6,66.4,55,0,2.0
SEG_17,2023-07-27,17.4,50.5,68.6,56,1,2.0
SEG_17,2023-07-28,15.7,46.3,63.5,57,1,3.0
SEG_17,2023-07-29,33.2,66.4,71.8,58,0,4.0
SEG_17,2023-07-30,19.6,68.6,59.8,59,0,4.0
SEG_17,2023-07-31,10.7,63.5,71.8,60,0,4.0
SEG_17,2023-08-01,41.5,71.8,50.4,61,0,4.0
SEG_17,2023-08-02,7.6,59.8,71.5,62,0,4.0
SEG_17,2023-08-03,22.7,71.8,96.8,63,0,3.0
SEG_17,2023-08-04,20.1,50.4,182.7,64,0,2.0
SEG_17,2023-08-05,28.8,71.5,177.3,65,0,2.0
SEG_17,2023-08-06,48.0,96.8,142.3,66,1,2.0
SEG_17,2023-08-07,105.9,182.7,48.4,67,1,3.0
SEG_17,2023-08-08,23.4,177.3,36.8,68,1,4.0
SEG_17,2023-08-09,13.0,142.3,51.9,69,1,5.0
SEG_17,2023-08-10,12.0,48.4,42.6,70,1,6.0
SEG_17,2023-08-11,11.9,36.8,37.9,71,1,6.0
SEG_17,2023-08-12,28.1,51.9,37.9,72,0,6.0
SEG_17,2023-08-13,2.6,42.6,78.2,73,0,6.0
SEG_17,2023-08-14,7.2,37.9,114.1,74,1,6.0
SEG_17,2023-08-15,28.1,37.9,110.3,75,1,7.0
SEG_17,2023-08-16,42.9,78.2,106.6,76,1,8.0
SEG_17,2023-08-17,43.1,114.1,112.0,77,0,9.0
SEG_17,2023-08-18,24.3,110.3,104.1,78,0,9.0
SEG_17,2023-08-19,39.2,106.6,110.1,79,0,9.0
SEG_17,2023-08-20,48.5,112.0,66.7,80,1,9.0
SEG_17,2023-08-21,16.4,104.1,57.3,81,1,9.0
SEG_17,2023-08-22,45.2,110.1,29.3,82,1,9.0
SEG_17,2023-08-23,5.1,66.7,28.6,83,1,9.0
SEG_17,2023-08-24,7.0,57.3,55.2,84,1,9.0
SEG_17,2023-08-25,17.2,29.3,52.5,85,1,9.0
SEG_17,2023-08-26,4.4,28.6,68.4,86,0,9.0
SEG_17,2023-08-27,33.6,55.2,55.5,87,0,9.0
SEG_17,2023-08-28,14.5,52.5,57.9,88,0,9.0
SEG_17,2023-08-29,20.2,68.4,49.5,89,0,8.0
SEG_17,2023-08-30,20.8,55.5,61.2,90,0,7.0
SEG_17,2023-08-31,16.8,57.9,58.6,91,0,6.0
SEG_17,2023-09-01,11.8,49.5,67.3,92,0,6.0
SEG_17,2023-09-02,32.5,61.2,63.9,93,0,6.0
SEG_17,2023-09-03,14.3,58.6,97.9,94,0,6.0
SEG_17,2023-09-04,20.6,67.3,123.0,95,1,5.0
SEG_17,2023-09-05,29.0,63.9,109.3,96,1,5.0
SEG_17,2023-09-06,48.2,97.9,72.3,97,1,5.0
SEG_17,2023-09-07,45.7,123.0,81.5,98,1,5.0
SEG_17,2023-09-08,15.3,109.3,80.4,99,1,5.0
SEG_17,2023-09-09,11.3,72.3,100.7,100,0,5.0
SEG_17,2023-09-10,54.9,81.5,50.0,101,0,5.0
SEG_17,2023-09-11,14.2,80.4,38.3,102,0,5.0
SEG_17,2023-09-12,31.6,100.7,30.1,103,0,5.0
SEG_17,2023-09-13,4.2,50.0,44.5,104,0,5.0
SEG_17,2023-09-14,2.5,38.3,79.4,105,0,5.0
SEG_17,2023-09-15,23.4,30.1,67.9,106,0,5.0
SEG_17,2023-09-16,18.5,44.5,76.9,107,0,5.0
SEG_17,2023-09-17,37.4,79.4,75.5,108,0,5.0
SEG_17,2023-09-18,12.0,67.9,75.9,109,0,5.0
SEG_17,2023-09-19,27.5,76.9,65.6,110,0,4.0
SEG_17,2023-09-20,36.1,75.5,37.9,111,0,3.0
SEG_17,2023-09-21,12.4,75.9,63.9,112,0,2.0
SEG_17,2023-09-22,17.2,65.6,79.5,113,0,1.0
SEG_17,2023-09-23,8.4,37.9,105.7,114,0,0.0
SEG_17,2023-09-24,38.4,63.9,85.8,115,0,0.0
SEG_17,2023-09-25,32.8,79.5,85.4,116,0,0.0
SEG_17,2023-09-26,34.5,105.7,70.6,117,0,0.0
SEG_17,2023-09-27,18.5,85.8,113.3,118,0,0.0
SEG_17,2023-09-28,32.4,85.4,85.4,119,0,0.0
SEG_17,2023-09-29,19.7,70.6,70.6,120,0,0.0
SEG_17,2023-09-30,61.2,113.3,113.3,121,0,0.0
SEG_17,2024-06-01,3.9,3.9,8.4,0,0,0.0
SEG_17,2024-06-02,2.2,6.0,21.3,1,1,0.0
SEG_17,2024-06-03,3.9,10.0,19.0,2,1,1.0
SEG_17,2024-06-04,2.3,8.4,19.8,3,1,2.0
SEG_17,2024-06-05,15.1,21.3,7.5,4,0,3.0
SEG_17,2024-06-06,1.6,19.0,8.7,5,0,3.0
SEG_17,2024-06-07,3.1,19.8,7.4,6,0,3.0
SEG_17,2024-06-08,2.8,7.5,16.3,7,0,3.0
SEG_17,2024-06-09,2.8,8.7,31.9,8,0,3.0
SEG_17,2024-06-10,1.8,7.4,36.1,9,0,3.0
SEG_17,2024-06-11,11.7,16.3,30.0,10,0,3.0
SEG_17,2024-06-12,18.5,31.9,12.6,11,1,3.0
SEG_17,2024-06-13,6.0,36.1,18.1,12,1,4.0
SEG_17,2024-06-14,5.6,30.0,14.8,13,0,5.0
SEG_17,2024-06-15,1.0,12.6,14.7,14,0,5.0
SEG_17,2024-06-16,11.5,18.1,10.0,15,0,5.0
SEG_17,2024-06-17,2.3,14.8,17.2,16,0,4.0
SEG_17,2024-06-18,0.9,14.7,27.6,17,0,3.0
SEG_17,2024-06-19,6.8,10.0,24.0,18,0,2.0
SEG_17,2024-06-20,9.5,17.2,17.4,19,0,2.0
SEG_17,2024-06-21,11.4,27.6,11.3,20,0,2.0
SEG_17,2024-06-22,3.2,24.0,12.0,21,0,2.0
SEG_17,2024-06-23,2.9,17.4,16.0,22,0,2.0
SEG_17,2024-06-24,5.3,11.3,16.1,23,0,2.0
SEG_17,2024-06-25,3.9,12.0,14.3,24,0,2.0
SEG_17,2024-06-26,6.9,16.0,19.1,25,0,2.0
SEG_17,2024-06-27,5.3,16.1,20.7,26,0,1.0
SEG_17,2024-06-28,2.2,14.3,27.9,27,0,0.0
SEG_17,2024-06-29,11.6,19.1,18.4,28,0,0.0
SEG_17,2024-06-30,6.9,20.7,18.3,29,0,0.0
SEG_17,2024-07-01,9.3,27.9,17.1,30,0,0.0
SEG_17,2024-07-02,2.2,18.4,20.1,31,0,0.0
SEG_17,2024-07-03,6.8,18.3,15.1,32,0,0.0
SEG_17,2024-07-04,8.1,17.1,11.8,33,0,0.0
SEG_17,2024-07-05,5.2,20.1,14.2,34,0,0.0
SEG_17,2024-07-06,1.8,15.1,22.2,35,0,0.0
SEG_17,2024-07-07,4.8,11.8,18.5,36,0,0.0
SEG_17,2024-07-08,7.6,14.2,16.0,37,0,0.0
SEG_17,2024-07-09,9.8,22.2,7.6,38,0,0.0
SEG_17,2024-07-10,1.1,18.5,14.2,39,0,0.0
SEG_17,2024-07-11,5.1,16.0,18.2,40,0,0.0
SEG_17,2024-07-12,1.4,7.6,18.8,41,0,0.0
SEG_17,2024-07-13,7.7,14.2,12.8,42,0,0.0
SEG_17,2024-07-14,9.1,18.2,6.5,43,0,0.0
SEG_17,2024-07-15,2.0,18.8,8.4,44,0,0.0
SEG_17,2024-07-16,1.7,12.8,9.2,45,0,0.0
SEG_17,2024-07-17,2.8,6.5,14.6,46,0,0.0
SEG_17,2024-07-18,4.0,8.4,20.4,47,0,0.0
SEG_17,2024-07-19,2.5,9.2,22.9,48,0,0.0
SEG_17,2024-07-20,8.1,14.6,17.3,49,0,0.0
SEG_17,2024-07-21,9.8,20.4,11.3,50,0,0.0
SEG_17,2024-07-22,4.9,22.9,11.3,51,0,0.0
SEG_17,2024-07-23,2.5,17.3,12.6,52,0,0.0
SEG_17,2024-07-24,3.9,11.3,12.9,53,0,0.0
SEG_17,2024-07-25,4.9,11.3,17.3,54,0,0.0
SEG_17,2024-07-26,3.8,12.6,15.9,55,0,0.0
SEG_17,2024-07-27,4.3,12.9,27.6,56,1,0.0
SEG_17,2024-07-28,9.3,17.3,23.3,57,1,1.0
SEG_17,2024-07-29,2.4,15.9,24.5,58,0,2.0
SEG_17,2024-07-30,15.9,27.6,11.0,59,0,2.0
SEG_17,2024-07-31,5.0,23.3,8.5,60,0,2.0
SEG_17,2024-08-01,3.6,24.5,9.5,61,0,2.0
SEG_17,2024-08-02,2.3,11.0,12.1,62,0,2.0
SEG_17,2024-08-03,2.5,8.5,13.1,63,1,2.0
SEG_17,2024-08-04,4.6,9.5,9.9,64,1,3.0
SEG_17,2024-08-05,5.0,12.1,9.5,65,0,4.0
SEG_17,2024-08-06,3.5,13.1,8.6,66,0,4.0
SEG_17,2024-08-07,1.4,9.9,8.0,67,0,4.0
SEG_17,2024-08-08,4.6,9.5,10.5,68,0,4.0
SEG_17,2024-08-09,2.6,8.6,8.9,69,0,4.0
SEG_17,2024-08-10,0.9,8.0,11.4,70,0,4.0
SEG_17,2024-08-11,7.1,10.5,8.6,71,0,3.0
SEG_17,2024-08-12,1.0,8.9,18.2,72,0,2.0
SEG_17,2024-08-13,3.4,11.4,15.8,73,0,2.0
SEG_17,2024-08-14,4.2,8.6,19.2,74,0,2.0
SEG_17,2024-08-15,10.7,18.2,16.9,75,0,2.0
SEG_17,2024-08-16,0.9,15.8,28.9,76,0,2.0
SEG_17,2024-08-17,7.6,19.2,30.9,77,0,2.0
SEG_17,2024-08-18,8.4,16.9,26.7,78,0,1.0
SEG_17,2024-08-19,12.9,28.9,21.7,79,0,0.0
SEG_17,2024-08-20,9.6,30.9,23.2,80,0,0.0
SEG_17,2024-08-21,4.3,26.7,19.6,81,0,0.0
SEG_17,2024-08-22,7.8,21.7,13.1,82,0,0.0
SEG_17,2024-08-23,11.0,23.2,7.5,83,0,0.0
SEG_17,2024-08-24,0.7,19.6,15.2,84,0,0.0
SEG_17,2024-08-25,1.4,13.1,20.7,85,0,0.0
SEG_17,2024-08-26,5.4,7.5,21.0,86,0,0.0
SEG_17,2024-08-27,8.4,15.2,25.4,87,0,0.0
SEG_17,2024-08-28,6.9,20.7,22.0,88,0,0.0
SEG_17,2024-08-29,5.8,21.0,18.7,89,0,0.0
SEG_17,2024-08-30,12.8,25.4,8.9,90,0,0.0
SEG_17,2024-08-31,3.5,22.0,10.9,91,0,0.0
SEG_17,2024-09-01,2.5,18.7,12.6,92,0,0.0
SEG_17,2024-09-02,3.0,8.9,18.3,93,0,0.0
SEG_17,2024-09-03,5.5,10.9,15.4,94,0,0.0
SEG_17,2024-09-04,4.2,12.6,17.3,95,0,0.0
SEG_17,2024-09-05,8.7,18.3,16.5,96,0,0.0
SEG_17,2024-09-06,2.6,15.4,24.9,97,0,0.0
SEG_17,2024-09-07,6.0,17.3,20.5,98,0,0.0
SEG_17,2024-09-08,7.9,16.5,15.6,99,0,0.0
SEG_17,2024-09-09,11.0,24.9,8.5,100,1,0.0
SEG_17,2024-09-10,1.6,20.5,8.1,101,0,1.0
SEG_17,2024-09-11,2.9,15.6,10.9,102,0,1.0
SEG_17,2024-09-12,3.9,8.5,12.6,103,0,1.0
SEG_17,2024-09-13,1.2,8.1,16.7,104,0,1.0
SEG_17,2024-09-14,5.7,10.9,14.7,105,0,1.0
SEG_17,2024-09-15,5.7,12.6,19.3,106,0,1.0
SEG_17,2024-09-16,5.3,16.7,17.0,107,0,1.0
SEG_17,2024-09-17,3.7,14.7,22.8,108,0,1.0
SEG_17,2024-09-18,10.2,19.3,15.5,109,0,1.0
SEG_17,2024-09-19,3.0,17.0,14.1,110,0,1.0
SEG_17,2024-09-20,9.6,22.8,8.8,111,0,1.0
SEG_17,2024-09-21,2.9,15.5,10.8,112,0,1.0
SEG_17,2024-09-22,1.6,14.1,15.3,113,0,1.0
SEG_17,2024-09-23,4.3,8.8,11.5,114,0,1.0
SEG_17,2024-09-24,4.9,10.8,10.0,115,0,0.0
SEG_17,2024-09-25,6.1,15.3,19.0,116,0,0.0
SEG_17,2024-09-26,0.5,11.5,21.4,117,0,0.0
SEG_17,2024-09-27,3.4,10.0,26.4,118,0,0.0
SEG_17,2024-09-28,15.2,19.0,19.0,119,0,0.0
SEG_17,2024-09-29,2.8,21.4,21.4,120,0,0.0
SEG_17,2024-09-30,8.5,26.4,26.4,121,0,0.0
SEG_17,2025-06-01,15.1,15.1,39.4,0,0,0.0
SEG_17,2025-06-02,16.0,31.0,73.3,1,0,0.0
SEG_17,2025-06-03,13.7,44.8,72.4,2,0,0.0
SEG_17,2025-06-04,9.7,39.4,66.3,3,0,0.0
SEG_17,2025-06-05,49.9,73.3,50.7,4,1,0.0
SEG_17,2025-06-06,12.9,72.4,78.2,5,1,1.0
SEG_17,2025-06-07,3.5,66.3,87.1,6,1,2.0
SEG_17,2025-06-08,34.2,50.7,95.2,7,1,3.0
SEG_17,2025-06-09,40.5,78.2,61.9,8,0,4.0
SEG_17,2025-06-10,12.4,87.1,78.0,9,0,4.0
SEG_17,2025-06-11,42.3,95.2,63.2,10,1,4.0
SEG_17,2025-06-12,7.2,61.9,94.4,11,1,5.0
SEG_17,2025-06-13,28.4,78.0,81.8,12,1,6.0
SEG_17,2025-06-14,27.6,63.2,71.6,13,1,7.0
SEG_17,2025-06-15,38.4,94.4,91.5,14,0,8.0
SEG_17,2025-06-16,15.9,81.8,82.5,15,0,8.0
SEG_17,2025-06-17,17.3,71.6,78.7,16,0,8.0
SEG_17,2025-06-18,58.3,91.5,44.1,17,0,8.0
SEG_17,2025-06-19,7.0,82.5,60.6,18,0,8.0
SEG_17,2025-06-20,13.4,78.7,53.2,19,0,7.0
SEG_17,2025-06-21,23.7,44.1,46.5,20,0,6.0
SEG_17,2025-06-22,23.5,60.6,40.4,21,1,5.0
SEG_17,2025-06-23,6.0,53.2,46.4,22,1,5.0
SEG_17,2025-06-24,17.0,46.5,37.1,23,1,6.0
SEG_17,2025-06-25,17.4,40.4,28.7,24,0,7.0
SEG_17,2025-06-26,12.0,46.4,23.6,25,0,6.0
SEG_17,2025-06-27,7.7,37.1,23.7,26,0,5.0
SEG_17,2025-06-28,9.0,28.7,34.5,27,0,4.0
SEG_17,2025-06-29,6.9,23.6,83.8,28,0,3.0
SEG_17,2025-06-30,7.8,23.7,99.8,29,0,3.0
SEG_17,2025-07-01,19.9,34.5,103.9,30,0,3.0
SEG_17,2025-07-02,56.2,83.8,64.4,31,1,3.0
SEG_17,2025-07-03,23.7,99.8,71.5,32,1,4.0
SEG_17,2025-07-04,24.0,103.9,91.7,33,1,5.0
SEG_17,2025-07-05,16.7,64.4,85.1,34,1,6.0
SEG_17,2025-07-06,30.7,71.5,59.2,35,0,7.0
SEG_17,2025-07-07,44.3,91.7,38.2,36,0,6.0
SEG_17,2025-07-08,10.1,85.1,41.2,37,0,5.0
SEG_17,2025-07-09,4.8,59.2,49.6,38,0,4.0
SEG_17,2025-07-10,23.4,38.2,28.0,39,0,4.0
SEG_17,2025-07-11,13.1,41.2,21.3,40,0,4.0
SEG_17,2025-07-12,13.1,49.6,22.2,41,0,4.0
SEG_17,2025-07-13,1.8,28.0,34.4,42,0,4.0
SEG_17,2025-07-14,6.4,21.3,42.3,43,0,4.0
SEG_17,2025-07-15,14.0,22.2,42.8,44,0,4.0
SEG_17,2025-07-16,13.9,34.4,55.3,45,1,4.0
SEG_17,2025-07-17,14.4,42.3,45.0,46,1,4.0
SEG_17,2025-07-18,14.5,42.8,53.7,47,0,4.0
SEG_17,2025-07-19,26.3,55.3,41.1,48,0,3.0
SEG_17,2025-07-20,4.1,45.0,62.1,49,0,2.0
SEG_17,2025-07-21,23.2,53.7,81.7,50,0,2.0
SEG_17,2025-07-22,13.7,41.1,84.5,51,0,2.0
SEG_17,2025-07-23,25.2,62.1,69.7,52,0,2.0
SEG_17,2025-07-24,42.9,81.7,42.6,53,0,2.0
SEG_17,2025-07-25,16.5,84.5,40.4,54,0,2.0
SEG_17,2025-07-26,10.3,69.7,64.9,55,1,2.0
SEG_17,2025-07-27,15.8,42.6,124.9,56,1,3.0
SEG_17,2025-07-28,14.2,40.4,170.3,57,1,4.0
SEG_17,2025-07-29,34.9,64.9,138.2,58,0,5.0
SEG_17,2025-07-30,75.7,124.9,76.0,59,0,5.0
SEG_17,2025-07-31,59.6,170.3,41.4,60,1,4.0
SEG_17,2025-08-01,2.8,138.2,63.2,61,1,4.0
SEG_17,2025-08-02,13.6,76.0,69.1,62,1,5.0
SEG_17,2025-08-03,25.0,41.4,66.8,63,0,6.0
SEG_17,2025-08-04,24.6,63.2,67.5,64,0,6.0
SEG_17,2025-08-05,19.5,69.1,56.2,65,0,6.0
SEG_17,2025-08-06,22.7,66.8,63.2,66,0,6.0
SEG_17,2025-08-07,25.3,67.5,63.1,67,0,6.0
SEG_17,2025-08-08,8.2,56.2,63.5,68,0,6.0
SEG_17,2025-08-09,29.7,63.2,43.2,69,0,6.0
SEG_17,2025-08-10,25.2,63.1,33.7,70,0,5.0
SEG_17,2025-08-11,8.6,63.5,35.3,71,0,4.0
SEG_17,2025-08-12,9.4,43.2,68.4,72,0,3.0
SEG_17,2025-08-13,15.6,33.7,72.1,73,1,3.0
SEG_17,2025-08-14,10.3,35.3,93.4,74,1,4.0
SEG_17,2025-08-15,42.6,68.4,67.1,75,1,4.0
SEG_17,2025-08-16,19.2,72.1,59.0,76,1,4.0
SEG_17,2025-08-17,31.6,93.4,49.1,77,0,4.0
SEG_17,2025-08-18,16.3,67.1,52.8,78,1,4.0
SEG_17,2025-08-19,11.2,59.0,96.4,79,1,5.0
SEG_17,2025-08-20,21.6,49.1,89.6,80,0,6.0
SEG_17,2025-08-21,20.0,52.8,95.1,81,0,6.0
SEG_17,2025-08-22,54.8,96.4,47.4,82,1,6.0
SEG_17,2025-08-23,14.8,89.6,41.8,83,0,7.0
SEG_17,2025-08-24,25.6,95.1,34.9,84,1,7.0
SEG_17,2025-08-25,7.0,47.4,36.0,85,1,8.0
SEG_17,2025-08-26,9.2,41.8,56.3,86,1,9.0
SEG_17,2025-08-27,18.7,34.9,64.0,87,1,10.0
SEG_17,2025-08-28,8.1,36.0,66.6,88,0,10.0
SEG_17,2025-08-29,29.5,56.3,52.8,89,0,9.0
SEG_17,2025-08-30,26.4,64.0,68.2,90,0,8.0
SEG_17,2025-08-31,10.7,66.6,79.1,91,0,7.0
SEG_17,2025-09-01,15.6,52.8,140.2,92,0,7.0
SEG_17,2025-09-02,41.8,68.2,114.1,93,0,6.0
SEG_17,2025-09-03,21.7,79.1,109.6,94,0,5.0
SEG_17,2025-09-04,76.8,140.2,51.5,95,0,5.0
SEG_17,2025-09-05,15.7,114.1,39.7,96,0,5.0
SEG_17,2025-09-06,17.1,109.6,39.1,97,0,4.0
SEG_17,2025-09-07,18.7,51.5,36.4,98,0,4.0
SEG_17,2025-09-08,3.8,39.7,64.0,99,1,3.0
SEG_17,2025-09-09,16.5,39.1,90.5,100,1,3.0
SEG_17,2025-09-10,16.1,36.4,89.0,101,1,3.0
SEG_17,2025-09-11,31.5,64.0,59.6,102,1,3.0
SEG_17,2025-09-12,43.0,90.5,37.5,103,1,4.0
SEG_17,2025-09-13,14.6,89.0,30.9,104,1,5.0
SEG_17,2025-09-14,2.0,59.6,51.3,105,1,6.0
SEG_17,2025-09-15,21.0,37.5,52.3,106,0,7.0
SEG_17,2025-09-16,8.0,30.9,54.4,107,0,7.0
SEG_17,2025-09-17,22.4,51.3,53.1,108,0,7.0
SEG_17,2025-09-18,21.9,52.3,35.7,109,0,7.0
SEG_17,2025-09-19,10.0,54.4,49.1,110,0,7.0
SEG_17,2025-09-20,21.1,53.1,61.6,111,0,7.0
SEG_17,2025-09-21,4.6,35.7,84.3,112,0,7.0
SEG_17,2025-09-22,23.4,49.1,73.0,113,0,7.0
SEG_17,2025-09-23,33.6,61.6,71.3,114,0,6.0
SEG_17,2025-09-24,27.3,84.3,73.3,115,0,5.0
SEG_17,2025-09-25,12.2,73.0,91.4,116,0,4.0
SEG_17,2025-09-26,31.8,71.3,106.1,117,0,3.0
SEG_17,2025-09-27,29.3,73.3,101.9,118,1,2.0
SEG_17,2025-09-28,30.2,91.4,91.4,119,1,2.0
SEG_17,2025-09-29,46.6,106.1,106.1,120,1,2.0
SEG_17,2025-09-30,25.1,101.9,101.9,121,1,3.0
